Workbook

Sheet 밸런스 문서
Q1: a | R1: b
M2: 경험치 그래프 | Q2: 5 | R2: 15
Q3: =Q2/100 -> 0.05 | R3: =R2/100 -> 0.15
A4: 챕터 | B4: 콘텐츠 진행 순서 | C4: 플레이 난이도 | D4: 플레이 흥미도 | E4: 플레이 목표 | F4: 플레이 난관 | G4: 공략 방법 | H4: 체감 난이도 | I4: 수행 과제 수 | J4: 목표 달성 조건 | K4: 실패 결과 | L4: 예상 소요 시간 | M4: 난이도 조절 요소 | N4: 누적 플레이 시간 | O4: 스테이지 | P4: 콘텐츠 진행 포인트 누적 | Q4: X 콘텐츠 진행 포인트 | R4: Y 진행 요구 숙련도 | S4: 전투 콘텐츠 분류 | T4: 권장 전투 숙련도 | U4: 전투 예상 시간 (초) | V4: 핵심 전투 기믹 | W4: 라이트 유저 (예상 시간 기준) | X4: 미들 유저 | Y4: 헤비 유저 | Z4: 보스가 주는 경험치 | AA4: 해당 레벨의 보스 분포 수 | AB4: 보스 잡는 데 걸리는 시간(초) 보스타입 (근거리) | AC4: 보스 잡는 데 걸리는 시간(초) 보스타입 (원거리) | AD4: 자아마모도(%) | AE4: 인연 시스템 (추가 경험치 획득률%) | AF4: Kill 이벤트 (관문)
A5: 1 | 동생 심부름 | B5: 1 | C5: 1 | D5: 8 | E5: 차한해의 과거 오프닝 감상 | F5: 입양 이후 가족 안에서 희생을 요구받아 온 과거를 보여주는 연출이 길게 이어져 플레이어가 핵심 정보를 놓칠 수 있음 | G5: 핵심 장면의 시선 유도와 짧은 자막을 통해 관계와 감정 변화를 이해함 | H5: 1/10 – 연출 길이와 정보량이 난이도를 결정함 | I5: 1 | J5: 오프닝 재생이 끝나면 자동 완료 | K5: - | L5: 1분 30초 | M5: 스킵·다시 보기 기능 제공 | N5: =(IFERROR(VALUE(LEFT(L5,FIND("분",L5)-1))*60,0)+IFERROR(VALUE(TRIM(MID(L5,IFERROR(FIND("분",L5),0)+1,IFERROR(FIND("초",L5),LEN(L5)+1)-IFERROR(FIND("분",L5),0)-1))),0))/86400 -> 0.0010416667 | O5: 1-A | 집·튜토리얼 | P5: =Q5 -> 4 | Q5: 4 | R5: =ROUND($Q$3*P5*P5+$R$3*P5,2) -> 1.4 | S5: 비전투 | T5: — | U5: — | V5: — | W5: 0.0012152778 | X5: 0.001099537 | Y5: 0.0010416667 | AD5: -
A6: 1 | 동생 심부름 | B6: 2 | C6: 1 | D6: 3 | E6: 빨래 개기 | F6: 조사 가능한 가구가 많아 조작 가능한 대상을 바로 알아보기 어려움 | G6: 주인공 주변의 상호작용 표시를 확인하고 조사 키를 누름 | H6: 1/10 – 상호작용 표시의 가시성과 조사 범위가 난이도를 결정함 | I6: 1 | J6: 소파 옆 주인공에서 조사 입력 1회 완료 | K6: - | L6: 20초 | M6: 첫 상호작용 대상에 반짝임 표시 | N6: =N5+(IFERROR(VALUE(LEFT(L6,FIND("분",L6)-1))*60,0)+IFERROR(VALUE(TRIM(MID(L6,IFERROR(FIND("분",L6),0)+1,IFERROR(FIND("초",L6),LEN(L6)+1)-IFERROR(FIND("분",L6),0)-1))),0))/86400 -> 0.0012731481 | O6: 1-A | 집·튜토리얼 | P6: =P5+Q6 -> 6 | Q6: 2 | R6: =ROUND($Q$3*P6*P6+$R$3*P6,2) -> 2.7 | S6: 비전투 | T6: — | U6: — | V6: — | W6: 0.00028935185 | X6: 0.00028935185 | Y6: 0.00023148148 | AD6: -
A7: 1 | 동생 심부름 | B7: 3 | C7: 1 | D7: 5 | E7: 동생에게 심부름 지시 받기 | F7: 대화 속에 다음 목적지와 필요한 물품 정보가 섞여 있음 | G7: 강조되는 핵심 단어와 NPC의 요구를 확인하며 대화를 끝까지 진행함 | H7: 1/10 – 대사 길이·핵심 정보의 명확성·선택지 수가 난이도를 결정함 | I7: 1 | J7: 신상 과자·헤어롤·팝콘 심부름에 관한 대화를 마지막 문장까지 진행 | K7: - | L7: 1분 | M7: 대화 종료 후 핵심 내용을 화면 한쪽에 요약 표시 | N7: =N6+(IFERROR(VALUE(LEFT(L7,FIND("분",L7)-1))*60,0)+IFERROR(VALUE(TRIM(MID(L7,IFERROR(FIND("분",L7),0)+1,IFERROR(FIND("초",L7),LEN(L7)+1)-IFERROR(FIND("분",L7),0)-1))),0))/86400 -> 0.0019675926 | O7: 1-A | 집·튜토리얼 | P7: =P6+Q7 -> 9 | Q7: 3 | R7: =ROUND($Q$3*P7*P7+$R$3*P7,2) -> 5.4 | S7: 비전투 | T7: — | U7: — | V7: — | W7: 0.00081018519 | X7: 0.00075231481 | Y7: 0.00069444444 | AD7: -
A8: 1 | 동생 심부름 | B8: 4 | C8: 1 | D8: 3 | E8: 이동 조작 안내 확인 | F8: 여러 조작을 한 번에 제시하면 입력 방법을 혼동할 수 있음 | G8: 화면에 표시되는 키를 순서대로 입력하고 각 동작의 결과를 확인함 | H8: 1/10 – 동시에 제시되는 조작 수와 입력 허용 시간이 난이도를 결정함 | I8: 4 | J8: 상하좌우 이동과 조사 키를 안내 순서대로 모두 수행 | K8: - | L8: 40초 | M8: 입력하지 않은 키 안내를 계속 유지 | N8: =N7+(IFERROR(VALUE(LEFT(L8,FIND("분",L8)-1))*60,0)+IFERROR(VALUE(TRIM(MID(L8,IFERROR(FIND("분",L8),0)+1,IFERROR(FIND("초",L8),LEN(L8)+1)-IFERROR(FIND("분",L8),0)-1))),0))/86400 -> 0.0024305556 | O8: 1-A | 집·튜토리얼 | P8: =P7+Q8 -> 11 | Q8: 2 | R8: =ROUND($Q$3*P8*P8+$R$3*P8,2) -> 7.7 | S8: 비전투 | T8: — | U8: — | V8: — | W8: 0.0005787037 | X8: 0.00052083333 | Y8: 0.00046296296 | AD8: -
A9: 1 | 동생 심부름 | B9: 5 | C9: 1 | D9: 3 | E9: 현관으로 이동하기 | F9: 갈림길과 주변 상호작용 오브젝트 때문에 목적지 방향을 놓칠 수 있음 | G9: 표지판·미니맵·NPC 이동 방향을 확인하며 거실에서 현관문까지 이동함 | H9: 1/10 – 맵 크기·갈림길 수·목적지 표식의 가시성이 난이도를 결정함 | I9: 1 | J9: 거실에서 현관문의 도착 트리거에 진입 | K9: - | L9: 30초 | M9: 일정 시간 정체 시 목적지 방향 화살표 표시 | N9: =N8+(IFERROR(VALUE(LEFT(L9,FIND("분",L9)-1))*60,0)+IFERROR(VALUE(TRIM(MID(L9,IFERROR(FIND("분",L9),0)+1,IFERROR(FIND("초",L9),LEN(L9)+1)-IFERROR(FIND("분",L9),0)-1))),0))/86400 -> 0.0027777778 | O9: 1-A | 집·튜토리얼 | P9: =P8+Q9 -> 13 | Q9: 2 | R9: =ROUND($Q$3*P9*P9+$R$3*P9,2) -> 10.4 | S9: 비전투 | T9: — | U9: — | V9: — | W9: 0.00040509259 | X9: 0.00040509259 | Y9: 0.00034722222 | AD9: -
A10: 1 | 동생 심부름 | B10: 6 | C10: 1 | D10: 5 | E10: 집 밖으로 나가기 | F10: 조사 대상이 배경 오브젝트와 비슷해 상호작용 가능 여부를 놓칠 수 있음 | G10: 현관문 가까이 이동한 뒤 상호작용 아이콘이 나타날 때 조사함 | H10: 1/10 – 조사 대상의 크기·배경과의 대비·상호작용 범위가 난이도를 결정함 | I10: 1 | J10: 현관문 조사 완료 | K10: - | L10: 20초 | M10: 상호작용 가능 범위를 넓히고 아이콘 표시 | N10: =N9+(IFERROR(VALUE(LEFT(L10,FIND("분",L10)-1))*60,0)+IFERROR(VALUE(TRIM(MID(L10,IFERROR(FIND("분",L10),0)+1,IFERROR(FIND("초",L10),LEN(L10)+1)-IFERROR(FIND("분",L10),0)-1))),0))/86400 -> 0.0030092593 | O10: 1-A | 집·튜토리얼 | P10: =P9+Q10 -> 16 | Q10: 3 | R10: =ROUND($Q$3*P10*P10+$R$3*P10,2) -> 15.2 | S10: 비전투 | T10: — | U10: — | V10: — | W10: 0.00028935185 | X10: 0.00028935185 | Y10: 0.00023148148 | AD10: -
A11: 1 | 동생 심부름 | B11: 7 | C11: 2 | D11: 5 | E11: 편의점으로 이동하기 | F11: 갈림길과 주변 상호작용 오브젝트 때문에 목적지 방향을 놓칠 수 있음 | G11: 표지판·미니맵·NPC 이동 방향을 확인하며 아파트에서 편의점까지 이동함 | H11: 2/10 – 맵 크기·갈림길 수·목적지 표식의 가시성이 난이도를 결정함 | I11: 1 | J11: 아파트에서 편의점의 도착 트리거에 진입 | K11: - | L11: 1분 15초 | M11: 일정 시간 정체 시 목적지 방향 화살표 표시 | N11: =N10+(IFERROR(VALUE(LEFT(L11,FIND("분",L11)-1))*60,0)+IFERROR(VALUE(TRIM(MID(L11,IFERROR(FIND("분",L11),0)+1,IFERROR(FIND("초",L11),LEN(L11)+1)-IFERROR(FIND("분",L11),0)-1))),0))/86400 -> 0.0038773148 | O11: 1-B | 편의점 | P11: =P10+Q11 -> 19 | Q11: 3 | R11: =ROUND($Q$3*P11*P11+$R$3*P11,2) -> 20.9 | S11: 비전투 | T11: — | U11: — | V11: — | W11: 0.0010416667 | X11: 0.00092592593 | Y11: 0.00086805556 | AD11: -
A12: 1 | 동생 심부름 | B12: 8 | C12: 2 | D12: 6 | E12: 신상 과자 진열대 찾기 | F12: 비슷한 오브젝트와 진열대가 많아 목표 대상을 한 번에 찾기 어려움 | G12: 구역별 표지와 상품 외형을 비교하며 편의점 안 신상 과자 진열대를 조사함 | H12: 3/10 – 후보 오브젝트 수·외형 유사도·탐색 범위가 난이도를 결정함 | I12: 4 | J12: 편의점 안 신상 과자 진열대 발견 및 조사 완료 | K12: - | L12: 1분 30초 | M12: 30초 이상 미발견 시 목표 구역에 약한 반짝임 표시 | N12: =N11+(IFERROR(VALUE(LEFT(L12,FIND("분",L12)-1))*60,0)+IFERROR(VALUE(TRIM(MID(L12,IFERROR(FIND("분",L12),0)+1,IFERROR(FIND("초",L12),LEN(L12)+1)-IFERROR(FIND("분",L12),0)-1))),0))/86400 -> 0.0049189815 | O12: 1-B | 편의점 | P12: =P11+Q12 -> 23 | Q12: 4 | R12: =ROUND($Q$3*P12*P12+$R$3*P12,2) -> 29.9 | S12: 비전투 | T12: — | U12: — | V12: — | W12: 0.0012152778 | X12: 0.001099537 | Y12: 0.0010416667 | AD12: -
A13: 1 | 동생 심부름 | B13: 9 | C13: 1 | D13: 5 | E13: 품절 안내 조사하기 | F13: 조사 대상이 배경 오브젝트와 비슷해 상호작용 가능 여부를 놓칠 수 있음 | G13: 비어 있는 진열칸과 손글씨 품절 안내 가까이 이동한 뒤 상호작용 아이콘이 나타날 때 조사함 | H13: 2/10 – 조사 대상의 크기·배경과의 대비·상호작용 범위가 난이도를 결정함 | I13: 2 | J13: 비어 있는 진열칸과 손글씨 품절 안내 조사 완료 | K13: - | L13: 35초 | M13: 상호작용 가능 범위를 넓히고 아이콘 표시 | N13: =N12+(IFERROR(VALUE(LEFT(L13,FIND("분",L13)-1))*60,0)+IFERROR(VALUE(TRIM(MID(L13,IFERROR(FIND("분",L13),0)+1,IFERROR(FIND("초",L13),LEN(L13)+1)-IFERROR(FIND("분",L13),0)-1))),0))/86400 -> 0.0053240741 | O13: 1-B | 편의점 | P13: =P12+Q13 -> 25 | Q13: 2 | R13: =ROUND($Q$3*P13*P13+$R$3*P13,2) -> 35 | S13: 비전투 | T13: — | U13: — | V13: — | W13: 0.00052083333 | X13: 0.00046296296 | Y13: 0.00040509259 | AD13: -
A14: 1 | 동생 심부름 | B14: 10 | C14: 1 | D14: 6 | E14: 알바생 NPC와 대화하기 | F14: 대화 속에 다음 목적지와 필요한 물품 정보가 섞여 있음 | G14: 강조되는 핵심 단어와 NPC의 요구를 확인하며 대화를 끝까지 진행함 | H14: 2/10 – 대사 길이·핵심 정보의 명확성·선택지 수가 난이도를 결정함 | I14: 1 | J14: 재입고 시간과 물류 트럭 정보에 관한 대화를 마지막 문장까지 진행 | K14: - | L14: 1분 15초 | M14: 대화 종료 후 핵심 내용을 화면 한쪽에 요약 표시 | N14: =N13+(IFERROR(VALUE(LEFT(L14,FIND("분",L14)-1))*60,0)+IFERROR(VALUE(TRIM(MID(L14,IFERROR(FIND("분",L14),0)+1,IFERROR(FIND("초",L14),LEN(L14)+1)-IFERROR(FIND("분",L14),0)-1))),0))/86400 -> 0.0061921296 | O14: 1-B | 편의점 | P14: =P13+Q14 -> 28 | Q14: 3 | R14: =ROUND($Q$3*P14*P14+$R$3*P14,2) -> 43.4 | S14: 비전투 | T14: — | U14: — | V14: — | W14: 0.0010416667 | X14: 0.00092592593 | Y14: 0.00086805556 | AD14: -
A15: 1 | 동생 심부름 | B15: 11 | C15: 2 | D15: 5 | E15: 다이소로 이동하기 | F15: 갈림길과 주변 상호작용 오브젝트 때문에 목적지 방향을 놓칠 수 있음 | G15: 표지판·미니맵·NPC 이동 방향을 확인하며 편의점에서 다이소까지 이동함 | H15: 2/10 – 맵 크기·갈림길 수·목적지 표식의 가시성이 난이도를 결정함 | I15: 1 | J15: 편의점에서 다이소의 도착 트리거에 진입 | K15: - | L15: 1분 30초 | M15: 일정 시간 정체 시 목적지 방향 화살표 표시 | N15: =N14+(IFERROR(VALUE(LEFT(L15,FIND("분",L15)-1))*60,0)+IFERROR(VALUE(TRIM(MID(L15,IFERROR(FIND("분",L15),0)+1,IFERROR(FIND("초",L15),LEN(L15)+1)-IFERROR(FIND("분",L15),0)-1))),0))/86400 -> 0.0072337963 | O15: 1-C | 다이소 | P15: =P14+Q15 -> 31 | Q15: 3 | R15: =ROUND($Q$3*P15*P15+$R$3*P15,2) -> 52.7 | S15: 비전투 | T15: — | U15: — | V15: — | W15: 0.0012152778 | X15: 0.001099537 | Y15: 0.0010416667 | AD15: -
A16: 1 | 동생 심부름 | B16: 12 | C16: 2 | D16: 6 | E16: 헤어롤 진열대 찾기 | F16: 비슷한 오브젝트와 진열대가 많아 목표 대상을 한 번에 찾기 어려움 | G16: 구역별 표지와 상품 외형을 비교하며 생활용품 코너의 헤어롤을 조사함 | H16: 3/10 – 후보 오브젝트 수·외형 유사도·탐색 범위가 난이도를 결정함 | I16: 5 | J16: 생활용품 코너의 헤어롤 발견 및 조사 완료 | K16: - | L16: 1분 50초 | M16: 30초 이상 미발견 시 목표 구역에 약한 반짝임 표시 | N16: =N15+(IFERROR(VALUE(LEFT(L16,FIND("분",L16)-1))*60,0)+IFERROR(VALUE(TRIM(MID(L16,IFERROR(FIND("분",L16),0)+1,IFERROR(FIND("초",L16),LEN(L16)+1)-IFERROR(FIND("분",L16),0)-1))),0))/86400 -> 0.0085069444 | O16: 1-C | 다이소 | P16: =P15+Q16 -> 35 | Q16: 4 | R16: =ROUND($Q$3*P16*P16+$R$3*P16,2) -> 66.5 | S16: 비전투 | T16: — | U16: — | V16: — | W16: 0.0015046296 | X16: 0.0013888889 | Y16: 0.0012731481 | AD16: -
A17: 1 | 동생 심부름 | B17: 13 | C17: 1 | D17: 5 | E17: 헤어롤 구매하기 | F17: 구매 대상·수량·결제 순서를 잘못 선택할 수 있음 | G17: 요청받은 품목을 확인하고 상품 선택→계산대 상호작용→결제를 순서대로 진행함 | H17: 2/10 – 상품 후보 수·품목 유사도·구매 단계 수가 난이도를 결정함 | I17: 3 | J17: 헤어롤 1개 구매 후 인벤토리에 등록 | K17: 잘못된 품목 구매 시 다시 선택해야 함 | L17: 50초 | M17: 요청 품목에 작은 임무 아이콘 표시 | N17: =N16+(IFERROR(VALUE(LEFT(L17,FIND("분",L17)-1))*60,0)+IFERROR(VALUE(TRIM(MID(L17,IFERROR(FIND("분",L17),0)+1,IFERROR(FIND("초",L17),LEN(L17)+1)-IFERROR(FIND("분",L17),0)-1))),0))/86400 -> 0.0090856481 | O17: 1-C | 다이소 | P17: =P16+Q17 -> 37 | Q17: 2 | R17: =ROUND($Q$3*P17*P17+$R$3*P17,2) -> 74 | S17: 비전투 | T17: — | U17: — | V17: — | W17: 0.00069444444 | X17: 0.00063657407 | Y17: 0.0005787037 | AD17: -
... A40: 2 | 공원 청소 | B40: 36 | C40: 3 | D40: 6 | E40: 벤치 주변 쓰레기 수거하기 | F40: 쓰레기가 넓은 구역과 가려진 틈에 흩어져 있어 남은 대상을 찾기 어려움 | G40: 구역을 일정한 방향으로 순회하고 반짝임·잔여 개수 UI를 확인하며 벤치와 가려진 틈의 쓰레기 6개를 수거함 | H40: 5/10 – 목표 수량·배치 밀도·가림 오브젝트·탐색 범위가 난이도를 결정함 | I40: 6 | J40: 벤치와 가려진 틈의 쓰레기 6개 전부 수거 | K40: 필수 수량을 채우지 못하면 다음 구역 진행 불가 | L40: 2분 30초 | M40: 60초 이상 미발견 시 가장 가까운 미수거 대상 방향 표시 | N40: =N39+(IFERROR(VALUE(LEFT(L40,FIND("분",L40)-1))*60,0)+IFERROR(VALUE(TRIM(MID(L40,IFERROR(FIND("분",L40),0)+1,IFERROR(FIND("초",L40),LEN(L40)+1)-IFERROR(FIND("분",L40),0)-1))),0))/86400 -> 0.033622685 | O40: 2-A | 공원 축제·청소 | P40: =P39+Q40 -> 126 | Q40: 5 | R40: =ROUND($Q$3*P40*P40+$R$3*P40,2) -> 812.7 | S40: 비전투 | T40: — | U40: — | V40: — | W40: 0.0023726852 | X40: 0.002025463 | Y40: 0.0017361111 | AD40: -
A41: 2 | 공원 청소 | B41: 37 | C41: 1 | D41: 5 | E41: 한도윤과 대화하기 | F41: 대화 속에 다음 목적지와 필요한 물품 정보가 섞여 있음 | G41: 강조되는 핵심 단어와 NPC의 요구를 확인하며 대화를 끝까지 진행함 | H41: 2/10 – 대사 길이·핵심 정보의 명확성·선택지 수가 난이도를 결정함 | I41: 1 | J41: 혼자 청소하는 이유와 도움 제안에 관한 대화를 마지막 문장까지 진행 | K41: - | L41: 1분 30초 | M41: 대화 종료 후 핵심 내용을 화면 한쪽에 요약 표시 | N41: =N40+(IFERROR(VALUE(LEFT(L41,FIND("분",L41)-1))*60,0)+IFERROR(VALUE(TRIM(MID(L41,IFERROR(FIND("분",L41),0)+1,IFERROR(FIND("초",L41),LEN(L41)+1)-IFERROR(FIND("분",L41),0)-1))),0))/86400 -> 0.034664352 | O41: 2-A | 공원 축제·청소 | P41: =P40+Q41 -> 128 | Q41: 2 | R41: =ROUND($Q$3*P41*P41+$R$3*P41,2) -> 838.4 | S41: 비전투 | T41: — | U41: — | V41: — | W41: 0.0012152778 | X41: 0.001099537 | Y41: 0.0010416667 | AD41: - | AE41: [한도윤] +5%
A42: 2 | 공원 청소 | B42: 38 | C42: 2 | D42: 5 | E42: 한도윤과 구역 분담하기 | F42: 동료가 담당하는 구역과 플레이어 구역이 겹치면 불필요한 이동이 발생함 | G42: 대화에서 정한 담당 구역을 확인하고 서로 다른 공원 구역를 순서대로 처리함 | H42: 4/10 – 구역 수·동료 행동 예측 가능성·이동 동선이 난이도를 결정함 | I42: 4 | J42: 플레이어 담당 구역의 목표 수량 달성 | K42: - | L42: 2분 20초 | M42: 미니맵에 담당 구역을 서로 다른 테두리로 표시 | N42: =N41+(IFERROR(VALUE(LEFT(L42,FIND("분",L42)-1))*60,0)+IFERROR(VALUE(TRIM(MID(L42,IFERROR(FIND("분",L42),0)+1,IFERROR(FIND("초",L42),LEN(L42)+1)-IFERROR(FIND("분",L42),0)-1))),0))/86400 -> 0.036284722 | O42: 2-A | 공원 축제·청소 | P42: =P41+Q42 -> 131 | Q42: 3 | R42: =ROUND($Q$3*P42*P42+$R$3*P42,2) -> 877.7 | S42: 비전투 | T42: — | U42: — | V42: — | W42: 0.0019097222 | X42: 0.0017361111 | Y42: 0.0016203704 | AD42: -
A43: 2 | 공원 청소 | B43: 39 | C43: 4 | D43: 8 | E43: 청소 콤보 유지하기 | F43: 서로 다른 쓰레기를 연속으로 정확히 주워야 콤보가 유지되며 잘못 집으면 게이지가 초기화됨 | G43: 가까운 쓰레기의 종류와 다음 분리수거 위치를 미리 확인해 이동 동선을 끊지 않고 수거함 | H43: 4/10 – 콤보 유지 시간·쓰레기 간 거리·오분류 페널티가 난이도를 결정함 | I43: 12 | J43: 정확 수거 콤보 12회를 달성 | K43: 오분류 시 콤보만 초기화되고 수거 진행도는 유지 | L43: 2분 | M43: 콤보 실패 후 다음 3개 쓰레기의 분류 아이콘을 미리 표시 | N43: =N42+(IFERROR(VALUE(LEFT(L43,FIND("분",L43)-1))*60,0)+IFERROR(VALUE(TRIM(MID(L43,IFERROR(FIND("분",L43),0)+1,IFERROR(FIND("초",L43),LEN(L43)+1)-IFERROR(FIND("분",L43),0)-1))),0))/86400 -> 0.037673611 | O43: 2-A | 공원 축제·청소 | P43: =P42+Q43 -> 138 | Q43: 7 | R43: =ROUND($Q$3*P43*P43+$R$3*P43,2) -> 972.9 | S43: 비전투 | T43: — | U43: — | V43: — | W43: 0.0019097222 | X43: 0.0016203704 | Y43: 0.0013888889 | AD43: -
A44: 2 | 공원 청소 | B44: 40 | C44: 2 | D44: 6 | E44: 우정 반지 단서 발견하기 | F44: 작은 단서가 쓰레기와 배경에 섞여 있어 일반 수거물로 오인할 수 있음 | G44: 중학생이 잃어버린 반지의 흔적의 형태와 주변 대사를 확인하고 별도 조사함 | H44: 4/10 – 단서 크기·배경 대비·오인 가능성이 난이도를 결정함 | I44: 3 | J44: 필수 단서 모두 조사 | K44: 단서를 버리려 하면 경고 후 행동 취소 | L44: 1분 15초 | M44: 단서에 일반 쓰레기와 다른 약한 빛 효과 적용 | N44: =N43+(IFERROR(VALUE(LEFT(L44,FIND("분",L44)-1))*60,0)+IFERROR(VALUE(TRIM(MID(L44,IFERROR(FIND("분",L44),0)+1,IFERROR(FIND("초",L44),LEN(L44)+1)-IFERROR(FIND("분",L44),0)-1))),0))/86400 -> 0.038541667 | O44: 2-A | 공원 축제·청소 | P44: =P43+Q44 -> 142 | Q44: 4 | R44: =ROUND($Q$3*P44*P44+$R$3*P44,2) -> 1029.5 | S44: 비전투 | T44: — | U44: — | V44: — | W44: 0.0010416667 | X44: 0.00092592593 | Y44: 0.00086805556 | AD44: -
A45: 2 | 공원 청소 | B45: 41 | C45: 4 | D45: 8 | E45: 발자국과 스티커 단서 대조하기 | F45: 비슷한 운동화 자국과 축제 스티커가 여러 방향으로 이어져 잘못된 동선을 선택하기 쉬움 | G45: 반지에 묻은 흙·신발 자국·가방 스티커를 비교해 중학생이 지나간 경로를 좁힘 | H45: 4/10 – 후보 경로 수·단서 유사도·비교 단계 수가 난이도를 결정함 | I45: 4 | J45: 세 단서를 연결해 올바른 탐색 구역 선택 | K45: 오답 경로 선택 시 불필요한 탐색 시간이 추가됨 | L45: 2분 | M45: 오답 후 일치하지 않는 단서 하나에 취소 표시 | N45: =N44+(IFERROR(VALUE(LEFT(L45,FIND("분",L45)-1))*60,0)+IFERROR(VALUE(TRIM(MID(L45,IFERROR(FIND("분",L45),0)+1,IFERROR(FIND("초",L45),LEN(L45)+1)-IFERROR(FIND("분",L45),0)-1))),0))/86400 -> 0.039930556 | O45: 2-A | 공원 축제·청소 | P45: =P44+Q45 -> 149 | Q45: 7 | R45: =ROUND($Q$3*P45*P45+$R$3*P45,2) -> 1132.4 | S45: 비전투 | T45: — | U45: — | V45: — | W45: 0.0019097222 | X45: 0.0016203704 | Y45: 0.0013888889 | AD45: -
A46: 2 | 공원 청소 | B46: 42 | C46: 3 | D46: 7 | E46: 우정 반지 찾기 | F46: 목표물이 작고 수거 가능한 쓰레기 사이에 섞여 있어 탐색 부담이 큼 | G46: 마지막 목격 위치와 반짝임 주기를 이용해 쓰레기 사이에 섞인 작은 반지를 찾음 | H46: 6/10 – 목표물 크기·탐색 범위·가짜 후보 수가 난이도를 결정함 | I46: 5 | J46: 쓰레기 사이에 섞인 작은 반지 발견 후 획득 | K46: - | L46: 2분 50초 | M46: 90초 이상 미발견 시 탐색 범위를 단계적으로 축소 | N46: =N45+(IFERROR(VALUE(LEFT(L46,FIND("분",L46)-1))*60,0)+IFERROR(VALUE(TRIM(MID(L46,IFERROR(FIND("분",L46),0)+1,IFERROR(FIND("초",L46),LEN(L46)+1)-IFERROR(FIND("분",L46),0)-1))),0))/86400 -> 0.041898148 | O46: 2-A | 공원 축제·청소 | P46: =P45+Q46 -> 154 | Q46: 5 | R46: =ROUND($Q$3*P46*P46+$R$3*P46,2) -> 1208.9 | S46: 비전투 | T46: — | U46: — | V46: — | W46: 0.002662037 | X46: 0.0023148148 | Y46: 0.0019675926 | AD46: -
A47: 2 | 공원 청소 | B47: 43 | C47: 1 | D47: 8 | E47: 중학생에게 반지 전달하기 | F47: 비슷한 복장의 NPC가 있어 물건의 주인을 잘못 선택할 수 있음 | G47: 의뢰 대사와 위치를 확인한 뒤 반지의 주인에게 전달함 | H47: 2/10 – NPC 후보 수·위치 이동 여부·의뢰 단서 명확성이 난이도를 결정함 | I47: 2 | J47: 올바른 NPC에게 물품 전달 | K47: 오답 NPC 선택 시 전달이 취소되고 다시 선택 | L47: 1분 10초 | M47: 의뢰 NPC 머리 위에 약한 대화 아이콘 표시 | N47: =N46+(IFERROR(VALUE(LEFT(L47,FIND("분",L47)-1))*60,0)+IFERROR(VALUE(TRIM(MID(L47,IFERROR(FIND("분",L47),0)+1,IFERROR(FIND("초",L47),LEN(L47)+1)-IFERROR(FIND("분",L47),0)-1))),0))/86400 -> 0.042708333 | O47: 2-A | 공원 축제·청소 | P47: =P46+Q47 -> 158 | Q47: 4 | R47: =ROUND($Q$3*P47*P47+$R$3*P47,2) -> 1271.9 | S47: 비전투 | T47: — | U47: — | V47: — | W47: 0.0009837963 | X47: 0.00086805556 | Y47: 0.00081018519 | AD47: - | AE47: [도시] +5%
A48: 2 | 공원 청소 | B48: 44 | C48: 1 | D48: 5 | E48: 남은 쓰레기 확인하기 | F48: 완료한 것처럼 보여도 남은 대상이나 오분류 항목이 존재할 수 있음 | G48: 잔여 수량과 각 구역 상태를 확인해 공원 미수거 구역과 남은 수량의 미완료 항목을 점검함 | H48: 4/10 – 검사 항목 수·오류 위치의 분산 정도가 난이도를 결정함 | I48: 4 | J48: 잔여 수량 0 및 오류 항목 0 | K48: 조건 미달 시 완료 상호작용이 비활성화됨 | L48: 1분 30초 | M48: 미완료 구역과 오류 수량을 별도 UI로 표시 | N48: =N47+(IFERROR(VALUE(LEFT(L48,FIND("분",L48)-1))*60,0)+IFERROR(VALUE(TRIM(MID(L48,IFERROR(FIND("분",L48),0)+1,IFERROR(FIND("초",L48),LEN(L48)+1)-IFERROR(FIND("분",L48),0)-1))),0))/86400 -> 0.04375 | O48: 2-A | 공원 축제·청소 | P48: =P47+Q48 -> 160 | Q48: 2 | R48: =ROUND($Q$3*P48*P48+$R$3*P48,2) -> 1304 | S48: 비전투 | T48: — | U48: — | V48: — | W48: 0.0012152778 | X48: 0.001099537 | Y48: 0.0010416667 | AD48: -
A49: 2 | 공원 청소 | B49: 45 | C49: 2 | D49: 6 | E49: 분리수거장으로 이동하기 | F49: 갈림길과 주변 상호작용 오브젝트 때문에 목적지 방향을 놓칠 수 있음 | G49: 표지판·미니맵·NPC 이동 방향을 확인하며 공원에서 분리수거장까지 이동함 | H49: 2/10 – 맵 크기·갈림길 수·목적지 표식의 가시성이 난이도를 결정함 | I49: 1 | J49: 공원에서 분리수거장의 도착 트리거에 진입 | K49: - | L49: 1분 15초 | M49: 일정 시간 정체 시 목적지 방향 화살표 표시 | N49: =N48+(IFERROR(VALUE(LEFT(L49,FIND("분",L49)-1))*60,0)+IFERROR(VALUE(TRIM(MID(L49,IFERROR(FIND("분",L49),0)+1,IFERROR(FIND("초",L49),LEN(L49)+1)-IFERROR(FIND("분",L49),0)-1))),0))/86400 -> 0.044618056 | O49: 2-B | 분리수거장 | P49: =P48+Q49 -> 164 | Q49: 4 | R49: =ROUND($Q$3*P49*P49+$R$3*P49,2) -> 1369.4 | S49: 비전투 | T49: — | U49: — | V49: — | W49: 0.0010416667 | X49: 0.00092592593 | Y49: 0.00086805556 | AD49: -
A50: 2 | 공원 청소 | B50: 46 | C50: 2 | D50: 6 | E50: 일반쓰레기 분류하기 | F50: 외형이 비슷하거나 내용물이 남은 쓰레기는 분류 기준을 혼동하기 쉬움 | G50: 재질·오염 여부·남은 내용물을 확인하고 일반쓰레기 8개를 올바른 수거함에 넣음 | H50: 4/10 – 분류 종류 수·외형 유사도·오답 허용 횟수가 난이도를 결정함 | I50: 8 | J50: 일반쓰레기 8개 전부 올바르게 분류 | K50: 오분류 5회 누적 시 해당 분류 단계 재시작 | L50: 2분 20초 | M50: 오답 2회 후 분류 기준 그림 표시 | N50: =N49+(IFERROR(VALUE(LEFT(L50,FIND("분",L50)-1))*60,0)+IFERROR(VALUE(TRIM(MID(L50,IFERROR(FIND("분",L50),0)+1,IFERROR(FIND("초",L50),LEN(L50)+1)-IFERROR(FIND("분",L50),0)-1))),0))/86400 -> 0.046238426 | O50: 2-B | 분리수거장 | P50: =P49+Q50 -> 168 | Q50: 4 | R50: =ROUND($Q$3*P50*P50+$R$3*P50,2) -> 1436.4 | S50: 비전투 | T50: — | U50: — | V50: — | W50: 0.0019097222 | X50: 0.0017361111 | Y50: 0.0016203704 | AD50: -
A51: 2 | 공원 청소 | B51: 47 | C51: 3 | D51: 7 | E51: 재활용품 분류하기 | F51: 외형이 비슷하거나 내용물이 남은 쓰레기는 분류 기준을 혼동하기 쉬움 | G51: 재질·오염 여부·남은 내용물을 확인하고 플라스틱·캔·종이 10개를 올바른 수거함에 넣음 | H51: 6/10 – 분류 종류 수·외형 유사도·오답 허용 횟수가 난이도를 결정함 | I51: 10 | J51: 플라스틱·캔·종이 10개 전부 올바르게 분류 | K51: 오분류 5회 누적 시 해당 분류 단계 재시작 | L51: 3분 | M51: 오답 2회 후 분류 기준 그림 표시 | N51: =N50+(IFERROR(VALUE(LEFT(L51,FIND("분",L51)-1))*60,0)+IFERROR(VALUE(TRIM(MID(L51,IFERROR(FIND("분",L51),0)+1,IFERROR(FIND("초",L51),LEN(L51)+1)-IFERROR(FIND("분",L51),0)-1))),0))/86400 -> 0.048321759 | O51: 2-B | 분리수거장 | P51: =P50+Q51 -> 173 | Q51: 5 | R51: =ROUND($Q$3*P51*P51+$R$3*P51,2) -> 1522.4 | S51: 비전투 | T51: — | U51: — | V51: — | W51: 0.0028356481 | X51: 0.0024305556 | Y51: 0.0020833333 | AD51: -
A52: 2 | 공원 청소 | B52: 48 | C52: 3 | D52: 7 | E52: 오염된 쓰레기 분류하기 | F52: 외형이 비슷하거나 내용물이 남은 쓰레기는 분류 기준을 혼동하기 쉬움 | G52: 재질·오염 여부·남은 내용물을 확인하고 내용물이 남거나 오염된 쓰레기 6개를 올바른 수거함에 넣음 | H52: 7/10 – 분류 종류 수·외형 유사도·오답 허용 횟수가 난이도를 결정함 | I52: 6 | J52: 내용물이 남거나 오염된 쓰레기 6개 전부 올바르게 분류 | K52: 오분류 5회 누적 시 해당 분류 단계 재시작 | L52: 2분 40초 | M52: 오답 2회 후 분류 기준 그림 표시 | N52: =N51+(IFERROR(VALUE(LEFT(L52,FIND("분",L52)-1))*60,0)+IFERROR(VALUE(TRIM(MID(L52,IFERROR(FIND("분",L52),0)+1,IFERROR(FIND("초",L52),LEN(L52)+1)-IFERROR(FIND("분",L52),0)-1))),0))/86400 -> 0.050173611 | O52: 2-B | 분리수거장 | P52: =P51+Q52 -> 178 | Q52: 5 | R52: =ROUND($Q$3*P52*P52+$R$3*P52,2) -> 1610.9 | S52: 비전투 | T52: — | U52: — | V52: — | W52: 0.0025462963 | X52: 0.0021412037 | Y52: 0.0018518519 | AD52: -
A53: 2 | 공원 청소 | B53: 49 | C53: 5 | D53: 8 | E53: 분리수거 라인 막힘 해소하기 | F53: 한꺼번에 들어온 쓰레기로 컨베이어가 막히고 오염물이 다른 분류함으로 번짐 | G53: 막힘 원인을 먼저 제거한 뒤 제한 시간 동안 재활용·일반·세척 대상을 우선순위대로 분류함 | H53: 5/10 – 동시 등장 수·오염 확산 속도·우선순위 판단이 난이도를 결정함 | I53: 10 | J53: 막힘 제거 후 쓰레기 10개를 오분류 없이 처리 | K53: 오염도 게이지가 최대가 되면 구간 시작부터 재시작 | L53: 1분 40초 | M53: 재시도 시 컨베이어 속도를 낮추고 오염 확산 대상에 경고 테두리 표시 | N53: =N52+(IFERROR(VALUE(LEFT(L53,FIND("분",L53)-1))*60,0)+IFERROR(VALUE(TRIM(MID(L53,IFERROR(FIND("분",L53),0)+1,IFERROR(FIND("초",L53),LEN(L53)+1)-IFERROR(FIND("분",L53),0)-1))),0))/86400 -> 0.051331019 | O53: 2-B | 분리수거장 | P53: =P52+Q53 -> 185 | Q53: 7 | R53: =ROUND($Q$3*P53*P53+$R$3*P53,2) -> 1739 | S53: 비전투 | T53: — | U53: — | V53: — | W53: 0.0018518519 | X53: 0.0015046296 | Y53: 0.0011574074 | AD53: -
A54: 2 | 공원 청소 | B54: 50 | C54: 2 | D54: 7 | E54: 분리수거 완료하기 | F54: 완료한 것처럼 보여도 남은 대상이나 오분류 항목이 존재할 수 있음 | G54: 잔여 수량과 각 구역 상태를 확인해 모든 분류함과 오분류 여부의 미완료 항목을 점검함 | H54: 4/10 – 검사 항목 수·오류 위치의 분산 정도가 난이도를 결정함 | I54: 3 | J54: 잔여 수량 0 및 오류 항목 0 | K54: 조건 미달 시 완료 상호작용이 비활성화됨 | L54: 1분 10초 | M54: 미완료 구역과 오류 수량을 별도 UI로 표시 | N54: =N53+(IFERROR(VALUE(LEFT(L54,FIND("분",L54)-1))*60,0)+IFERROR(VALUE(TRIM(MID(L54,IFERROR(FIND("분",L54),0)+1,IFERROR(FIND("초",L54),LEN(L54)+1)-IFERROR(FIND("분",L54),0)-1))),0))/86400 -> 0.052141204 | O54: 2-B | 분리수거장 | P54: =P53+Q54 -> 189 | Q54: 4 | R54: =ROUND($Q$3*P54*P54+$R$3*P54,2) -> 1814.4 | S54: 비전투 | T54: — | U54: — | V54: — | W54: 0.0009837963 | X54: 0.00086805556 | Y54: 0.00081018519 | AD54: -
A55: 2 | 공원 청소 | B55: 51 | C55: 1 | D55: 9 | E55: 균열 발생을 목격하기 | F55: 짧은 연출 안에서 사건의 원인과 인물의 태도를 동시에 이해해야 함 | G55: 카메라가 강조하는 인물과 오브젝트를 보며 분리수거장 바닥에서 열리는 도덕 균열를 확인함 | H55: 1/10 – 연출 속도·동시에 제시되는 정보량이 난이도를 결정함 | I55: 1 | J55: 사건 연출 종료 | K55: - | L55: 50초 | M55: 핵심 오브젝트에 카메라 줌과 효과음 적용 | N55: =N54+(IFERROR(VALUE(LEFT(L55,FIND("분",L55)-1))*60,0)+IFERROR(VALUE(TRIM(MID(L55,IFERROR(FIND("분",L55),0)+1,IFERROR(FIND("초",L55),LEN(L55)+1)-IFERROR(FIND("분",L55),0)-1))),0))/86400 -> 0.052719907 | O55: 2-C | 균열 발생 | P55: =P54+Q55 -> 193 | Q55: 4 | R55: =ROUND($Q$3*P55*P55+$R$3*P55,2) -> 1891.4 | S55: 비전투 | T55: — | U55: — | V55: — | W55: 0.00069444444 | X55: 0.00063657407 | Y55: 0.0005787037 | AD55: -
A56: 2 | 공원 청소 | B56: 52 | C56: 2 | D56: 9 | E56: 균열 구경하기 | F56: 중요한 단서가 여러 인물과 배경 오브젝트 사이에 분산되어 있음 | G56: 시선·행동·복장·주변 오브젝트를 순서대로 확인해 균열의 빛·소리·주변 반응의 특징을 파악함 | H56: 4/10 – 관찰 대상 수·단서의 명확성·외형 유사도가 난이도를 결정함 | I56: 3 | J56: 필수 관찰 대상 모두 조사 | K56: - | L56: 1분 35초 | M56: 필수 대상 위에 짧은 시선 유도 아이콘 표시 | N56: =N55+(IFERROR(VALUE(LEFT(L56,FIND("분",L56)-1))*60,0)+IFERROR(VALUE(TRIM(MID(L56,IFERROR(FIND("분",L56),0)+1,IFERROR(FIND("초",L56),LEN(L56)+1)-IFERROR(FIND("분",L56),0)-1))),0))/86400 -> 0.053819444 | O56: 2-C | 균열 발생 | P56: =P55+Q56 -> 198 | Q56: 5 | R56: =ROUND($Q$3*P56*P56+$R$3*P56,2) -> 1989.9 | S56: 비전투 | T56: — | U56: — | V56: — | W56: 0.0012731481 | X56: 0.0011574074 | Y56: 0.001099537 | AD56: -
A57: 2 | 공원 청소 | B57: 53 | C57: 2 | D57: 5 | E57: 집으로 귀가하기 | F57: 갈림길과 주변 상호작용 오브젝트 때문에 목적지 방향을 놓칠 수 있음 | G57: 표지판·미니맵·NPC 이동 방향을 확인하며 공원에서 집까지 이동함 | H57: 2/10 – 맵 크기·갈림길 수·목적지 표식의 가시성이 난이도를 결정함 | I57: 1 | J57: 공원에서 집의 도착 트리거에 진입 | K57: - | L57: 2분 | M57: 일정 시간 정체 시 목적지 방향 화살표 표시 | N57: =N56+(IFERROR(VALUE(LEFT(L57,FIND("분",L57)-1))*60,0)+IFERROR(VALUE(TRIM(MID(L57,IFERROR(FIND("분",L57),0)+1,IFERROR(FIND("초",L57),LEN(L57)+1)-IFERROR(FIND("분",L57),0)-1))),0))/86400 -> 0.055208333 | O57: 2-D | 귀가·밤 | P57: =P56+Q57 -> 201 | Q57: 3 | R57: =ROUND($Q$3*P57*P57+$R$3*P57,2) -> 2050.2 | S57: 비전투 | T57: — | U57: — | V57: — | W57: 0.0016203704 | X57: 0.0015046296 | Y57: 0.0013888889 | AD57: -
A58: 2 | 공원 청소 | B58: 54 | C58: 1 | D58: 5 | E58: 잠자기 | F58: 다음 날로 넘어가는 상호작용임을 알아차리지 못할 수 있음 | G58: 침대를 조사하고 휴식 확인 선택지를 선택함 | H58: 1/10 – 상호작용 대상의 명확성이 난이도를 결정함 | I58: 1 | J58: 잠자기 확인 후 다음 장면 전환 | K58: - | L58: 35초 | M58: 침대에 임무 아이콘 표시 | N58: =N57+(IFERROR(VALUE(LEFT(L58,FIND("분",L58)-1))*60,0)+IFERROR(VALUE(TRIM(MID(L58,IFERROR(FIND("분",L58),0)+1,IFERROR(FIND("초",L58),LEN(L58)+1)-IFERROR(FIND("분",L58),0)-1))),0))/86400 -> 0.055613426 | O58: 2-D | 귀가·밤 | P58: =P57+Q58 -> 203 | Q58: 2 | R58: =ROUND($Q$3*P58*P58+$R$3*P58,2) -> 2090.9 | S58: 비전투 | T58: — | U58: — | V58: — | W58: 0.00052083333 | X58: 0.00046296296 | Y58: 0.00040509259 | AD58: -
A59: 3 | 재난 대응 | B59: 55 | C59: 1 | D59: 6 | E59: 새벽 재난 문자 확인하기 | F59: 재난 문자와 주변 효과음이 동시에 출력되어 핵심 행동을 놓칠 수 있음 | G59: 균열 인근 대피 안내의 대피 위치와 위험 지역을 먼저 확인함 | H59: 2/10 – 동시 정보량·경고 문구의 명확성이 난이도를 결정함 | I59: 2 | J59: 재난 문자 핵심 항목 확인 | K59: - | L59: 40초 | M59: 문자를 닫은 뒤 화면에 대피 목표를 고정 표시 | N59: =N58+(IFERROR(VALUE(LEFT(L59,FIND("분",L59)-1))*60,0)+IFERROR(VALUE(TRIM(MID(L59,IFERROR(FIND("분",L59),0)+1,IFERROR(FIND("초",L59),LEN(L59)+1)-IFERROR(FIND("분",L59),0)-1))),0))/86400 -> 0.056076389 | O59: 3-A | 아파트 재난 | P59: =P58+Q59 -> 206 | Q59: 3 | R59: =ROUND($Q$3*P59*P59+$R$3*P59,2) -> 2152.7 | S59: 비전투 | T59: — | U59: — | V59: — | W59: 0.0005787037 | X59: 0.00052083333 | Y59: 0.00046296296 | AD59: -
... A63: 3 | 재난 대응 | B63: 59 | C63: 4 | D63: 8 | E63: 아파트 계단으로 이동하기 | F63: 좁은 통로·어두운 조명·장애물로 이동 경로가 제한됨 | G63: 손전등과 안전한 발판을 확인하며 정전된 계단을 통과함 | H63: 5/10 – 통로 폭·시야 범위·장애물 간격이 난이도를 결정함 | I63: 1 | J63: 다음 층 도착 트리거 진입 | K63: 낙하 또는 장애물 피격 3회 시 구간 재시작 | L63: 1분 35초 | M63: 안전 발판 테두리와 체크포인트 제공 | N63: =N62+(IFERROR(VALUE(LEFT(L63,FIND("분",L63)-1))*60,0)+IFERROR(VALUE(TRIM(MID(L63,IFERROR(FIND("분",L63),0)+1,IFERROR(FIND("초",L63),LEN(L63)+1)-IFERROR(FIND("분",L63),0)-1))),0))/86400 -> 0.061226852 | O63: 3-B | 대피 경로 | P63: =P62+Q63 -> 230 | Q63: 7 | R63: =ROUND($Q$3*P63*P63+$R$3*P63,2) -> 2679.5 | S63: 비전투 | T63: — | U63: — | V63: — | W63: 0.0015046296 | X63: 0.0012731481 | Y63: 0.001099537 | AD63: -
A64: 3 | 재난 대응 | B64: 60 | C64: 5 | D64: 9 | E64: 이웃 주민 구조하기 | F64: 위험이 지속되는 동안 대상 상태를 확인하고 구조 행동을 여러 번 수행해야 함 | G64: 위험 패턴이 멈춘 순간에 접근해 계단에 쓰러진 이웃 주민를 안전 지점으로 옮김 | H64: 7/10 – 위험 주기·대상 체력·이동 거리·구조 단계 수가 난이도를 결정함 | I64: 3 | J64: 구조 대상이 안전 지점 도착 | K64: 구조 대상 체력이 0이 되면 체크포인트 재시작 | L64: 3분 | M64: 대상 체력 경고와 안전 경로 표시 | N64: =N63+(IFERROR(VALUE(LEFT(L64,FIND("분",L64)-1))*60,0)+IFERROR(VALUE(TRIM(MID(L64,IFERROR(FIND("분",L64),0)+1,IFERROR(FIND("초",L64),LEN(L64)+1)-IFERROR(FIND("분",L64),0)-1))),0))/86400 -> 0.063310185 | O64: 3-B | 대피 경로 | P64: =P63+Q64 -> 237 | Q64: 7 | R64: =ROUND($Q$3*P64*P64+$R$3*P64,2) -> 2844 | S64: 비전투 | T64: — | U64: — | V64: — | W64: 0.0033564815 | X64: 0.0027199074 | Y64: 0.0020833333 | AD64: - | AE64: [도시] +5%
A65: 3 | 재난 대응 | B65: 61 | C65: 5 | D65: 9 | E65: 아파트 밖으로 탈출하기 | F65: 출구가 무너지고 안전 경로가 짧은 시간마다 바뀜 | G65: 붕괴 경고 표시를 보고 붕괴되는 출입구의 열린 통로로 빠르게 이동함 | H65: 7/10 – 제한시간·안전 경로 폭·장애물 발생 주기가 난이도를 결정함 | I65: 1 | J65: 제한시간 안에 탈출 지점 도착 | K65: 제한시간 종료 또는 3회 피격 시 재시작 | L65: 2분 20초 | M65: 실패 후 제한시간 10초 증가 | N65: =N64+(IFERROR(VALUE(LEFT(L65,FIND("분",L65)-1))*60,0)+IFERROR(VALUE(TRIM(MID(L65,IFERROR(FIND("분",L65),0)+1,IFERROR(FIND("초",L65),LEN(L65)+1)-IFERROR(FIND("분",L65),0)-1))),0))/86400 -> 0.064930556 | O65: 3-B | 대피 경로 | P65: =P64+Q65 -> 244 | Q65: 7 | R65: =ROUND($Q$3*P65*P65+$R$3*P65,2) -> 3013.4 | S65: 비전투 | T65: — | U65: — | V65: — | W65: 0.0026041667 | X65: 0.0021412037 | Y65: 0.0016203704 | AD65: -
A66: 3 | 재난 대응 | B66: 62 | C66: 4 | D66: 8 | E66: 안전 구역으로 이동하기 | F66: 갈림길과 주변 상호작용 오브젝트 때문에 목적지 방향을 놓칠 수 있음 | G66: 표지판·미니맵·NPC 이동 방향을 확인하며 아파트에서 임시 안전 구역까지 이동함 | H66: 5/10 – 맵 크기·갈림길 수·목적지 표식의 가시성이 난이도를 결정함 | I66: 1 | J66: 아파트에서 임시 안전 구역의 도착 트리거에 진입 | K66: - | L66: 2분 30초 | M66: 일정 시간 정체 시 목적지 방향 화살표 표시 | N66: =N65+(IFERROR(VALUE(LEFT(L66,FIND("분",L66)-1))*60,0)+IFERROR(VALUE(TRIM(MID(L66,IFERROR(FIND("분",L66),0)+1,IFERROR(FIND("초",L66),LEN(L66)+1)-IFERROR(FIND("분",L66),0)-1))),0))/86400 -> 0.066666667 | O66: 3-B | 대피 경로 | P66: =P65+Q66 -> 251 | Q66: 7 | R66: =ROUND($Q$3*P66*P66+$R$3*P66,2) -> 3187.7 | S66: 비전투 | T66: — | U66: — | V66: — | W66: 0.0023726852 | X66: 0.002025463 | Y66: 0.0017361111 | AD66: -
A67: 3 | 재난 대응 | B67: 63 | C67: 6 | D67: 9 | E67: 괴물의 첫 습격 회피하기 | F67: 적의 시야와 공격 범위가 넓어 직선 이동만으로는 회피하기 어려움 | G67: 장애물 뒤로 이동하고 공격 예고를 확인하며 새벽에 출현한 균열 괴물의 공격을 피함 | H67: 7/10 – 적 속도·공격 범위·예고 시간·안전 지점 수가 난이도를 결정함 | I67: 4 | J67: 회피 구간 종료 지점 도착 | K67: 체력 0 또는 연속 피격 4회 시 체크포인트 재시작 | L67: 2분 30초 | M67: 공격 예고 시간을 늘리고 안전 지점 표시 | N67: =N66+(IFERROR(VALUE(LEFT(L67,FIND("분",L67)-1))*60,0)+IFERROR(VALUE(TRIM(MID(L67,IFERROR(FIND("분",L67),0)+1,IFERROR(FIND("초",L67),LEN(L67)+1)-IFERROR(FIND("분",L67),0)-1))),0))/86400 -> 0.068402778 | O67: 3-B | 대피 경로 | P67: =P66+Q67 -> 259 | Q67: 8 | R67: =ROUND($Q$3*P67*P67+$R$3*P67,2) -> 3392.9 | S67: 회피 전투 | T67: 3 | U67: 150 | V67: 장애물 활용·공격 예고 회피 | W67: 0.0027777778 | X67: 0.0022569444 | Y67: 0.0017361111 | AD67: -
A68: 3 | 재난 대응 | B68: 64 | C68: 2 | D68: 9 | E68: 주인공의 접촉으로 괴물이 소멸하는 현상 확인하기 | F68: 도망치던 괴물이 아파트 현관 앞에서 다시 나타나지만 공격보다 먼저 주인공에게 손을 뻗음 | G68: 공격 버튼 대신 상호작용 입력을 선택해 괴물에게 손을 대고 보랏빛 균열처럼 흩어지는 반응을 관찰함 | H68: 2/10 – 위협 연출 속에서 공격이 아닌 상호작용을 선택해야 하는 심리적 압박이 난이도를 결정함 | I68: 1 | J68: 괴물과 상호작용해 소멸 연출 확인 | K68: 공격을 선택해도 진행되지만 이후 관리국 분석 대사가 달라짐 | L68: 45초 | M68: 상호작용 가능 순간에 공격 아이콘과 다른 보랏빛 손 아이콘을 표시 | N68: =N67+(IFERROR(VALUE(LEFT(L68,FIND("분",L68)-1))*60,0)+IFERROR(VALUE(TRIM(MID(L68,IFERROR(FIND("분",L68),0)+1,IFERROR(FIND("초",L68),LEN(L68)+1)-IFERROR(FIND("분",L68),0)-1))),0))/86400 -> 0.068923611 | O68: 3-B | 대피 경로 | P68: =P67+Q68 -> 264 | Q68: 5 | R68: =ROUND($Q$3*P68*P68+$R$3*P68,2) -> 3524.4 | S68: 특수 상호작용 | T68: 2 | U68: 45 | V68: 공격 대신 접촉해 소멸 반응 확인 | W68: 0.0005787037 | X68: 0.0005787037 | Y68: 0.00052083333 | AD68: -
A69: 3 | 재난 대응 | B69: 65 | C69: 2 | D69: 8 | E69: 한도윤과 합류하기 | F69: 대화 속에 다음 목적지와 필요한 물품 정보가 섞여 있음 | G69: 강조되는 핵심 단어와 NPC의 요구를 확인하며 대화를 끝까지 진행함 | H69: 3/10 – 대사 길이·핵심 정보의 명확성·선택지 수가 난이도를 결정함 | I69: 2 | J69: 혼란 속에서 신호를 보내는 한도윤에 관한 대화를 마지막 문장까지 진행 | K69: - | L69: 1분 20초 | M69: 대화 종료 후 핵심 내용을 화면 한쪽에 요약 표시 | N69: =N68+(IFERROR(VALUE(LEFT(L69,FIND("분",L69)-1))*60,0)+IFERROR(VALUE(TRIM(MID(L69,IFERROR(FIND("분",L69),0)+1,IFERROR(FIND("초",L69),LEN(L69)+1)-IFERROR(FIND("분",L69),0)-1))),0))/86400 -> 0.069849537 | O69: 3-B | 대피 경로 | P69: =P68+Q69 -> 269 | Q69: 5 | R69: =ROUND($Q$3*P69*P69+$R$3*P69,2) -> 3658.4 | S69: 비전투 | T69: — | U69: — | V69: — | W69: 0.001099537 | X69: 0.0009837963 | Y69: 0.00092592593 | AD69: - | AE69: [한도윤] +5%
A70: 3 | 재난 대응 | B70: 66 | C70: 3 | D70: 8 | E70: 임시 대피소 도착하기 | F70: 갈림길과 주변 상호작용 오브젝트 때문에 목적지 방향을 놓칠 수 있음 | G70: 표지판·미니맵·NPC 이동 방향을 확인하며 임시 대피소까지 이동함 | H70: 4/10 – 맵 크기·갈림길 수·목적지 표식의 가시성이 난이도를 결정함 | I70: 1 | J70: 임시 대피소의 도착 트리거에 진입 | K70: - | L70: 2분 | M70: 일정 시간 정체 시 목적지 방향 화살표 표시 | N70: =N69+(IFERROR(VALUE(LEFT(L70,FIND("분",L70)-1))*60,0)+IFERROR(VALUE(TRIM(MID(L70,IFERROR(FIND("분",L70),0)+1,IFERROR(FIND("초",L70),LEN(L70)+1)-IFERROR(FIND("분",L70),0)-1))),0))/86400 -> 0.071238426 | O70: 3-C | 대피소·선의관리국 | P70: =P69+Q70 -> 275 | Q70: 6 | R70: =ROUND($Q$3*P70*P70+$R$3*P70,2) -> 3822.5 | S70: 비전투 | T70: — | U70: — | V70: — | W70: 0.0019097222 | X70: 0.0016203704 | Y70: 0.0013888889 | AD70: -
A71: 3 | 재난 대응 | B71: 67 | C71: 1 | D71: 8 | E71: 선의관리국 안내 듣기 | F71: 대화 속에 다음 목적지와 필요한 물품 정보가 섞여 있음 | G71: 강조되는 핵심 단어와 NPC의 요구를 확인하며 대화를 끝까지 진행함 | H71: 2/10 – 대사 길이·핵심 정보의 명확성·선택지 수가 난이도를 결정함 | I71: 2 | J71: 선의 측정과 등급제 설명에 관한 대화를 마지막 문장까지 진행 | K71: - | L71: 1분 50초 | M71: 대화 종료 후 핵심 내용을 화면 한쪽에 요약 표시 | N71: =N70+(IFERROR(VALUE(LEFT(L71,FIND("분",L71)-1))*60,0)+IFERROR(VALUE(TRIM(MID(L71,IFERROR(FIND("분",L71),0)+1,IFERROR(FIND("초",L71),LEN(L71)+1)-IFERROR(FIND("분",L71),0)-1))),0))/86400 -> 0.072511574 | O71: 3-C | 대피소·선의관리국 | P71: =P70+Q71 -> 279 | Q71: 4 | R71: =ROUND($Q$3*P71*P71+$R$3*P71,2) -> 3933.9 | S71: 비전투 | T71: — | U71: — | V71: — | W71: 0.0015046296 | X71: 0.0013888889 | Y71: 0.0012731481 | AD71: -
A72: 3 | 재난 대응 | B72: 68 | C72: 2 | D72: 8 | E72: 선의 측정 받기 | F72: 장치 반응과 안내 문구가 평소와 달라 오류인지 결과인지 판단하기 어려움 | G72: 안내에 따라 손을 올리고 재측정 절차를 완료해 선의 측정 장치를 확인함 | H72: 4/10 – 측정 단계 수·대기 시간·비정상 결과의 설명 명확성이 난이도를 결정함 | I72: 3 | J72: 측정 절차 모두 완료 | K72: 중간 이탈 시 측정 단계 처음부터 재진행 | L72: 1분 40초 | M72: 현재 측정 단계와 남은 시간을 표시 | N72: =N71+(IFERROR(VALUE(LEFT(L72,FIND("분",L72)-1))*60,0)+IFERROR(VALUE(TRIM(MID(L72,IFERROR(FIND("분",L72),0)+1,IFERROR(FIND("초",L72),LEN(L72)+1)-IFERROR(FIND("분",L72),0)-1))),0))/86400 -> 0.073668981 | O72: 3-C | 대피소·선의관리국 | P72: =P71+Q72 -> 284 | Q72: 5 | R72: =ROUND($Q$3*P72*P72+$R$3*P72,2) -> 4075.4 | S72: 비전투 | T72: — | U72: — | V72: — | W72: 0.0013310185 | X72: 0.0012152778 | Y72: 0.0011574074 | AD72: -
A73: 3 | 재난 대응 | B73: 69 | C73: 2 | D73: 9 | E73: 무한대 수치 재측정하기 | F73: 장치 반응과 안내 문구가 평소와 달라 오류인지 결과인지 판단하기 어려움 | G73: 안내에 따라 손을 올리고 재측정 절차를 완료해 오류로 의심받는 무한대 수치를 확인함 | H73: 5/10 – 측정 단계 수·대기 시간·비정상 결과의 설명 명확성이 난이도를 결정함 | I73: 4 | J73: 측정 절차 모두 완료 | K73: 중간 이탈 시 측정 단계 처음부터 재진행 | L73: 2분 10초 | M73: 현재 측정 단계와 남은 시간을 표시 | N73: =N72+(IFERROR(VALUE(LEFT(L73,FIND("분",L73)-1))*60,0)+IFERROR(VALUE(TRIM(MID(L73,IFERROR(FIND("분",L73),0)+1,IFERROR(FIND("초",L73),LEN(L73)+1)-IFERROR(FIND("분",L73),0)-1))),0))/86400 -> 0.075173611 | O73: 3-C | 대피소·선의관리국 | P73: =P72+Q73 -> 289 | Q73: 5 | R73: =ROUND($Q$3*P73*P73+$R$3*P73,2) -> 4219.4 | S73: 비전투 | T73: — | U73: — | V73: — | W73: 0.0017361111 | X73: 0.0016203704 | Y73: 0.0015046296 | AD73: -
A74: 3 | 재난 대응 | B74: 70 | C74: 1 | D74: 9 | E74: 영웅화 보도 확인하기 | F74: 방송 화면·시민 반응·관리국 설명이 동시에 제시되어 의미가 분산됨 | G74: 주요 보도 문구와 주변 인물 반응을 순서대로 확인해 생방송과 주변 시민의 반응을 확인함 | H74: 3/10 – 동시 정보량·필수 관찰 대상 수가 난이도를 결정함 | I74: 3 | J74: 필수 방송 및 NPC 반응 확인 | K74: - | L74: 2분 | M74: 필수 확인 대상을 목록으로 표시 | N74: =N73+(IFERROR(VALUE(LEFT(L74,FIND("분",L74)-1))*60,0)+IFERROR(VALUE(TRIM(MID(L74,IFERROR(FIND("분",L74),0)+1,IFERROR(FIND("초",L74),LEN(L74)+1)-IFERROR(FIND("분",L74),0)-1))),0))/86400 -> 0.0765625 | O74: 3-C | 대피소·선의관리국 | P74: =P73+Q74 -> 293 | Q74: 4 | R74: =ROUND($Q$3*P74*P74+$R$3*P74,2) -> 4336.4 | S74: 비전투 | T74: — | U74: — | V74: — | W74: 0.0016203704 | X74: 0.0015046296 | Y74: 0.0013888889 | AD74: - | AE74: [도시] +5% [차우선] -10%
A75: 3 | 재난 대응 | B75: 71 | C75: 1 | D75: 8 | E75: 호화 숙소와 전용 지원 제안 받기 | F75: 호의처럼 보이는 제안 안에 이후 행동을 제한하는 조건이 포함되어 있음 | G75: 제안 내용과 조건을 확인해 영웅 대우를 전제로 한 관리국의 제안의 의미를 파악함 | H75: 3/10 – 조건 문구의 간접성·선택지의 감정적 부담이 난이도를 결정함 | I75: 2 | J75: 제안 대화 종료 | K75: - | L75: 1분 40초 | M75: 제안 조건의 핵심 문구를 강조 | N75: =N74+(IFERROR(VALUE(LEFT(L75,FIND("분",L75)-1))*60,0)+IFERROR(VALUE(TRIM(MID(L75,IFERROR(FIND("분",L75),0)+1,IFERROR(FIND("초",L75),LEN(L75)+1)-IFERROR(FIND("분",L75),0)-1))),0))/86400 -> 0.077719907 | O75: 3-C | 대피소·선의관리국 | P75: =P74+Q75 -> 297 | Q75: 4 | R75: =ROUND($Q$3*P75*P75+$R$3*P75,2) -> 4455 | S75: 비전투 | T75: — | U75: — | V75: — | W75: 0.0013310185 | X75: 0.0012152778 | Y75: 0.0011574074 | AD75: -
A76: 3 | 재난 대응 | B76: 72 | C76: 1 | D76: 8 | E76: 첫 구조 임무 수락하기 | F76: 임무 목표와 위험 요소가 한 번에 제시되어 우선순위를 놓칠 수 있음 | G76: 요청 지역·구조 대상·예상 위험을 확인한 뒤 도심 잔해 구역 구조 요청을 수락함 | H76: 3/10 – 목표 수·위험 정보량·선택지 수가 난이도를 결정함 | I76: 2 | J76: 임무 수락 선택 완료 | K76: - | L76: 1분 20초 | M76: 수락 후 목표를 세 줄로 요약 표시 | N76: =N75+(IFERROR(VALUE(LEFT(L76,FIND("분",L76)-1))*60,0)+IFERROR(VALUE(TRIM(MID(L76,IFERROR(FIND("분",L76),0)+1,IFERROR(FIND("초",L76),LEN(L76)+1)-IFERROR(FIND("분",L76),0)-1))),0))/86400 -> 0.078645833 | O76: 3-D | 도심 구조 임무 | P76: =P75+Q76 -> 301 | Q76: 4 | R76: =ROUND($Q$3*P76*P76+$R$3*P76,2) -> 4575.2 | S76: 비전투 | T76: — | U76: — | V76: — | W76: 0.001099537 | X76: 0.0009837963 | Y76: 0.00092592593 | AD76: -
A77: 3 | 재난 대응 | B77: 73 | C77: 4 | D77: 7 | E77: 도심 잔해 구역으로 이동하기 | F77: 갈림길과 주변 상호작용 오브젝트 때문에 목적지 방향을 놓칠 수 있음 | G77: 표지판·미니맵·NPC 이동 방향을 확인하며 대피소에서 붕괴 지역까지 이동함 | H77: 5/10 – 맵 크기·갈림길 수·목적지 표식의 가시성이 난이도를 결정함 | I77: 1 | J77: 대피소에서 붕괴 지역의 도착 트리거에 진입 | K77: - | L77: 2분 20초 | M77: 일정 시간 정체 시 목적지 방향 화살표 표시 | N77: =N76+(IFERROR(VALUE(LEFT(L77,FIND("분",L77)-1))*60,0)+IFERROR(VALUE(TRIM(MID(L77,IFERROR(FIND("분",L77),0)+1,IFERROR(FIND("초",L77),LEN(L77)+1)-IFERROR(FIND("분",L77),0)-1))),0))/86400 -> 0.080266204 | O77: 3-D | 도심 구조 임무 | P77: =P76+Q77 -> 307 | Q77: 6 | R77: =ROUND($Q$3*P77*P77+$R$3*P77,2) -> 4758.5 | S77: 비전투 | T77: — | U77: — | V77: — | W77: 0.0021990741 | X77: 0.0019097222 | Y77: 0.0016203704 | AD77: -
A78: 3 | 재난 대응 | B78: 74 | C78: 4 | D78: 7 | E78: 고립 시민 찾기 | F78: 잔해와 효과음 때문에 구조 신호의 방향을 정확히 판단하기 어려움 | G78: 소리 크기와 탐지기 반응을 비교하며 잔해 속 구조 신호를 탐색함 | H78: 6/10 – 탐색 범위·가짜 신호 수·제한시간이 난이도를 결정함 | I78: 4 | J78: 모든 구조 대상 위치 확인 | K78: 제한시간 종료 시 가장 가까운 체크포인트에서 재시작 | L78: 3분 | M78: 탐지기 반응 범위를 넓히고 방향 표시 제공 | N78: =N77+(IFERROR(VALUE(LEFT(L78,FIND("분",L78)-1))*60,0)+IFERROR(VALUE(TRIM(MID(L78,IFERROR(FIND("분",L78),0)+1,IFERROR(FIND("초",L78),LEN(L78)+1)-IFERROR(FIND("분",L78),0)-1))),0))/86400 -> 0.082349537 | O78: 3-D | 도심 구조 임무 | P78: =P77+Q78 -> 313 | Q78: 6 | R78: =ROUND($Q$3*P78*P78+$R$3*P78,2) -> 4945.4 | S78: 비전투 | T78: — | U78: — | V78: — | W78: 0.0028356481 | X78: 0.0024305556 | Y78: 0.0020833333 | AD78: - | AE78: [도시] +5%
A79: 3 | 재난 대응 | B79: 75 | C79: 5 | D79: 7 | E79: 잔해 제거하기 | F79: 잔해마다 필요한 조작과 안전한 제거 순서가 다름 | G79: 균열이 적은 잔해부터 선택하고 반복 입력으로 통로를 막는 잔해 6개를 제거함 | H79: 7/10 – 잔해 수·입력 횟수·위험 순서·피격 빈도가 난이도를 결정함 | I79: 6 | J79: 통로를 막는 잔해 전부 제거 | K79: 위험 잔해를 먼저 제거하면 체력 감소 및 진행 지연 | L79: 3분 20초 | M79: 안전한 제거 순서를 색이 아닌 아이콘으로 표시 | N79: =N78+(IFERROR(VALUE(LEFT(L79,FIND("분",L79)-1))*60,0)+IFERROR(VALUE(TRIM(MID(L79,IFERROR(FIND("분",L79),0)+1,IFERROR(FIND("초",L79),LEN(L79)+1)-IFERROR(FIND("분",L79),0)-1))),0))/86400 -> 0.084664352 | O79: 3-D | 도심 구조 임무 | P79: =P78+Q79 -> 320 | Q79: 7 | R79: =ROUND($Q$3*P79*P79+$R$3*P79,2) -> 5168 | S79: 비전투 | T79: — | U79: — | V79: — | W79: 0.0037037037 | X79: 0.0030092593 | Y79: 0.0023148148 | AD79: -
A80: 3 | 재난 대응 | B80: 76 | C80: 6 | D80: 7 | E80: 시민 대피 유도하기 | F80: 시민들이 서로 다른 속도로 이동하고 공포 상태에서 경로를 이탈함 | G80: 가장 느린 시민 속도에 맞추고 위험 앞에서 집결 명령을 사용함 | H80: 7/10 – 동행 인원·속도 편차·위험 구간 수·명령 재사용 시간이 난이도를 결정함 | I80: 5 | J80: 고립 시민 5명 전원이 안전 지점 도착 | K80: 시민 1명이라도 체력 0이 되면 체크포인트 재시작 | L80: 3분 10초 | M80: 이탈 시민 방향과 안전 경로를 표시 | N80: =N79+(IFERROR(VALUE(LEFT(L80,FIND("분",L80)-1))*60,0)+IFERROR(VALUE(TRIM(MID(L80,IFERROR(FIND("분",L80),0)+1,IFERROR(FIND("초",L80),LEN(L80)+1)-IFERROR(FIND("분",L80),0)-1))),0))/86400 -> 0.086863426 | O80: 3-D | 도심 구조 임무 | P80: =P79+Q80 -> 327 | Q80: 7 | R80: =ROUND($Q$3*P80*P80+$R$3*P80,2) -> 5395.5 | S80: 비전투 | T80: — | U80: — | V80: — | W80: 0.0035300926 | X80: 0.0028935185 | Y80: 0.0021990741 | AD80: - | AE80: [도시] +5%
A81: 3 | 재난 대응 | B81: 77 | C81: 2 | D81: 6 | E81: 선의관리국 지급 총과 상태 UI 확인하기 | F81: 관리국 지급 총은 익숙한 형태지만 괴물에게 유효한 무기인지 알 수 없고 전투 UI 정보가 한꺼번에 표시됨 | G81: 체력·회피·탄창 UI를 확인하고 지급 총의 조준과 재장전 방식을 순서대로 익힘 | H81: 2/10 – UI 정보량·강조 순서·설명 노출 시간이 난이도를 결정함 | I81: 3 | J81: 체력·탄약·회피·조준 표시 4개 확인 및 지급 총 장착 | K81: - | L81: 1분 10초 | M81: 핵심 UI를 한 항목씩 점멸시키고 확인 전에는 다음 안내를 잠금 | N81: =N80+(IFERROR(VALUE(LEFT(L81,FIND("분",L81)-1))*60,0)+IFERROR(VALUE(TRIM(MID(L81,IFERROR(FIND("분",L81),0)+1,IFERROR(FIND("초",L81),LEN(L81)+1)-IFERROR(FIND("분",L81),0)-1))),0))/86400 -> 0.087673611 | O81: 3-D | 도심 구조 임무 | P81: =P80+Q81 -> 331 | Q81: 4 | R81: =ROUND($Q$3*P81*P81+$R$3*P81,2) -> 5527.7 | S81: 비전투 | T81: — | U81: — | V81: — | W81: 0.0009837963 | X81: 0.00086805556 | Y81: 0.00081018519 | AD81: -
A82: 3 | 재난 대응 | B82: 78 | C82: 3 | D82: 7 | E82: 총 사격과 회피 입력 연습하기 | F82: 조준 중 이동속도가 낮아지고 사격 후 회피 입력 타이밍을 처음 익혀야 함 | G82: 훈련 표적에 총알 3발을 명중한 뒤 공격 예고에 맞춰 회피를 2회 성공함 | H82: 3/10 – 조준 이동속도·사격 후 경직·회피 허용 시간이 난이도를 결정함 | I82: 5 | J82: 총알 3발 명중과 회피 2회를 모두 성공 | K82: 실패한 동작만 즉시 다시 연습 | L82: 1분 20초 | M82: 첫 회피 예고를 느리게 재생하고 실패 시 같은 패턴을 즉시 반복 | N82: =N81+(IFERROR(VALUE(LEFT(L82,FIND("분",L82)-1))*60,0)+IFERROR(VALUE(TRIM(MID(L82,IFERROR(FIND("분",L82),0)+1,IFERROR(FIND("초",L82),LEN(L82)+1)-IFERROR(FIND("분",L82),0)-1))),0))/86400 -> 0.088599537 | O82: 3-D | 도심 구조 임무 | P82: =P81+Q82 -> 336 | Q82: 5 | R82: =ROUND($Q$3*P82*P82+$R$3*P82,2) -> 5695.2 | S82: 전투 튜토리얼 | T82: 2 | U82: 80 | V82: 조준·사격·회피 기본 입력 | W82: 0.0012731481 | X82: 0.001099537 | Y82: 0.00092592593 | AD82: -
A83: 3 | 재난 대응 | B83: 79 | C83: 4 | D83: 7 | E83: 괴물의 공격 예고 신호 파악하기 | F83: 괴물의 몸동작과 바닥 경고 아이콘을 함께 보고 공격 방향과 범위를 판단해야 함 | G83: 공격 전 몸동작과 경고 아이콘을 비교해 서로 다른 공격 3회를 피함 | H83: 4/10 – 예고 시간·공격 범위 차이·연속 패턴 수가 난이도를 결정함 | I83: 3 | J83: 서로 다른 공격 패턴 3회를 피격 없이 회피 | K83: 피격 시 현재 패턴부터 다시 시작 | L83: 1분 30초 | M83: 예고 시간을 늘리고 공격 범위를 외곽선과 아이콘으로 동시에 표시 | N83: =N82+(IFERROR(VALUE(LEFT(L83,FIND("분",L83)-1))*60,0)+IFERROR(VALUE(TRIM(MID(L83,IFERROR(FIND("분",L83),0)+1,IFERROR(FIND("초",L83),LEN(L83)+1)-IFERROR(FIND("분",L83),0)-1))),0))/86400 -> 0.089641204 | O83: 3-D | 도심 구조 임무 | P83: =P82+Q83 -> 342 | Q83: 6 | R83: =ROUND($Q$3*P83*P83+$R$3*P83,2) -> 5899.5 | S83: 전투 튜토리얼 | T83: 3 | U83: 90 | V83: 몸동작·바닥 경고 판독 | W83: 0.0014467593 | X83: 0.0012152778 | Y83: 0.0010416667 | AD83: -
A84: 3 | 재난 대응 | B84: 80 | C84: 5 | D84: 8 | E84: 회피 후 사격할 빈틈 파악하기 | F84: 회피 직후 너무 빠르거나 늦게 조준하면 반격 기회를 놓치거나 추가 피해를 받음 | G84: 강한 공격을 회피한 뒤 경직 표시가 유지되는 동안 조준 사격을 2회 성공함 | H84: 5/10 – 반격 가능 시간·연속 입력 수·실패 시 피해량이 난이도를 결정함 | I84: 2 | J84: 회피 후 약점 사격 2회 성공 | K84: 체력 0 시 자동 회복 후 현재 연습부터 재시작 | L84: 1분 40초 | M84: 첫 반격 가능 구간에서 짧게 정지하고 입력 아이콘을 표시 | N84: =N83+(IFERROR(VALUE(LEFT(L84,FIND("분",L84)-1))*60,0)+IFERROR(VALUE(TRIM(MID(L84,IFERROR(FIND("분",L84),0)+1,IFERROR(FIND("초",L84),LEN(L84)+1)-IFERROR(FIND("분",L84),0)-1))),0))/86400 -> 0.090798611 | O84: 3-D | 도심 구조 임무 | P84: =P83+Q84 -> 349 | Q84: 7 | R84: =ROUND($Q$3*P84*P84+$R$3*P84,2) -> 6142.4 | S84: 전투 튜토리얼 | T84: 4 | U84: 100 | V84: 회피 직후 반격 타이밍 | W84: 0.0018518519 | X84: 0.0015046296 | Y84: 0.0011574074 | AD84: -
A85: 3 | 재난 대응 | B85: 81 | C85: 4 | D85: 9 | E85: 관리국 지급 총의 낮은 피해 확인하기 | F85: 탄환이 명중해도 괴물의 체력은 거의 줄지 않고 움직임만 잠시 둔해져 일반 무기의 역할을 오해하기 쉬움 | G85: 같은 부위에 사격한 뒤 피해량과 경직량을 비교해 지급 총은 결정타가 아니라 거리 확보용 보조 수단임을 확인함 | H85: 4/10 – 조준 흔들림·탄약 제한·피해 수치 해석이 난이도를 결정함 | I85: 5 | J85: 탄환 명중 3회, 피해량·경직량 비교, 무기 한계 확인 | K85: 탄약 소진 시 관리국 드론이 시험 탄창을 1회 보급 | L85: 1분 10초 | M85: 첫 두 발은 조준 보정을 적용하고 피해 비교 UI를 크게 표시 | N85: =N84+(IFERROR(VALUE(LEFT(L85,FIND("분",L85)-1))*60,0)+IFERROR(VALUE(TRIM(MID(L85,IFERROR(FIND("분",L85),0)+1,IFERROR(FIND("초",L85),LEN(L85)+1)-IFERROR(FIND("분",L85),0)-1))),0))/86400 -> 0.091608796 | O85: 3-D | 도심 구조 임무 | P85: =P84+Q85 -> 356 | Q85: 7 | R85: =ROUND($Q$3*P85*P85+$R$3*P85,2) -> 6390.2 | S85: 전투 튜토리얼 | T85: 3 | U85: 70 | V85: 피해·경직 비교로 보조 무기 역할 이해 | W85: 0.001099537 | X85: 0.0009837963 | Y85: 0.00081018519 | AD85: -
A86: 3 | 재난 대응 | B86: 82 | C86: 5 | D86: 9 | E86: 보랏빛 공명 흔적 추적하기 | F86: 괴물을 피해 이동하는 동안 희미한 보랏빛 흔적이 잔해와 경고등에 섞여 잘 보이지 않음 | G86: 탐지기의 반응 강도와 바닥의 잔광을 비교해 괴물의 공격을 피하며 공명 물체의 위치를 좁힘 | H86: 5/10 – 시야 방해·탐지기 반응 지연·괴물 압박이 난이도를 결정함 | I86: 4 | J86: 공명 흔적 4개를 따라 무기 위치 도달 | K86: 체력 0 시 첫 흔적 체크포인트에서 재시작 | L86: 1분 30초 | M86: 재시도 시 탐지기 반응 범위를 넓히고 다음 흔적이 짧게 점멸 | N86: =N85+(IFERROR(VALUE(LEFT(L86,FIND("분",L86)-1))*60,0)+IFERROR(VALUE(TRIM(MID(L86,IFERROR(FIND("분",L86),0)+1,IFERROR(FIND("초",L86),LEN(L86)+1)-IFERROR(FIND("분",L86),0)-1))),0))/86400 -> 0.092650463 | O86: 3-D | 도심 구조 임무 | P86: =P85+Q86 -> 363 | Q86: 7 | R86: =ROUND($Q$3*P86*P86+$R$3*P86,2) -> 6642.9 | S86: 비전투 | T86: — | U86: — | V86: — | W86: 0.0016782407 | X86: 0.0013888889 | Y86: 0.0010416667 | AD86: -
A87: 3 | 재난 대응 | B87: 83 | C87: 5 | D87: 9 | E87: 붕괴 표지판의 철제 지지봉 회수하기 | F87: 공명하는 철제 지지봉이 잔해 아래 끼어 있고 괴물이 가까워지는 동안 여러 고정 장치를 풀어야 함 | G87: 총으로 괴물의 접근을 잠시 늦춘 뒤 고정핀을 순서대로 제거하고 보랏빛 지지봉을 뽑아 듦 | H87: 5/10 – 접근 제한시간·고정핀 순서·사격과 상호작용 전환이 난이도를 결정함 | I87: 3 | J87: 고정핀 3개 해제 후 철제 지지봉 획득 | K87: 괴물에게 붙잡히면 마지막 고정핀 단계부터 재시작 | L87: 1분 20초 | M87: 실패 후 괴물 경직 시간을 늘리고 다음 고정핀을 강조 | N87: =N86+(IFERROR(VALUE(LEFT(L87,FIND("분",L87)-1))*60,0)+IFERROR(VALUE(TRIM(MID(L87,IFERROR(FIND("분",L87),0)+1,IFERROR(FIND("초",L87),LEN(L87)+1)-IFERROR(FIND("분",L87),0)-1))),0))/86400 -> 0.093576389 | O87: 3-D | 도심 구조 임무 | P87: =P86+Q87 -> 370 | Q87: 7 | R87: =ROUND($Q$3*P87*P87+$R$3*P87,2) -> 6900.5 | S87: 비전투 | T87: — | U87: — | V87: — | W87: 0.0015046296 | X87: 0.0012152778 | Y87: 0.00092592593 | AD87: -
A88: 3 | 재난 대응 | B88: 84 | C88: 6 | D88: 9 | E88: 보랏빛 철제 지지봉으로 첫 괴물 제압하기 | F88: 괴물이 가까이 접근한 상태에서 처음 사용하는 근접 공명 무기의 짧은 사거리와 큰 후딜레이를 감당해야 함 | G88: 지급 총으로 돌진을 늦추고 회피 직후 보랏빛 철제 지지봉으로 외피와 약점을 차례로 타격함 | H88: 7/10 – 총으로 만드는 경직·근접 전환 시점·공명 공격 후 경직이 난이도를 결정함 | I88: 3 | J88: 총으로 경직 2회, 지지봉 약점 타격 3회, 괴물 1체 제압 | K88: 주인공 체력 0 시 철제 지지봉 획득 직후부터 재시작 | L88: 4분 20초 | M88: 첫 공명 타격은 슬로 모션으로 연출하고 실패 후 약점 노출 시간을 늘림 | N88: =N87+(IFERROR(VALUE(LEFT(L88,FIND("분",L88)-1))*60,0)+IFERROR(VALUE(TRIM(MID(L88,IFERROR(FIND("분",L88),0)+1,IFERROR(FIND("초",L88),LEN(L88)+1)-IFERROR(FIND("분",L88),0)-1))),0))/86400 -> 0.096585648 | O88: 3-D | 도심 구조 임무 | P88: =P87+Q88 -> 378 | Q88: 8 | R88: =ROUND($Q$3*P88*P88+$R$3*P88,2) -> 7200.9 | S88: 일반 몬스터 | T88: 6 | U88: 260 | V88: 총 경직→공명 무기 약점 타격 | W88: 0.0048611111 | X88: 0.0039351852 | Y88: 0.0030092593 | AD88: -
A89: 3 | 재난 대응 | B89: 85 | C89: 3 | D89: 8 | E89: 공명 무기가 보랏빛 재로 소멸하는 현상 확인하기 | F89: 첫 전투에서 얻은 강력한 무기를 계속 사용할 수 있을 것처럼 보이지만 전투 종료와 함께 무기가 붕괴함 | G89: 철제 지지봉이 보랏빛 재로 변하는 연출과 관리국 통신을 확인해 새로운 괴물마다 그 기억과 공명하는 물체를 찾아야 함을 이해함 | H89: 3/10 – 규칙 설명량·연출 가시성이 난이도를 결정함 | I89: 2 | J89: 무기 소멸 연출과 전투 기록의 신규 규칙 확인 | K89: - | L89: 1분 | M89: 핵심 규칙을 전투 기록에 자동 저장 | N89: =N88+(IFERROR(VALUE(LEFT(L89,FIND("분",L89)-1))*60,0)+IFERROR(VALUE(TRIM(MID(L89,IFERROR(FIND("분",L89),0)+1,IFERROR(FIND("초",L89),LEN(L89)+1)-IFERROR(FIND("분",L89),0)-1))),0))/86400 -> 0.097280093 | O89: 3-D | 도심 구조 임무 | P89: =P88+Q89 -> 384 | Q89: 6 | R89: =ROUND($Q$3*P89*P89+$R$3*P89,2) -> 7430.4 | S89: 비전투 | T89: — | U89: — | V89: — | W89: 0.0009837963 | X89: 0.00081018519 | Y89: 0.00069444444 | AD89: -
A90: 3 | 재난 대응 | B90: 86 | C90: 1 | D90: 7 | E90: 구조 임무 완료 보고하기 | F90: 완료 정보와 새로 발견한 사실 중 무엇을 보고해야 하는지 구분해야 함 | G90: 임무 결과·인원·특이사항을 확인하고 구조 인원과 현장 상태를 순서대로 보고함 | H90: 2/10 – 보고 항목 수·정보 분산 정도가 난이도를 결정함 | I90: 2 | J90: 필수 보고 항목 모두 선택 | K90: 누락 항목이 있으면 보고 완료 불가 | L90: 1분 20초 | M90: 미보고 항목을 체크리스트로 표시 | N90: =N89+(IFERROR(VALUE(LEFT(L90,FIND("분",L90)-1))*60,0)+IFERROR(VALUE(TRIM(MID(L90,IFERROR(FIND("분",L90),0)+1,IFERROR(FIND("초",L90),LEN(L90)+1)-IFERROR(FIND("분",L90),0)-1))),0))/86400 -> 0.098206019 | O90: 3-D | 도심 구조 임무 | P90: =P89+Q90 -> 387 | Q90: 3 | R90: =ROUND($Q$3*P90*P90+$R$3*P90,2) -> 7546.5 | S90: 비전투 | T90: — | U90: — | V90: — | W90: 0.001099537 | X90: 0.0009837963 | Y90: 0.00092592593 | AD90: - | AE90: [도시] +5%
A91: 3 | 재난 대응 | B91: 87 | C91: 1 | D91: 7 | E91: 지하 주차장 구조 요청 받기 | F91: 관리국은 시민 구조보다 괴물 제압 영상을 우선 요구하며 임무 목적이 충돌함 | G91: 구조 대상 위치와 촬영 지시를 확인하고 시민 구조를 우선 목표로 설정함 | H91: 2/10 – 상충하는 목표 문구와 선택의 감정적 부담이 난이도를 결정함 | I91: 2 | J91: 지하 주차장 구조 임무 수락 | K91: - | L91: 50초 | M91: 브리핑 종료 후 구조 목표와 홍보 목표를 분리 표시 | N91: =N90+(IFERROR(VALUE(LEFT(L91,FIND("분",L91)-1))*60,0)+IFERROR(VALUE(TRIM(MID(L91,IFERROR(FIND("분",L91),0)+1,IFERROR(FIND("초",L91),LEN(L91)+1)-IFERROR(FIND("분",L91),0)-1))),0))/86400 -> 0.098784722 | O91: 3-E | 지하 주차장 구조 | P91: =P90+Q91 -> 390 | Q91: 3 | R91: =ROUND($Q$3*P91*P91+$R$3*P91,2) -> 7663.5 | S91: 비전투 | T91: — | U91: — | V91: — | W91: 0.00069444444 | X91: 0.00063657407 | Y91: 0.0005787037 | AD91: -
A92: 3 | 재난 대응 | B92: 88 | C92: 4 | D92: 8 | E92: 주차 차단기 막대의 공명 찾기 | F92: 비상등과 차량 경보가 반복되어 탐지기 반응과 보랏빛 잔광을 구분하기 어려움 | G92: 경보 주기와 무관하게 반응하는 물체를 비교해 부러진 주차 차단기 막대를 찾아냄 | H92: 4/10 – 가짜 반응 수·시야 점멸·탐색 범위가 난이도를 결정함 | I92: 5 | J92: 가짜 반응을 제외하고 공명 차단기 막대 발견 | K92: 오탐 4회 시 괴물의 위치가 가까워짐 | L92: 1분 20초 | M92: 오탐 후 경보와 동기화된 가짜 반응을 회색으로 표시 | N92: =N91+(IFERROR(VALUE(LEFT(L92,FIND("분",L92)-1))*60,0)+IFERROR(VALUE(TRIM(MID(L92,IFERROR(FIND("분",L92),0)+1,IFERROR(FIND("초",L92),LEN(L92)+1)-IFERROR(FIND("분",L92),0)-1))),0))/86400 -> 0.099710648 | O92: 3-E | 지하 주차장 구조 | P92: =P91+Q92 -> 397 | Q92: 7 | R92: =ROUND($Q$3*P92*P92+$R$3*P92,2) -> 7940 | S92: 비전투 | T92: — | U92: — | V92: — | W92: 0.0012731481 | X92: 0.001099537 | Y92: 0.00092592593 | AD92: -
A93: 3 | 재난 대응 | B93: 89 | C93: 6 | D93: 9 | E93: 차량 사이로 괴물 유인하기 | F93: 좁은 차량 사이에서는 회피 공간이 부족하고 경보음이 괴물의 돌진 방향을 바꿈 | G93: 차량 경적을 순서대로 작동시켜 괴물을 넓은 통로로 유인하고 시민과의 거리를 벌림 | H93: 6/10 – 통로 폭·돌진 속도·경적 재사용 시간·시민 위치가 난이도를 결정함 | I93: 4 | J93: 괴물을 지정된 넓은 통로까지 유인 | K93: 시민 구역 진입 또는 체력 0 시 체크포인트 재시작 | L93: 1분 30초 | M93: 재시도 시 돌진 예고 시간을 늘리고 다음 경적 위치를 표시 | N93: =N92+(IFERROR(VALUE(LEFT(L93,FIND("분",L93)-1))*60,0)+IFERROR(VALUE(TRIM(MID(L93,IFERROR(FIND("분",L93),0)+1,IFERROR(FIND("초",L93),LEN(L93)+1)-IFERROR(FIND("분",L93),0)-1))),0))/86400 -> 0.10075231 | O93: 3-E | 지하 주차장 구조 | P93: =P92+Q93 -> 405 | Q93: 8 | R93: =ROUND($Q$3*P93*P93+$R$3*P93,2) -> 8262 | S93: 전투 연계 | T93: 5 | U93: 90 | V93: 경적 유도·시민과 거리 확보 | W93: 0.0016782407 | X93: 0.0013888889 | Y93: 0.0010416667 | AD93: -
A94: 3 | 재난 대응 | B94: 90 | C94: 6 | D94: 9 | E94: 차단기 막대로 괴물 제압하기 | F94: 괴물이 연속 돌진해 공격 가능한 시간이 짧지만 공명 무기의 타격은 큰 피해를 줌 | G94: 돌진을 옆으로 피한 뒤 차단기 막대로 약점을 두 번 가격해 짧은 시간 안에 제압함 | H94: 6/10 – 돌진 예고·회피 타이밍·약점 노출 시간이 난이도를 결정함 | I94: 2 | J94: 공명 타격 2회로 괴물 1체 제압 | K94: 체력 0 시 유인 완료 지점부터 재시작 | L94: 35초 | M94: 첫 실패 후 약점 노출 시간을 늘리고 공격 방향 보정 적용 | N94: =N93+(IFERROR(VALUE(LEFT(L94,FIND("분",L94)-1))*60,0)+IFERROR(VALUE(TRIM(MID(L94,IFERROR(FIND("분",L94),0)+1,IFERROR(FIND("초",L94),LEN(L94)+1)-IFERROR(FIND("분",L94),0)-1))),0))/86400 -> 0.10115741 | O94: 3-E | 지하 주차장 구조 | P94: =P93+Q94 -> 413 | Q94: 8 | R94: =ROUND($Q$3*P94*P94+$R$3*P94,2) -> 8590.4 | S94: ="일반 몬스터" -> 일반 몬스터 | T94: 5 | U94: =35 -> 35 | V94: 돌진 회피→약점 2회 타격 | W94: 0.00069444444 | X94: 0.0005787037 | Y94: 0.00040509259 | Z94: ="" | AB94: ="" | AD94: -
A95: 3 | 재난 대응 | B95: 91 | C95: 3 | D95: 8 | E95: 봉쇄된 임시 대피소의 구조 요청 확인하기 | F95: 철문 안쪽은 안전하지만 문밖의 구조 요청이 반복되고 관리자는 추가 생존자의 입장을 완전히 차단함 | G95: 무전 기록과 출입 명부를 확인해 관리인이 공포를 넘어 문밖의 사람을 위험 요소로 보기 시작했음을 파악함 | H95: 4/10 – 구조 요청 위치·출입 기록 순서·경보음의 중첩이 판단 난이도를 결정함 | I95: 3 | J95: 문밖 생존자 3명의 위치와 봉쇄 원인 확인 | K95: - | L95: 1분 20초 | M95: 기록의 시간 순서를 자동 정렬하고 마지막 구조 요청 위치 표시 | N95: =N94+(IFERROR(VALUE(LEFT(L95,FIND("분",L95)-1))*60,0)+IFERROR(VALUE(TRIM(MID(L95,IFERROR(FIND("분",L95),0)+1,IFERROR(FIND("초",L95),LEN(L95)+1)-IFERROR(FIND("분",L95),0)-1))),0))/86400 -> 0.10208333 | O95: 3-F | 첫 보스·봉쇄 대피소 | P95: =P94+Q95 -> 417 | Q95: 4 | R95: =ROUND($Q$3*P95*P95+$R$3*P95,2) -> 8757 | S95: ="비전투" -> 비전투 | T95: — | U95: ="—" -> — | V95: — | W95: 0.0012731481 | X95: 0.001099537 | Y95: 0.00092592593 | AD95: -0.05
A96: 3 | 재난 대응 | B96: 92 | C96: 5 | D96: 9 | E96: 닫힌 문지기의 돌진으로 철문 파괴하기 | F96: 보스가 출입문을 계속 닫고 철문 뒤에서 충격파를 발생시켜 직접 공격만으로는 방어 외피를 깨기 어려움 | G96: 돌진 예고를 확인하고 잠긴 철문 앞으로 유도해 충돌시키며 봉쇄문 3개와 외피를 차례로 파괴함 | H96: 6/10 – 돌진 속도·유도 각도·철문 간격이 난이도를 결정함 | I96: 3 | J96: 보스 돌진으로 잠긴 철문 3개 파괴 | K96: 주인공 체력 0 시 보스전 시작 지점 재시작 | L96: 1분 30초 | M96: 실패 후 돌진 궤적과 충돌 가능한 철문을 강조 | N96: =N95+(IFERROR(VALUE(LEFT(L96,FIND("분",L96)-1))*60,0)+IFERROR(VALUE(TRIM(MID(L96,IFERROR(FIND("분",L96),0)+1,IFERROR(FIND("초",L96),LEN(L96)+1)-IFERROR(FIND("분",L96),0)-1))),0))/86400 -> 0.103125 | O96: 3-F | 첫 보스·봉쇄 대피소 | P96: =P95+Q96 -> 425 | Q96: 8 | R96: =ROUND($Q$3*P96*P96+$R$3*P96,2) -> 9095 | S96: 보스 | T96: 5 | U96: 90 | V96: 돌진 유도→철문 파괴 | W96: 0.0061342593 | X96: 0.0049768519 | Y96: 0.0038194444 | Z96: 750 | AA96: 3 | AB96: 210 | AC96: 120 | AD96: - | AF96: 문지기 처치
A97: 3 | 재난 대응 | B97: 93 | C97: 4 | D97: 9 | E97: 문밖 시민을 열린 통로로 유도하기 | F97: 철문이 열려도 겁에 질린 시민들이 서로 다른 방향으로 움직여 보스의 충격파 범위에 다시 진입함 | G97: 차한해가 접근하면 반대 방향으로 움직이는 시민 반응을 이용해 3명을 순서대로 안전 구역에 넣음 | H97: 6/10 – 시민 간 거리·충격파 주기·안전 구역 위치가 난이도를 결정함 | I97: 3 | J97: 시민 3명 전원 안전 구역 도착 | K97: 시민 체력 0 시 현재 페이즈 재시작 | L97: 2분 30초 | M97: 시민 이동 예상 방향과 안전 구역 경계를 표시 | N97: =N96+(IFERROR(VALUE(LEFT(L97,FIND("분",L97)-1))*60,0)+IFERROR(VALUE(TRIM(MID(L97,IFERROR(FIND("분",L97),0)+1,IFERROR(FIND("초",L97),LEN(L97)+1)-IFERROR(FIND("분",L97),0)-1))),0))/86400 -> 0.10486111 | O97: 3-F | 첫 보스·봉쇄 대피소 | P97: =P96+Q97 -> 432 | Q97: 7 | R97: =ROUND($Q$3*P97*P97+$R$3*P97,2) -> 9396 | S97: ="일반 몬스터" -> 일반 몬스터 | T97: 5 | U97: =35 -> 35 | V97: 시민 밀어내기·안전 구역 유도 | Z97: ="" | AB97: ="" | AD97: - | AE97: [도시] +5%
A98: 3 | 재난 대응 | B98: 94 | C98: 6 | D98: 9 | E98: 닫힌 문지기의 방어 핵 제압하기 | F98: 모든 문이 열리면 보스가 남은 철판을 몸에 둘러 짧은 시간 동안 핵을 노출함 | G98: 충격파를 옆으로 피한 뒤 노출된 핵을 공명 무기로 3회 타격해 봉쇄 외피를 해제함 | H98: 6/10 – 핵 노출 시간·근접 전환 타이밍·충격파 간격이 난이도를 결정함 | I98: 3 | J98: 방어 핵 공명 타격 3회 성공 | K98: 주인공 체력 0 시 핵 노출 페이즈 재시작 | L98: 1분 30초 | M98: 반복 실패 시 핵 노출 시간을 늘리고 마지막 타격에 조준 보정 적용 | N98: =N97+(IFERROR(VALUE(LEFT(L98,FIND("분",L98)-1))*60,0)+IFERROR(VALUE(TRIM(MID(L98,IFERROR(FIND("분",L98),0)+1,IFERROR(FIND("초",L98),LEN(L98)+1)-IFERROR(FIND("분",L98),0)-1))),0))/86400 -> 0.10590278 | O98: 3-F | 첫 보스·봉쇄 대피소 | P98: =P97+Q98 -> 439 | Q98: 7 | R98: =ROUND($Q$3*P98*P98+$R$3*P98,2) -> 9701.9 | S98: 보스 | T98: 6 | U98: 90 | V98: 충격파 회피→노출 핵 집중 공격 | AD98: -0.05
A99: 3 | 재난 대응 | B99: 95 | C99: 1 | D99: 8 | E99: 관리인의 마지막 출입 기록 확인하기 | F99: 보스가 쓰러진 뒤에도 잠긴 문을 지켜야 한다는 독백과 문밖 사람들의 구조 요청이 겹쳐 들림 | G99: 출입 기록과 남은 음성을 확인해 사람들을 지키려던 행동이 타인을 외면하는 안도감으로 변한 과정을 이해함 | H99: 3/10 – 기록의 감정 변화와 사건 순서를 연결하는 이해 난이도가 중심임 | I99: 4 | J99: 필수 출입 기록 4개 확인 | K99: - | L99: 1분 | M99: 시간순 자동 재생과 핵심 문장 기록 메뉴 저장 | N99: =N98+(IFERROR(VALUE(LEFT(L99,FIND("분",L99)-1))*60,0)+IFERROR(VALUE(TRIM(MID(L99,IFERROR(FIND("분",L99),0)+1,IFERROR(FIND("초",L99),LEN(L99)+1)-IFERROR(FIND("분",L99),0)-1))),0))/86400 -> 0.10659722 | O99: 3-F | 첫 보스·봉쇄 대피소 | P99: =P98+Q99 -> 443 | Q99: 4 | R99: =ROUND($Q$3*P99*P99+$R$3*P99,2) -> 9878.9 | S99: 비전투 | T99: — | U99: — | V99: — | W99: 0.00081018519 | X99: 0.00075231481 | Y99: 0.00069444444 | AD99: -
A100: 3 | 재난 대응 | B100: 96 | C100: 4 | D100: 6 | E100: 시민들의 연속 부탁 처리하기 | F100: 작은 목표가 연속으로 추가되어 피로와 동선 낭비가 누적됨 | G100: 요청 위치를 묶어 처리하고 우선순위를 정해 작은 부탁이 끊임없이 추가되는 상황을 정리함 | H100: 7/10 – 요청 수·이동 거리·동시 활성 목표 수가 난이도를 결정함 | I100: 7 | J100: 필수 부탁 전부 완료 | K100: 필수 부탁을 포기하면 해당 구간 보상 감소 | L100: 4분 | M100: 비슷한 위치의 부탁을 한 묶음으로 지도에 표시 | N100: =N99+(IFERROR(VALUE(LEFT(L100,FIND("분",L100)-1))*60,0)+IFERROR(VALUE(TRIM(MID(L100,IFERROR(FIND("분",L100),0)+1,IFERROR(FIND("초",L100),LEN(L100)+1)-IFERROR(FIND("분",L100),0)-1))),0))/86400 -> 0.109375 | O100: 3-G | 임무 후 대피소·영웅화 압박 | P100: =P99+Q100 -> 449 | Q100: 6 | R100: =ROUND($Q$3*P100*P100+$R$3*P100,2) -> 10147.4 | S100: 비전투 | T100: — | U100: — | V100: — | W100: 0.0037615741 | X100: 0.0032407407 | Y100: 0.0027777778 | AD100: - | AE100: [도시] +5%
A101: 3 | 재난 대응 | B101: 97 | C101: 6 | D101: 9 | E101: 승강장 전광판의 금속 프레임 회수하기 | F101: 정전과 열차 진입 경고 속에서 공명 물체가 선로 가까이에 떨어져 접근 시간이 제한됨 | G101: 열차 경고 주기를 확인해 안전 시간에 선로 가장자리로 접근하고 전광판 프레임을 끌어올림 | H101: 6/10 – 경고 주기·접근 가능 시간·상호작용 지속시간이 난이도를 결정함 | I101: 3 | J101: 고정 장치 3개 해제 후 금속 프레임 획득 | K101: 경고 시간 안에 복귀하지 못하면 승강장 체크포인트 재시작 | L101: 1분 30초 | M101: 재시도 시 열차 경고 시간을 늘리고 안전 구역을 선으로 표시 | N101: =N100+(IFERROR(VALUE(LEFT(L101,FIND("분",L101)-1))*60,0)+IFERROR(VALUE(TRIM(MID(L101,IFERROR(FIND("분",L101),0)+1,IFERROR(FIND("초",L101),LEN(L101)+1)-IFERROR(FIND("분",L101),0)-1))),0))/86400 -> 0.11041667 | O101: 3-H | 지하철 승강장 구조 | P101: =P100+Q101 -> 457 | Q101: 8 | R101: =ROUND($Q$3*P101*P101+$R$3*P101,2) -> 10511 | S101: 비전투 | T101: — | U101: — | V101: — | W101: 0.0016782407 | X101: 0.0013888889 | Y101: 0.0010416667 | AD101: -
A102: 3 | 재난 대응 | B102: 98 | C102: 7 | D102: 9 | E102: 승강장 괴물 2체 연속 제압하기 | F102: 두 괴물이 다른 방향에서 공격하지만 공명 무기는 한 번에 한 방향만 넓게 타격함 | G102: 첫 괴물을 넉백시켜 두 적을 한 방향에 모은 뒤 금속 프레임의 넓은 휘두르기로 빠르게 제압함 | H102: 7/10 – 적 간격·공격 방향·넉백 거리·연속 공격 타이밍이 난이도를 결정함 | I102: 2 | J102: 시민 피해 없이 괴물 2체 제압 | K102: 시민 체력 0 또는 주인공 체력 0 시 전투 시작부터 재시작 | L102: 50초 | M102: 재시도 시 첫 넉백 거리를 늘리고 시민 주변에 보호 구역 표시 | N102: =N101+(IFERROR(VALUE(LEFT(L102,FIND("분",L102)-1))*60,0)+IFERROR(VALUE(TRIM(MID(L102,IFERROR(FIND("분",L102),0)+1,IFERROR(FIND("초",L102),LEN(L102)+1)-IFERROR(FIND("분",L102),0)-1))),0))/86400 -> 0.11099537 | O102: 3-H | 지하철 승강장 구조 | P102: =P101+Q102 -> 466 | Q102: 9 | R102: =ROUND($Q$3*P102*P102+$R$3*P102,2) -> 10927.7 | S102: 일반 몬스터 | T102: 7 | U102: 50 | V102: 넉백으로 2체 정렬·광역 타격 | W102: 0.001099537 | X102: 0.00086805556 | Y102: 0.0005787037 | AD102: -
A103: 3 | 재난 대응 | B103: 99 | C103: 1 | D103: 9 | E103: 대피소의 아이에게 사탕 건네기 | F103: 아이는 어머니가 돌아오면 함께 먹겠다며 사탕을 바로 받지 않고 가족사진을 계속 쥐고 있음 | G103: 아이와 짧게 대화하고 사탕을 보관해 주며 가족사진과 철제 잔해 사고의 단서를 확인함 | H103: 2/10 – 짧은 대화 속 가족 단서를 알아차리는 난이도가 중심임 | I103: 3 | J103: 아이와 대화 완료 및 사탕 보관 | K103: - | L103: 1분 | M103: 가족사진을 기록 메뉴에 자동 등록 | N103: =N102+(IFERROR(VALUE(LEFT(L103,FIND("분",L103)-1))*60,0)+IFERROR(VALUE(TRIM(MID(L103,IFERROR(FIND("분",L103),0)+1,IFERROR(FIND("초",L103),LEN(L103)+1)-IFERROR(FIND("분",L103),0)-1))),0))/86400 -> 0.11168981 | O103: 3-I | 융합 보스·폭력의 순환 | P103: =P102+Q103 -> 469 | Q103: 3 | R103: =ROUND($Q$3*P103*P103+$R$3*P103,2) -> 11068.4 | S103: 비전투 | T103: — | U103: — | V103: — | W103: 0.00081018519 | X103: 0.00075231481 | Y103: 0.00069444444 | AD103: - | AE103: [도시] +5%
A104: 3 | 재난 대응 | B104: 100 | C104: 7 | D104: 10 | E104: 융합된 괴물의 단일 외피 공략하기 | F104: 한 몸에서 서로 반대되는 공격 전조가 나타나 같은 방식으로 대응하면 시민과 주인공이 동시에 위험해짐 | G104: 좌우 얼굴과 팔의 전조를 구분하며 외피의 공명 부위를 타격해 내부의 두 기억을 분리시킴 | H104: 8/10 – 전조 구분·공격 방향·시민 위치·외피 약점 노출이 난이도를 결정함 | I104: 4 | J104: 융합 외피 약점 4회 타격 후 분열 연출 발생 | K104: 주인공 또는 시민 체력 0 시 1페이즈 재시작 | L104: 2분 | M104: 첫 실패 후 두 공격 전조의 형태와 음성을 더 명확히 구분 | N104: =N103+(IFERROR(VALUE(LEFT(L104,FIND("분",L104)-1))*60,0)+IFERROR(VALUE(TRIM(MID(L104,IFERROR(FIND("분",L104),0)+1,IFERROR(FIND("초",L104),LEN(L104)+1)-IFERROR(FIND("분",L104),0)-1))),0))/86400 -> 0.1130787 | O104: 3-I | 융합 보스·폭력의 순환 | P104: =P103+Q104 -> 479 | Q104: 10 | R104: =ROUND($Q$3*P104*P104+$R$3*P104,2) -> 11543.9 | S104: 보스 | T104: 7 | U104: 120 | V104: 상반된 전조 판별·외피 파괴 | W104: 0.0092592593 | X104: 0.0070601852 | Y104: 0.0048611111 | Z104: 900 | AA104: 3 | AB104: 210 | AC104: 210 | AD104: -0.05 | AF104: 융합된 괴물 처치
A105: 3 | 재난 대응 | B105: 101 | C105: 7 | D105: 10 | E105: 받아내는 자의 공격을 시민 대신 막기 | F105: 가정폭력의 기억에 갇힌 보스가 시민을 아이로 인식해 공격하며 차한해가 피하면 남편이 다시 책임을 회피했다고 판단함 | G105: 보스와 지목된 시민 사이의 공격 경로에 들어가 낮은 피해의 공격을 받아내며 환각을 일시적으로 해제함 | H105: 8/10 – 대상 표식·차단 위치·동시 공격 주기가 난이도를 결정함 | I105: 3 | J105: 시민 피해 없이 받아내기 공격 3회 성공 | K105: 받아내기 실패 2회 시 화염 폭주 패턴 발생 | L105: 1분 | M105: 공격 경로와 받아내기 가능 판정 범위를 선으로 표시 | N105: =N104+(IFERROR(VALUE(LEFT(L105,FIND("분",L105)-1))*60,0)+IFERROR(VALUE(TRIM(MID(L105,IFERROR(FIND("분",L105),0)+1,IFERROR(FIND("초",L105),LEN(L105)+1)-IFERROR(FIND("분",L105),0)-1))),0))/86400 -> 0.11377315 | O105: 3-I | 융합 보스·폭력의 순환 | P105: =P104+Q105 -> 487 | Q105: 8 | R105: =ROUND($Q$3*P105*P105+$R$3*P105,2) -> 11931.5 | S105: 보스 | T105: 7 | U105: 60 | V105: 시민 대신 공격 받아내기 | AD105: - | AE105: [도시] +5%
A106: 3 | 재난 대응 | B106: 102 | C106: 8 | D106: 10 | E106: 빗나가게 하는 자의 공격을 끝까지 피하기 | F106: 군대 시절 폭행 기억에 갇힌 보스는 공격을 맞히는 순간 자신이 다시 가해자가 되었다고 인식함 | G106: 보스가 의도적으로 남겨 둔 빈 공간과 떨리는 어깨 신호를 읽고 모든 공격을 회피함 | H106: 8/10 – 회피 공간 크기·연속 공격 수·가짜 전조가 난이도를 결정함 | I106: 5 | J106: 보스 공격 5회 연속 회피 | K106: 공격 피격 시 트라우마 폭주 패턴으로 전환 | L106: 1분 | M106: 실패 후 안전 방향을 0.5초간 잔상으로 표시 | N106: =N105+(IFERROR(VALUE(LEFT(L106,FIND("분",L106)-1))*60,0)+IFERROR(VALUE(TRIM(MID(L106,IFERROR(FIND("분",L106),0)+1,IFERROR(FIND("초",L106),LEN(L106)+1)-IFERROR(FIND("분",L106),0)-1))),0))/86400 -> 0.11446759 | O106: 3-I | 융합 보스·폭력의 순환 | P106: =P105+Q106 -> 495 | Q106: 8 | R106: =ROUND($Q$3*P106*P106+$R$3*P106,2) -> 12325.5 | S106: 보스 | T106: 8 | U106: 60 | V106: 의도된 빈틈 판독·연속 회피 | AD106: -
A107: 3 | 재난 대응 | B107: 103 | C107: 7 | D107: 10 | E107: 군인의 트라우마 폭주에서 시민 대피시키기 | F107: 공격이 적중하면 보스가 구석에서 머리카락을 쥐어뜯은 뒤 임시 막사로 착각한 주변을 반복해서 내려침 | G107: 시민에게 접근해 반대 방향으로 이동시키고 내려치기 범위가 좁아지는 순서에 맞춰 안전 구역으로 몰아냄 | H107: 9/10 – 시민 수·내려치기 범위·이동 반응·제한시간이 난이도를 결정함 | I107: 4 | J107: 폭주 종료 전 시민 4명 전원 대피 | K107: 시민 체력 0 시 2페이즈 시작 지점 재시작 | L107: 1분 15초 | M107: 시민 이동 예상 방향과 다음 내려치기 범위를 표시 | N107: =N106+(IFERROR(VALUE(LEFT(L107,FIND("분",L107)-1))*60,0)+IFERROR(VALUE(TRIM(MID(L107,IFERROR(FIND("분",L107),0)+1,IFERROR(FIND("초",L107),LEN(L107)+1)-IFERROR(FIND("분",L107),0)-1))),0))/86400 -> 0.11533565 | O107: 3-I | 융합 보스·폭력의 순환 | P107: =P106+Q107 -> 502 | Q107: 7 | R107: =ROUND($Q$3*P107*P107+$R$3*P107,2) -> 12675.5 | S107: 보스 | T107: 8 | U107: 75 | V107: 시민 몰이·범위 대피 | AD107: - | AE107: [도시] +5%
A108: 3 | 재난 대응 | B108: 104 | C108: 8 | D108: 10 | E108: 엄마의 화염 폭주 경로 차단하기 | F108: 받아내기 공격이 빗나가면 보스가 차한해를 도망가는 남편으로 오인해 사방으로 원거리 화염을 방출함 | G108: 시민 방향의 화염 경로를 공명 방벽으로 막고 남은 투사체 사이의 안전 구간으로 이동함 | H108: 8/10 – 투사체 수·방벽 유지시간·잔류 화염 위치가 난이도를 결정함 | I108: 4 | J108: 시민 피해 없이 화염 파동 4회 차단 | K108: 방벽 파괴 또는 시민 체력 0 시 현재 패턴 재시작 | L108: 1분 15초 | M108: 첫 실패 후 시민 방향 투사체를 더 굵게 표시 | N108: =N107+(IFERROR(VALUE(LEFT(L108,FIND("분",L108)-1))*60,0)+IFERROR(VALUE(TRIM(MID(L108,IFERROR(FIND("분",L108),0)+1,IFERROR(FIND("초",L108),LEN(L108)+1)-IFERROR(FIND("분",L108),0)-1))),0))/86400 -> 0.1162037 | O108: 3-I | 융합 보스·폭력의 순환 | P108: =P107+Q108 -> 509 | Q108: 7 | R108: =ROUND($Q$3*P108*P108+$R$3*P108,2) -> 13030.4 | S108: 보스 | T108: 8 | U108: 75 | V108: 방사형 투사체 차단·잔류 화염 회피 | AD108: -
A109: 3 | 재난 대응 | B109: 105 | C109: 8 | D109: 10 | E109: 폭력의 순환 핵 파괴하기 | F109: 두 보스의 체력이 낮아지면 때리는 기억과 맞는 기억이 다시 결합해 외피를 재생하려 함 | G109: 두 보스를 가까운 위치에 유도하고 동시에 노출된 연결 핵을 공명 타격해 폭력의 순환 구조를 끊음 | H109: 9/10 – 두 보스 위치·동시 약점 시간·마지막 타격 타이밍이 난이도를 결정함 | I109: 2 | J109: 연결 핵 2개 동시 파괴 | K109: 시간 초과 시 두 보스 체력 일부 회복 | L109: 30초 | M109: 반복 실패 시 동시 약점 노출 시간을 늘림 | N109: =N108+(IFERROR(VALUE(LEFT(L109,FIND("분",L109)-1))*60,0)+IFERROR(VALUE(TRIM(MID(L109,IFERROR(FIND("분",L109),0)+1,IFERROR(FIND("초",L109),LEN(L109)+1)-IFERROR(FIND("분",L109),0)-1))),0))/86400 -> 0.11655093 | O109: 3-I | 융합 보스·폭력의 순환 | P109: =P108+Q109 -> 516 | Q109: 7 | R109: =ROUND($Q$3*P109*P109+$R$3*P109,2) -> 13390.2 | S109: 보스 | T109: 8 | U109: 30 | V109: 2체 위치 정렬·동시 핵 파괴 | AD109: -
A110: 3 | 재난 대응 | B110: 106 | C110: 1 | D110: 7 | E110: 자아 마모도 변화 확인하기 | F110: UI 변화가 서서히 나타나 원인과 의미를 알아차리기 어려움 | G110: 이전 상태와 비교하며 표정·UI 색상·독백의 변화 단계를 확인함 | H110: 4/10 – 변화의 시각적 차이·설명 문구의 명확성이 난이도를 결정함 | I110: 3 | J110: 상태 안내와 독백 확인 | K110: - | L110: 1분 20초 | M110: 첫 변화 발생 시 이전·현재 상태 비교 창 제공 | N110: =N109+(IFERROR(VALUE(LEFT(L110,FIND("분",L110)-1))*60,0)+IFERROR(VALUE(TRIM(MID(L110,IFERROR(FIND("분",L110),0)+1,IFERROR(FIND("초",L110),LEN(L110)+1)-IFERROR(FIND("분",L110),0)-1))),0))/86400 -> 0.11747685 | O110: 3-J | 영웅화·특혜의 고착 | P110: =P109+Q110 -> 519 | Q110: 3 | R110: =ROUND($Q$3*P110*P110+$R$3*P110,2) -> 13545.9 | S110: 비전투 | T110: — | U110: — | V110: — | W110: 0.001099537 | X110: 0.0009837963 | Y110: 0.00092592593 | AD110: -
A111: 3 | 재난 대응 | B111: 107 | C111: 3 | D111: 5 | E111: 다음 출동 준비하기 | F111: 전투 후 공명 무기가 보랏빛 잔류물과 함께 부서져 다음 지역에서는 새 무기를 찾아야 함 | G111: 사라진 임시 무기와 남은 장비를 확인하고 탐지기·회복품·지급 총을 다음 출동 기준에 맞게 정비함 | H111: 5/10 – 확인 항목 수·인벤토리 복잡도·추천 정보가 난이도를 결정함 | I111: 5 | J111: 공명 무기 소멸 확인 및 필수 장비·회복품 준비 | K111: 필수 장비 미장착 시 출동 불가 | L111: 2분 | M111: 누락 항목 경고와 추천 장비 표시 | N111: =N110+(IFERROR(VALUE(LEFT(L111,FIND("분",L111)-1))*60,0)+IFERROR(VALUE(TRIM(MID(L111,IFERROR(FIND("분",L111),0)+1,IFERROR(FIND("초",L111),LEN(L111)+1)-IFERROR(FIND("분",L111),0)-1))),0))/86400 -> 0.11886574 | O111: 3-J | 영웅화·특혜의 고착 | P111: =P110+Q111 -> 523 | Q111: 4 | R111: =ROUND($Q$3*P111*P111+$R$3*P111,2) -> 13754.9 | S111: 비전투 | T111: — | U111: — | V111: — | W111: 0.0019097222 | X111: 0.0016203704 | Y111: 0.0013888889 | AD111: -
A112: 3 | 재난 대응 | B112: 108 | C112: 2 | D112: 9 | E112: 고등급자 특혜가 일상화된 기록 확인하기 | F112: 구조 성과와 무관한 전용 숙소·차량·방송 일정이 임무 기록보다 더 크게 관리되고 있음 | G112: 초기 구조 기록과 최근 활동 기록을 비교해 선행의 목적이 구조에서 특혜 유지로 변한 과정을 확인함 | H112: 4/10 – 시간대별 기록 수·행동 목적의 변화·누락 정보가 난이도를 결정함 | I112: 5 | J112: 초기·중기·후기 기록의 변화점 5개 확인 | K112: - | L112: 1분 30초 | M112: 비교 화면에서 같은 항목의 변화 부분을 강조 | N112: =N111+(IFERROR(VALUE(LEFT(L112,FIND("분",L112)-1))*60,0)+IFERROR(VALUE(TRIM(MID(L112,IFERROR(FIND("분",L112),0)+1,IFERROR(FIND("초",L112),LEN(L112)+1)-IFERROR(FIND("분",L112),0)-1))),0))/86400 -> 0.11990741 | O112: 3-J | 영웅화·특혜의 고착 | P112: =P111+Q112 -> 528 | Q112: 5 | R112: =ROUND($Q$3*P112*P112+$R$3*P112,2) -> 14018.4 | S112: 비전투 | T112: — | U112: — | V112: — | W112: 0.0012152778 | X112: 0.001099537 | Y112: 0.0010416667 | AD112: -
A113: 3 | 재난 대응 | B113: 109 | C113: 3 | D113: 9 | E113: 출동을 거부한 고등급자의 숙소 조사하기 | F113: 긴급 구조 알림은 꺼져 있고 호화 숙소 안에는 촬영 일정과 등급 유지 자료만 남아 있음 | G113: 꺼진 구조 단말기·닫힌 커튼·등급 자료를 조사해 '다른 고등급자를 보내라'는 마지막 선택을 재구성함 | H113: 5/10 – 조사 대상 수·시간 순서·선의 0 도달 단서가 난이도를 결정함 | I113: 5 | J113: 선의 수치가 0이 된 마지막 선택의 단서 5개 조사 | K113: - | L113: 1분 40초 | M113: 필수 단서를 모두 확인하면 마지막 음성 자동 재생 | N113: =N112+(IFERROR(VALUE(LEFT(L113,FIND("분",L113)-1))*60,0)+IFERROR(VALUE(TRIM(MID(L113,IFERROR(FIND("분",L113),0)+1,IFERROR(FIND("초",L113),LEN(L113)+1)-IFERROR(FIND("분",L113),0)-1))),0))/86400 -> 0.12106481 | O113: 3-J | 영웅화·특혜의 고착 | P113: =P112+Q113 -> 533 | Q113: 5 | R113: =ROUND($Q$3*P113*P113+$R$3*P113,2) -> 14284.4 | S113: 비전투 | T113: — | U113: — | V113: — | W113: 0.0015625 | X113: 0.0013310185 | Y113: 0.0011574074 | AD113: -
A114: 3 | 재난 대응 | B114: 110 | C114: 6 | D114: 10 | E114: 갈채를 먹는 자의 촬영 무대 진입하기 | F114: 보스가 구조 현장을 방송 무대로 바꾸고 스포트라이트 안에서 환호를 보호막으로 흡수함 | G114: 촬영 장비의 회전 방향과 보스의 이동을 확인하며 카메라 사각지대로 진입함 | H114: 7/10 – 카메라 시야·보스 이동·조명 범위가 난이도를 결정함 | I114: 4 | J114: 카메라에 3회 이상 노출되지 않고 중앙 무대 진입 | K114: 갈채 수치 최대 또는 주인공 체력 0 시 보스전 재시작 | L114: 2분 | M114: 재시도 시 카메라 시야 범위를 바닥에 표시 | N114: =N113+(IFERROR(VALUE(LEFT(L114,FIND("분",L114)-1))*60,0)+IFERROR(VALUE(TRIM(MID(L114,IFERROR(FIND("분",L114),0)+1,IFERROR(FIND("초",L114),LEN(L114)+1)-IFERROR(FIND("분",L114),0)-1))),0))/86400 -> 0.1224537 | O114: 3-K | 보스전·갈채를 먹는 자 | P114: =P113+Q114 -> 541 | Q114: 8 | R114: =ROUND($Q$3*P114*P114+$R$3*P114,2) -> 14715.2 | S114: 보스 | T114: 6 | U114: 120 | V114: 카메라 사각지대 진입 | W114: 0.0098958333 | X114: 0.0075810185 | Y114: 0.0052083333 | Z114: 1050 | AA114: 3 | AB114: 120 | AC114: 330 | AD114: - | AF114: 갈채를 먹는 자 처치
A115: 3 | 재난 대응 | B115: 111 | C115: 7 | D115: 10 | E115: 스포트라이트와 중계 카메라 차단하기 | F115: 카메라 앞에서 공격하거나 구조하면 환호 수치가 올라 보스의 보호막과 공격력이 강화됨 | G115: 사각지대를 이동하며 전원 장치 3개를 끄고 보스의 돌진을 조명탑에 유도해 중계 장비를 파괴함 | H115: 8/10 – 사각지대 크기·전원 장치 위치·환호 누적 속도가 난이도를 결정함 | I115: 6 | J115: 전원 장치 3개와 조명탑 3개 파괴 | K115: 환호 수치 최대 시 파괴 장치 1개 복구 | L115: 2분 | M115: 실패 후 다음 사각지대와 전원선을 강조 | N115: =N114+(IFERROR(VALUE(LEFT(L115,FIND("분",L115)-1))*60,0)+IFERROR(VALUE(TRIM(MID(L115,IFERROR(FIND("분",L115),0)+1,IFERROR(FIND("초",L115),LEN(L115)+1)-IFERROR(FIND("분",L115),0)-1))),0))/86400 -> 0.12384259 | O115: 3-K | 보스전·갈채를 먹는 자 | P115: =P114+Q115 -> 550 | Q115: 9 | R115: =ROUND($Q$3*P115*P115+$R$3*P115,2) -> 15207.5 | S115: 보스 | T115: 7 | U115: 120 | V115: 주목도 관리·환경 장치 파괴 | Z115: ="" | AB115: ="" | AD115: -
A116: 3 | 재난 대응 | B116: 112 | C116: 7 | D116: 10 | E116: 가짜 구조 대상과 실제 시민 구분하기 | F116: 보스가 방송용 환영체를 실제 시민처럼 배치해 잘못 구조하면 갈채 보호막이 다시 생성됨 | G116: 호흡·그림자·주변 반응을 비교해 실제 시민만 선택하고 카메라가 없는 통로로 이동시킴 | H116: 8/10 – 후보 수·외형 유사도·판별 시간·보스 압박이 난이도를 결정함 | I116: 4 | J116: 실제 시민 4명 전원 구조 | K116: 가짜 구조 대상 3회 선택 시 보호막 재생 | L116: 2분 | M116: 오답 후 실제 시민의 행동 단서 하나를 강조 | N116: =N115+(IFERROR(VALUE(LEFT(L116,FIND("분",L116)-1))*60,0)+IFERROR(VALUE(TRIM(MID(L116,IFERROR(FIND("분",L116),0)+1,IFERROR(FIND("초",L116),LEN(L116)+1)-IFERROR(FIND("분",L116),0)-1))),0))/86400 -> 0.12523148 | O116: 3-K | 보스전·갈채를 먹는 자 | P116: =P115+Q116 -> 558 | Q116: 8 | R116: =ROUND($Q$3*P116*P116+$R$3*P116,2) -> 15651.9 | S116: 보스 | T116: 7 | U116: 120 | V116: 진짜 구조 대상 판별 | AD116: -
A117: 3 | 재난 대응 | B117: 113 | C117: 8 | D117: 10 | E117: 아무도 보지 않는 곳에서 시민을 구하고 보스 제압하기 | F117: 모든 카메라가 꺼지자 보스가 차한해를 새로운 영웅으로 지정하고 원거리 갈채 파동을 집중시킴 | G117: 스포트라이트 밖의 마지막 시민을 구조해 보호막을 완전히 끈 뒤 공명 약점을 집중 공격함 | H117: 8/10 – 구조 동선·원거리 파동·약점 노출 시간·회복 자원 관리가 난이도를 결정함 | I117: 5 | J117: 마지막 시민 구조 후 보스 체력 0 | K117: 주인공 또는 마지막 시민 체력 0 시 최종 페이즈 재시작 | L117: 1분 30초 | M117: 반복 실패 시 원거리 파동 간격 증가와 회복품 1개 추가 | N117: =N116+(IFERROR(VALUE(LEFT(L117,FIND("분",L117)-1))*60,0)+IFERROR(VALUE(TRIM(MID(L117,IFERROR(FIND("분",L117),0)+1,IFERROR(FIND("초",L117),LEN(L117)+1)-IFERROR(FIND("분",L117),0)-1))),0))/86400 -> 0.12627315 | O117: 3-K | 보스전·갈채를 먹는 자 | P117: =P116+Q117 -> 567 | Q117: 9 | R117: =ROUND($Q$3*P117*P117+$R$3*P117,2) -> 16159.5 | S117: 보스 | T117: 8 | U117: 90 | V117: 비공개 구조→보호막 해제·집중 공격 | AD117: - | AE117: [도시] +5%
A118: 4 | 폐교 탐색 | B118: 114 | C118: 1 | D118: 7 | E118: 폐교 조사 명령 받기 | F118: 관리국의 공식 목표와 주인공이 느끼는 개인적 목적이 다름 | G118: 대화와 자료를 확인해 폐교 균열 조사와 실종자 수색의 공식 목표와 숨은 위험을 구분함 | H118: 3/10 – 목표 간 충돌 정도·브리핑 정보량이 난이도를 결정함 | I118: 2 | J118: 명령 브리핑 종료 | K118: - | L118: 1분 40초 | M118: 브리핑 종료 후 공식 목표와 개인 목표를 분리 표시 | N118: =N117+(IFERROR(VALUE(LEFT(L118,FIND("분",L118)-1))*60,0)+IFERROR(VALUE(TRIM(MID(L118,IFERROR(FIND("분",L118),0)+1,IFERROR(FIND("초",L118),LEN(L118)+1)-IFERROR(FIND("분",L118),0)-1))),0))/86400 -> 0.12743056 | O118: 4-A | 출동 준비 | P118: =P117+Q118 -> 570 | Q118: 3 | R118: =ROUND($Q$3*P118*P118+$R$3*P118,2) -> 16330.5 | S118: 비전투 | T118: — | U118: — | V118: — | W118: 0.0013310185 | X118: 0.0012152778 | Y118: 0.0011574074 | AD118: -
A119: 4 | 폐교 탐색 | B119: 115 | C119: 2 | D119: 5 | E119: 조사 장비 수령하기 | F119: 장비 칸이 제한되어 탐색 장비와 공명 탐지기·회복품을 모두 챙길 수 없음 | G119: 폐교의 어두운 환경과 임시 무기 탐색을 고려해 손전등·공명 탐지기·회복품을 우선 선택함 | H119: 4/10 – 장비 후보 수·슬롯 제한·역할 중복이 난이도를 결정함 | I119: 5 | J119: 손전등·공명 탐지기·회복품이 포함된 상태로 준비 완료 | K119: 필수 장비 누락 시 출발 불가 | L119: 1분 40초 | M119: 장비 역할과 추천 조합 표시 | N119: =N118+(IFERROR(VALUE(LEFT(L119,FIND("분",L119)-1))*60,0)+IFERROR(VALUE(TRIM(MID(L119,IFERROR(FIND("분",L119),0)+1,IFERROR(FIND("초",L119),LEN(L119)+1)-IFERROR(FIND("분",L119),0)-1))),0))/86400 -> 0.12858796 | O119: 4-A | 출동 준비 | P119: =P118+Q119 -> 573 | Q119: 3 | R119: =ROUND($Q$3*P119*P119+$R$3*P119,2) -> 16502.4 | S119: 비전투 | T119: — | U119: — | V119: — | W119: 0.0013310185 | X119: 0.0012152778 | Y119: 0.0011574074 | AD119: -
A120: 4 | 폐교 탐색 | B120: 116 | C120: 2 | D120: 5 | E120: 고등급자 파티에 합류하기 | F120: 동료마다 역할과 행동 우선순위가 달라 협력 방식을 이해해야 함 | G120: 대화를 통해 역할이 다른 고등급자 3명의 역할과 지원 조건을 확인함 | H120: 4/10 – 파티원 수·역할 차이·지원 조건 수가 난이도를 결정함 | I120: 4 | J120: 모든 파티원 소개 및 역할 확인 | K120: - | L120: 2분 | M120: 전투 UI에 역할 아이콘 고정 표시 | N120: =N119+(IFERROR(VALUE(LEFT(L120,FIND("분",L120)-1))*60,0)+IFERROR(VALUE(TRIM(MID(L120,IFERROR(FIND("분",L120),0)+1,IFERROR(FIND("초",L120),LEN(L120)+1)-IFERROR(FIND("분",L120),0)-1))),0))/86400 -> 0.12997685 | O120: 4-A | 출동 준비 | P120: =P119+Q120 -> 576 | Q120: 3 | R120: =ROUND($Q$3*P120*P120+$R$3*P120,2) -> 16675.2 | S120: 비전투 | T120: — | U120: — | V120: — | W120: 0.0016203704 | X120: 0.0015046296 | Y120: 0.0013888889 | AD120: -
A121: 4 | 폐교 탐색 | B121: 117 | C121: 3 | D121: 6 | E121: 폐교 정문에 도착하기 | F121: 목적지 주변에 잘못된 진입로와 위험 오브젝트가 배치되어 있음 | G121: 탐지기와 표지물을 확인하며 폐교 정문의 안전한 진입로로 이동함 | H121: 4/10 – 진입로 수·위험 구역 범위·탐지기 명확성이 난이도를 결정함 | I121: 1 | J121: 목적지 도착 | K121: 위험 지역 진입 후 체력 0 시 체크포인트 재시작 | L121: 2분 10초 | M121: 안전 진입로에 탐지기 반응 강화 | N121: =N120+(IFERROR(VALUE(LEFT(L121,FIND("분",L121)-1))*60,0)+IFERROR(VALUE(TRIM(MID(L121,IFERROR(FIND("분",L121),0)+1,IFERROR(FIND("초",L121),LEN(L121)+1)-IFERROR(FIND("분",L121),0)-1))),0))/86400 -> 0.13148148 | O121: 4-B | 폐교 정문 | P121: =P120+Q121 -> 581 | Q121: 5 | R121: =ROUND($Q$3*P121*P121+$R$3*P121,2) -> 16965.2 | S121: 비전투 | T121: — | U121: — | V121: — | W121: 0.0020833333 | X121: 0.0017361111 | Y121: 0.0015046296 | AD121: -
A122: 4 | 폐교 탐색 | B122: 118 | C122: 3 | D122: 6 | E122: 정문 봉인 해제하기 | F122: 여러 장치와 열쇠 조건을 올바른 순서로 충족해야 함 | G122: 주변 단서와 장치 반응을 확인해 균열 문양 4개를 순서대로 해제함 | H122: 6/10 – 단계 수·단서 위치·오답 초기화 범위가 난이도를 결정함 | I122: 4 | J122: 모든 봉인 조건 해제 | K122: 오답 입력 5회 시 장치 초기화 | L122: 2분 30초 | M122: 오답 후 잘못된 단계만 표시 | N122: =N121+(IFERROR(VALUE(LEFT(L122,FIND("분",L122)-1))*60,0)+IFERROR(VALUE(TRIM(MID(L122,IFERROR(FIND("분",L122),0)+1,IFERROR(FIND("초",L122),LEN(L122)+1)-IFERROR(FIND("분",L122),0)-1))),0))/86400 -> 0.13321759 | O122: 4-B | 폐교 정문 | P122: =P121+Q122 -> 586 | Q122: 5 | R122: =ROUND($Q$3*P122*P122+$R$3*P122,2) -> 17257.7 | S122: 비전투 | T122: — | U122: — | V122: — | W122: 0.0023726852 | X122: 0.002025463 | Y122: 0.0017361111 | AD122: -
A123: 4 | 폐교 탐색 | B123: 119 | C123: 5 | D123: 8 | E123: 복도에 남은 보랏빛 발자국 추적하기 | F123: 발자국이 오래된 낙서와 환영체의 이동 흔적에 겹쳐 여러 방향으로 갈라짐 | G123: 탐지기 반응과 발자국 크기·끌린 자국을 비교해 최근에 생긴 흔적만 골라 이동함 | H123: 5/10 – 가짜 흔적 수·조명 변화·분기 수가 난이도를 결정함 | I123: 5 | J123: 진짜 발자국 5개를 연결해 본관 진입 | K123: 가짜 경로 끝에 도달하면 환영체 추격 발생 | L123: 2분 | M123: 오답 후 가짜 흔적 하나가 사라지고 진짜 흔적의 잔광이 강화 | N123: =N122+(IFERROR(VALUE(LEFT(L123,FIND("분",L123)-1))*60,0)+IFERROR(VALUE(TRIM(MID(L123,IFERROR(FIND("분",L123),0)+1,IFERROR(FIND("초",L123),LEN(L123)+1)-IFERROR(FIND("분",L123),0)-1))),0))/86400 -> 0.13460648 | O123: 4-C | 폐교 본관 1층 | P123: =P122+Q123 -> 593 | Q123: 7 | R123: =ROUND($Q$3*P123*P123+$R$3*P123,2) -> 17671.4 | S123: 비전투 | T123: — | U123: — | V123: — | W123: 0.0022569444 | X123: 0.0018518519 | Y123: 0.0013888889 | AD123: -
A124: 4 | 폐교 탐색 | B124: 120 | C124: 4 | D124: 7 | E124: 본관 1층 탐색하기 | F124: 방 구조가 반복되고 일부 길이 연결되어 현재 위치를 잃기 쉬움 | G124: 지도에 방문 구역을 표시하며 교실·교무실·복도를 한 방향으로 탐색함 | H124: 6/10 – 방 수·연결 구조·지도 정보량이 난이도를 결정함 | I124: 6 | J124: 필수 구역과 상호작용 대상 모두 확인 | K124: - | L124: 3분 30초 | M124: 방문한 문과 미방문 문을 아이콘으로 구분 | N124: =N123+(IFERROR(VALUE(LEFT(L124,FIND("분",L124)-1))*60,0)+IFERROR(VALUE(TRIM(MID(L124,IFERROR(FIND("분",L124),0)+1,IFERROR(FIND("초",L124),LEN(L124)+1)-IFERROR(FIND("분",L124),0)-1))),0))/86400 -> 0.13703704 | O124: 4-C | 폐교 본관 1층 | P124: =P123+Q124 -> 599 | Q124: 6 | R124: =ROUND($Q$3*P124*P124+$R$3*P124,2) -> 18029.9 | S124: 비전투 | T124: — | U124: — | V124: — | W124: 0.0032986111 | X124: 0.0028356481 | Y124: 0.0024305556 | Z124: ="" | AB124: ="" | AD124: -
A125: 4 | 폐교 탐색 | B125: 121 | C125: 6 | D125: 9 | E125: 환영체 회피하기 | F125: 적이 소리에 반응하고 시야 밖에서도 이동해 안전 구간을 예측하기 어려움 | G125: 적 이동 소리와 순찰 경로를 확인해 소리에 반응하는 환영체를 피하며 이동함 | H125: 7/10 – 적 감지 범위·순찰 주기·은폐물 간격이 난이도를 결정함 | I125: 5 | J125: 발각되지 않거나 추적을 끊고 종료 지점 도착 | K125: 연속 발각 3회 또는 체력 0 시 체크포인트 재시작 | L125: 3분 | M125: 실패 후 적 청각 범위 감소 | N125: =N124+(IFERROR(VALUE(LEFT(L125,FIND("분",L125)-1))*60,0)+IFERROR(VALUE(TRIM(MID(L125,IFERROR(FIND("분",L125),0)+1,IFERROR(FIND("초",L125),LEN(L125)+1)-IFERROR(FIND("분",L125),0)-1))),0))/86400 -> 0.13912037 | O125: 4-C | 폐교 본관 1층 | P125: =P124+Q125 -> 607 | Q125: 8 | R125: =ROUND($Q$3*P125*P125+$R$3*P125,2) -> 18513.5 | S125: 회피 전투 | T125: 6 | U125: 180 | V125: 청각 감지 회피·추적 끊기 | W125: 0.0033564815 | X125: 0.0027199074 | Y125: 0.0020833333 | AD125: -
...

Sheet 밸런스 팩터
B2: 밸런스 팩터
B4: 게임 「넌 착해!」의 플레이 경험에 영향을 주는 주요 조정 요소를 원형으로 정리
B70: 큰 원은 플레이 전반에 미치는 영향이 큰 핵심 팩터이며, 작은 원은 장면·미션 단위에서 조정하는 세부 팩터임

Sheet 작성 기준
A1: 밸런스 문서 작성 기준
A3: 항목 | B3: 작성 방식 | C3: 값/형식 | D3: 우리 게임 적용 기준
A4: 조작난이도 | B4: 플레이어가 실제 입력을 수행할 때 느끼는 손 조작의 어려움 | C4: 1~10 숫자 | D4: 1은 단순 확인·대화, 10은 빠른 보스 패턴과 복합 입력
A5: 재미율 | B5: 기획자가 해당 구간이 이 정도로 재미있기를 기대하며 정하는 정성적 목표값 | C5: 1~10 숫자 | D5: 탐색·긴장·감정·반전·성취를 모두 포함하며 실제 테스트값이 아님
A6: 컨텐츠 제시순서 | B6: 게임 시작부터 엔딩까지 해금되는 모든 플레이 내용을 순서대로 기록 | C6: 1부터 연속 넘버링 | D6: UI 미션뿐 아니라 이동·조사·대화·전투·업적성 행동·연출 확인까지 포함
A7: 미션 | B7: 제목만 읽어도 플레이어가 무엇을 해야 하는지 보이도록 작성 | C7: 행동형 제목 | D7: 예: 신상 과자 진열대 찾기, 균열 괴물과 첫 전투 치르기
A8: 방해요소 | B8: 목표를 바로 달성하지 못하게 만드는 맵·NPC·시간·정보·전투 요소 | C8: 구체적 서술 | D8: 비슷한 후보, 넓은 탐색 범위, 제한시간, 시야 차단, 감정적 압박 등
A9: 방해요소 공략 | B9: 방해요소를 해결하기 위해 플레이어가 관찰·판단·조작해야 하는 내용 | C9: 구체적 플레이 절차 | D9: 이 표에서 가장 핵심적인 항목으로 작성
A10: 방해요인의 난이도 | B10: 관찰·판단·공략의 어려움과 그 난이도를 만드는 요인을 함께 기록 | C10: 숫자/10 + 원인 설명 | D10: 후보 수, 맵 크기, 속도 차이, 제한시간, 패턴 수 등
A11: 미션개수 | B11: 해당 행의 목표를 완료하기 위해 필요한 행동·대상·단계의 수 | C11: 정수 | D11: 수거 8개, 단서 5개, 대화 1회, 보스 패턴 6회 등
A12: 성공 미션조건 | B12: 시스템이 완료를 판정할 수 있는 명확한 조건 | C12: 구체적 판정 조건 | D12: 목표 수량 달성, 트리거 진입, 보스 체력 0 등
A13: 실패 미션조건 | B13: 실패가 존재하는 경우 재시작·페널티가 발생하는 조건 | C13: 구체적 판정 조건 또는 실패 없음 | D13: 추격 거리 초과, 체력 0, 제한시간 종료, 오답 누적 등
A14: 예상 플레이타임 | B14: 초회 플레이어가 해당 콘텐츠를 완료하는 데 걸릴 것으로 예상하는 시간 | C14: 초/분 | D14: L열 예상 소요 시간은 헤비 유저의 1회 성공 기준으로 작성함. W~Y열은 조작난이도와 전투 여부에 따라 라이트·미들·헤비 유저의 탐색·판단·재시도 시간을 반영함. 보스전은 대표 행에 전체 보스전 합산 시간을 표시하고 세부 패턴 행은 중복 집계하지 않음
... A17: 이동속도 B | B17: 추격 대상·동행 NPC·위협체 등 상대 캐릭터의 이동속도 | C17: 1~5 상대값 | D17: A와 B의 속도 차이가 추격·호위·회피 난이도를 결정
A18: 문서 범위 | B18: 게임 시작부터 엔딩까지 모든 콘텐츠를 작성 | C18: 최소 50개 이상 | D18: ="현재 문서에는 총 "&COUNTA('밸런스 문서'!B5:B178)&"개 콘텐츠를 기록" -> 현재 문서에는 총 174개 콘텐츠를 기록
A19: 진행 요구 숙련도 | B19: 콘텐츠 진행 포인트가 누적될수록 플레이어에게 요구되는 조작·판단·시스템 이해 수준 | C19: Y=ax²+bx / 0~10000 | D19: X는 콘텐츠 진행 포인트 누적, Y는 진행 요구 숙련도. Q3의 a와 R3의 b를 사용하며 마지막 값은 10000
A20: 전투 콘텐츠 분류 | B20: 해당 행이 비전투·튜토리얼·일반 몬스터·정예 몬스터·보스 중 무엇인지 구분 | C20: 텍스트 분류 | D20: 보스전의 준비·전투·결말 행을 구분하고 균열 수호체는 정예 몬스터로 별도 분류
A21: 권장 전투 숙련도 | B21: 해당 전투를 안정적으로 공략하기 위해 요구되는 회피·조준·기믹 이해 수준 | C21: 1~10 숫자 또는 — | D21: 일반 전투는 2~7, 보스전은 5~10 범위. 비전투 콘텐츠는 —
A22: 전투 예상 시간(초) | B22: 해당 행에서 실제 전투 조작에 사용되는 예상 시간 | C22: 초 단위 정수 또는 — | D22: 스토리 연출과 전투 후 대화는 제외하고 순수 전투·기믹 수행 시간만 기록
A23: 핵심 전투 기믹 | B23: 전투를 단순 체력 감소가 아닌 해당 콘텐츠만의 공략 규칙으로 요약 | C23: 행동 순서형 짧은 문장 | D23: 예: 돌진 유도→철문 파괴, 시민 대신 공격 받아내기, 등급 표식 해제
A24: 보스가 주는 경험치 | B24: 해당 구간 일반 몬스터 30체분의 환산 경험치를 보스 처치 보상으로 산정 | C24: 숫자 | D24: 25×30=750에서 시작해 후반 보스는 50×30=1500까지 증가
A25: 해당 레벨의 보스 분포 수 | B25: 해당 챕터에 배치된 보스 스테이지 수를 기록하며 페이즈·분열 개체 수는 중복 계산하지 않음 | C25: 정수 | D25: 재난 대응 3개, 폐교 탐색 1개, 균열의 진실 1개
A26: 보스타입 A/B 시간 | B26: AB는 근거리형 패턴 시간, AC는 원거리형 패턴 시간으로 기록하고 합계를 보스 총 전투시간으로 사용 | C26: 초 단위 정수 | D26: AB+AC는 헤비 유저 기준 보스 총 전투시간과 일치함. W·X·Y는 보스 대표 행에서 라이트·미들·헤비 유저의 전체 보스전 예상시간을 표시하며, 세부 패턴 행은 중복을 방지하기 위해 공란 처리함

Sheet 밸런스 곡선
A1: 전체 밸런스 곡선 요약
A3: 총 콘텐츠 수 | B3: =COUNTA('밸런스 문서'!B5:B178) -> 174 | C3: 평균 플레이 난이도 | D3: =AVERAGE('밸런스 문서'!C5:C178) -> 3.5689655 | E3: 평균 플레이 흥미도 | F3: =AVERAGE('밸런스 문서'!D5:D178) -> 7.8103448 | G3: 보스 스테이지 수 | H3: =COUNT('밸런스 문서'!Z5:Z178) -> 4 | I3: 총 예상 플레이 시간(헤비 기준) | J3: ='밸런스 문서'!N178 -> 0.23072917
A4: 콘텐츠 진행 순서 | B4: 콘텐츠 진행 포인트 누적 | C4: 진행 요구 숙련도 | D4: 누적 플레이 시간
A5: ='밸런스 문서'!B5 -> 1 | B5: ='밸런스 문서'!P5 -> 4 | C5: ='밸런스 문서'!R5 -> 1.4 | D5: ='밸런스 문서'!N5 -> 0.0010416667
A6: ='밸런스 문서'!B6 -> 2 | B6: ='밸런스 문서'!P6 -> 6 | C6: ='밸런스 문서'!R6 -> 2.7 | D6: ='밸런스 문서'!N6 -> 0.0012731481
A7: ='밸런스 문서'!B7 -> 3 | B7: ='밸런스 문서'!P7 -> 9 | C7: ='밸런스 문서'!R7 -> 5.4 | D7: ='밸런스 문서'!N7 -> 0.0019675926
A8: ='밸런스 문서'!B8 -> 4 | B8: ='밸런스 문서'!P8 -> 11 | C8: ='밸런스 문서'!R8 -> 7.7 | D8: ='밸런스 문서'!N8 -> 0.0024305556
A9: ='밸런스 문서'!B9 -> 5 | B9: ='밸런스 문서'!P9 -> 13 | C9: ='밸런스 문서'!R9 -> 10.4 | D9: ='밸런스 문서'!N9 -> 0.0027777778
A10: ='밸런스 문서'!B10 -> 6 | B10: ='밸런스 문서'!P10 -> 16 | C10: ='밸런스 문서'!R10 -> 15.2 | D10: ='밸런스 문서'!N10 -> 0.0030092593
A11: ='밸런스 문서'!B11 -> 7 | B11: ='밸런스 문서'!P11 -> 19 | C11: ='밸런스 문서'!R11 -> 20.9 | D11: ='밸런스 문서'!N11 -> 0.0038773148
A12: ='밸런스 문서'!B12 -> 8 | B12: ='밸런스 문서'!P12 -> 23 | C12: ='밸런스 문서'!R12 -> 29.9 | D12: ='밸런스 문서'!N12 -> 0.0049189815
A13: ='밸런스 문서'!B13 -> 9 | B13: ='밸런스 문서'!P13 -> 25 | C13: ='밸런스 문서'!R13 -> 35 | D13: ='밸런스 문서'!N13 -> 0.0053240741
A14: ='밸런스 문서'!B14 -> 10 | B14: ='밸런스 문서'!P14 -> 28 | C14: ='밸런스 문서'!R14 -> 43.4 | D14: ='밸런스 문서'!N14 -> 0.0061921296
A15: ='밸런스 문서'!B15 -> 11 | B15: ='밸런스 문서'!P15 -> 31 | C15: ='밸런스 문서'!R15 -> 52.7 | D15: ='밸런스 문서'!N15 -> 0.0072337963
A16: ='밸런스 문서'!B16 -> 12 | B16: ='밸런스 문서'!P16 -> 35 | C16: ='밸런스 문서'!R16 -> 66.5 | D16: ='밸런스 문서'!N16 -> 0.0085069444
... A178: ='밸런스 문서'!B178 -> 174 | B178: ='밸런스 문서'!P178 -> 1000 | C178: ='밸런스 문서'!R178 -> 50150 | D178: ='밸런스 문서'!N178 -> 0.23072917

Sheet 보스 설계 요약
A1: 보스 밸런스 설계 요약
A2: 보스 경험치는 해당 구간 일반 몬스터 30체분으로 산정함. 보스 총시간은 헤비 유저의 1회 성공 기준이며, 밸런스 문서 W·X·Y열의 보스 대표 행에는 라이트·미들·헤비 유저의 재시도와 판단 시간을 반영한 전체 보스전 시간을 한 번만 기록함
A4: 순서 | B4: 챕터·스테이지 | C4: 보스명 | D4: 인간 시절 핵심 서사 | E4: 선의 0 도달 원인 | F4: 전투 구조 | G4: 핵심 공략 | H4: 일반 몬스터 1체 경험치 | I4: 보스 경험치 | J4: 일반 몬스터 1체 시간(초) | K4: 30체 총시간(초) | L4: 보스 총시간(초) | M4: 근거리형 시간(초) | N4: 원거리형 시간(초) | O4: 시간 효율 | P4: 해당 챕터 보스 수 | Q4: 서사적 승리 조건 | R4: 효율 검증
A5: 1 | B5: 3-F | 첫 보스·봉쇄 대피소 | C5: 닫힌 문지기 | D5: 대피소를 지키려 문을 열었던 관리인이 사고 이후 문밖의 사람을 위험 요소로 보기 시작함 | E5: 문을 열어도 되는 상황에서 구조 요청을 외면하고 안도감을 느끼는 순간 타인을 돕고자 하는 마음이 소진됨 | F5: 단일 페이즈·환경 파괴형 | G5: 돌진으로 철문 파괴→시민 이동→노출 핵 공격 | H5: 25 | I5: =H5*30 -> 750 | J5: 20 | K5: =J5*30 -> 600 | L5: 330 | M5: 210 | N5: 120 | O5: =L5/K5 -> 0.55 | P5: 3 | Q5: 닫힌 문을 모두 열고 문밖 시민을 구조한 뒤 방어 핵 파괴 | R5: =IF(AND(L5<K5,L5=M5+N5),"적정","재검토") -> 적정
A6: 2 | B6: 3-I | 융합 보스·폭력의 순환 | C6: 폭력의 순환체 | D6: 아이 대신 폭력을 받아낸 엄마와 후임 대신 폭력을 행사하도록 강요받은 군인의 기억이 하나의 외피에 갇힘 | E6: 엄마는 희생이 아이를 지키지 못했다고 믿고, 군인은 자신이 폭력을 줄인 것이 아니라 지속시켰다고 깨달으며 인간에 대한 신뢰를 잃음 | F6: 1체 시작→2체 분열·2페이즈형 | G6: 받아내야 하는 공격과 피해야 하는 공격을 구분하고 시민을 대피시킨 뒤 연결 핵 동시 파괴 | H6: 30 | I6: =H6*30 -> 900 | J6: 25 | K6: =J6*30 -> 750 | L6: 420 | M6: 210 | N6: 210 | O6: =L6/K6 -> 0.56 | P6: 3 | Q6: 때리는 자와 맞는 자를 연결한 폭력 순환 구조 자체를 파괴 | R6: =IF(AND(L6<K6,L6=M6+N6),"적정","재검토") -> 적정
A7: 3 | B7: 3-K | 보스전·갈채를 먹는 자 | C7: 갈채를 먹는 자 | D7: 순수한 구조자였으나 고등급자 특혜와 영웅 대접에 익숙해지며 선행을 생활 유지 수단으로 바꿈 | E7: 긴급 구조 알림을 끄고 '다른 고등급자를 보내라'고 선택한 평범한 순간 선의 수치가 0에 도달함 | F7: 환경 제어·무대 전환형 | G7: 카메라 사각지대 이동→중계 장치 차단→실제 시민 판별→비공개 구조 | H7: 35 | I7: =H7*30 -> 1050 | J7: 26 | K7: =J7*30 -> 780 | L7: 450 | M7: 120 | N7: 330 | O7: =L7/K7 -> 0.57692308 | P7: 3 | Q7: 아무도 보지 않는 곳에서 시민을 구조해 갈채 보호막을 제거 | R7: =IF(AND(L7<K7,L7=M7+N7),"적정","재검토") -> 적정
A8: 4 | B8: 4-F | 폐교 강당·보스전 | C8: 남겨진 친구 | D8: 학교폭력과 체벌을 호소했지만 주변이 문제 학생으로 취급하거나 외면한 차한해의 친구 | E8: 참는 것이 착한 행동이라는 믿음이 무너지고 아무도 자신을 구하지 않는다고 확신하며 선의가 고갈됨 | F8: 괴물형→인간형·비처치 결말형 | G8: 사랑의 매로 외피 파괴→농구공으로 기억 핵 개입→공격 중지→접근·포옹 | H8: 40 | I8: =H8*30 -> 1200 | J8: 28 | K8: =J8*30 -> 840 | L8: 510 | M8: 300 | N8: 210 | O8: =L8/K8 -> 0.60714286 | P8: 1 | Q8: 체력 0이 아니라 공격을 멈추고 친구를 포옹해 인간으로 복원 | R8: =IF(AND(L8<K8,L8=M8+N8),"적정","재검토") -> 적정
A9: 5 | B9: 5-C | 선의 계량자 보스전 | C9: 선의 계량자 | D9: 선의 측정 체계를 설계해 책임을 공정하게 나누려 했으나 사람을 등급과 자원으로만 판단하게 된 연구자 | E9: 차한해 한 명의 희생을 예상 손실 1명이라는 최적해로 결정하며 타인을 사람으로 보는 마지막 선의를 잃음 | F9: 전장 규칙 변경·지적 보스형 | G9: 등급 발생 장치 파괴→표식 해제→무한대 부담 분산→다인 협력으로 계산식 붕괴 | H9: 50 | I9: =H9*30 -> 1500 | J9: 32 | K9: =J9*30 -> 960 | L9: 570 | M9: 180 | N9: 390 | O9: =L9/K9 -> 0.59375 | P9: 1 | Q9: 한 사람의 무한한 희생이 아니라 여러 사람의 유한한 선택으로 부담을 분담 | R9: =IF(AND(L9<K9,L9=M9+N9),"적정","재검토") -> 적정
A11: 정예 몬스터 분류: 균열 수호체는 보스가 아니며, 전투시간 200초·안전 구역/약점 노출 기믹을 가진 후반 정예 몬스터로 보스 분포 수와 보스 경험치 산정에서 제외
