Workbook
Name PC_DATA_콘텐츠_번호: 'PC DATA(대차대조표)'!$B$3:$B$308
Name 기타_가져오기: INDEX(아이템_이미지,MATCH('전투 시뮬레이터'!$L$4,아이템_이름,0))
Name 몬스터_가져오기: INDEX('속성 대차대조표 (2)'!몬스터_이미지,MATCH('[C:/Users/82103/OneDrive/바탕 화면/Gihoek_7/넌착해 밸런스 기획 문서.xlsx]시뮬레이터'!$B$2,'속성 대차대조표 (2)'!몬스터_이름,0))
Name 몬스터_가져오기: INDEX(몬스터_이미지,MATCH('전투 시뮬레이터'!$B$2:$C$2,몬스터_이름,0))
Name 몬스터_스킬1_이름: '[C:/Users/82103/OneDrive/바탕 화면/Gihoek_7/넌착해 밸런스 기획 문서.xlsx]몬스터'!$O$7:$O$290
Name 몬스터_이름: '[C:/Users/82103/OneDrive/바탕 화면/Gihoek_7/넌착해 밸런스 기획 문서.xlsx]몬스터'!$C$7:$C$290
Name 몬스터_이름: 몬스터!$C$7:$C$312
Name 몬스터_이미지: '[C:/Users/82103/OneDrive/바탕 화면/Gihoek_7/넌착해 밸런스 기획 문서.xlsx]몬스터'!$D$7:$D$290
Name 몬스터_이미지: 몬스터!$D$7:$D$312
Name 무기_가져오기: INDEX(아이템_이미지,MATCH('전투 시뮬레이터'!$L$2,아이템_이름,0))
Name 방어구_가져오기: INDEX(아이템_이미지,MATCH('전투 시뮬레이터'!$K$2,아이템_이름,0))
Name 스킬_콘텐츠_번호: '스킬 DATA'!$D$5:$D$215
Name 아이템_이름: 아이템!$A$2:$A$43
Name 아이템_이미지: 아이템!$C$2:$C$43
Name 아이템_콘텐츠_번호: 아이템!$H$2:$H$43
Name 액세서리_가져오기: INDEX(아이템_이미지,MATCH('전투 시뮬레이터'!$K$4,아이템_이름,0))
Name 캐릭터_가져오기: INDEX('속성 대차대조표 (2)'!캐릭터_이미지,MATCH('[C:/Users/82103/OneDrive/바탕 화면/Gihoek_7/넌착해 밸런스 기획 문서.xlsx]시뮬레이터'!$F$2,캐릭터_이름,0))
Name 캐릭터_가져오기: INDEX(캐릭터_이미지,MATCH('전투 시뮬레이터'!$I$2:$J$2,캐릭터_이름,0))
Name 캐릭터_이름: 'PC DATA(대차대조표)'!$A$3:$A$308
Name 캐릭터_이미지: '[C:/Users/82103/OneDrive/바탕 화면/Gihoek_7/넌착해 밸런스 기획 문서.xlsx]PC DATA(대차대조표)'!$D$3:$D$308
Name 캐릭터_이미지: 'PC DATA(대차대조표)'!$E$3:$E$308
Name 콘텐츠진행순서: 'PC DATA(대차대조표)'!$B$3:$B$308

Sheet 밸런스 문서
S1: 예상 플레이 시간
A2: 챕터 | B2: 콘텐츠 진행 순서 | C2: 플레이 난이도 | D2: 플레이 흥미도 | E2: 플레이 목표 | F2: 플레이 난관 | G2: 공략 방법 | H2: 체감 난이도 | I2: 수행 과제 수 | J2: 목표 달성 조건 | K2: 실패 결과 | L2: 예상 소요 시간 | M2: 난이도 조절 요소 | N2: 누적 플레이 시간 | O2: 스테이지 | P2: 콘텐츠 진행 포인트 (획득량) | Q2: 콘텐츠 진행 포인트 누적 | R2: 핵심 전투 기믹 | S2: 라이트 유저 (예상 시간 기준) | T2: 미들 유저 | U2: 헤비 유저 | V2: 자아마모도 변화(%) | W2: 인연 변화(%) | X2: 진행 관문 조건 | Y2: 선택·추가 콘텐츠 해금
A3: 1 | 평범한 하루 | B3: 1 | C3: 1 | D3: 8 | E3: 차한해의 과거 오프닝 감상 | F3: 입양 뒤 가족의 몫까지 당연히 떠맡아 온 시간을 짧은 장면으로 이해해야 함 | G3: 가족의 요구와 차한해가 먼저 움직이는 습관을 확인함 | H3: 1/10 – 목표 식별·선택·입력 부담을 종합한 체감 난이도 | I3: 1 | J3: 오프닝 재생 완료 | K3: - | L3: 45초 | M3: 핵심 대상 강조·정체 시 단계별 힌트 제공 | N3: 0.00052083333 | O3: 1-A | 집·가족의 몫 | P3: 3 | Q3: =P3 -> 3 | S3: 45초 | T3: 40초 | U3: 35초
A4: 1 | 평범한 하루 | B4: 2 | C4: 1 | D4: 6 | E4: 아버지 회사 서류를 챙겨 식탁에 올려두기 | F4: 흩어진 서류 중 회사 문서만 골라야 함 | G4: 봉투 표식과 아버지의 메모를 보고 서류를 모아 식탁 지정 칸에 둠 | H4: 1/10 – 목표 식별·선택·입력 부담을 종합한 체감 난이도 | I4: 4 | J4: 회사 서류 4묶음 정리 완료 | K4: - | L4: 25초 | M4: 핵심 대상 강조·정체 시 단계별 힌트 제공 | N4: 0.00081018519 | O4: 1-A | 집·가족의 몫 | P4: 2 | Q4: =Q3+P4 -> 5 | S4: 25초 | T4: 20초 | U4: 15초
A5: 1 | 평범한 하루 | B5: 3 | C5: 1 | D5: 6 | E5: 빨래를 분류해 세탁기에 넣고 작동하기 | F5: 색상과 세탁 표시가 다른 옷이 섞여 있음 | G5: 일반 빨래만 세탁기에 넣고 세제 투입 뒤 표준 코스를 시작함 | H5: 1/10 – 목표 식별·선택·입력 부담을 종합한 체감 난이도 | I5: 3 | J5: 일반 빨래 분류·투입·세탁 시작 | K5: 비싼 블라우스를 넣으면 경고 후 분류 단계로 복귀 | L5: 40초 | M5: 핵심 대상 강조·정체 시 단계별 힌트 제공 | N5: 0.0012731481 | O5: 1-A | 집·가족의 몫 | P5: 3 | Q5: 8 | S5: 40초 | T5: 35초 | U5: 30초
A6: 1 | 평범한 하루 | B6: 4 | C6: 2 | D6: 7 | E6: 어머니의 비싼 블라우스를 손세탁하기 | F6: 강하게 문지르면 옷감 손상 게이지가 오름 | G6: 미지근한 물·중성세제·누르기 세탁 순서를 지킴 | H6: 2/10 – 목표 식별·선택·입력 부담을 종합한 체감 난이도 | I6: 4 | J6: 블라우스 손상 없이 손세탁 완료 | K6: 손상 게이지 최대 시 현재 단계 재시작 | L6: 50초 | M6: 핵심 대상 강조·정체 시 단계별 힌트 제공 | N6: 0.0018518519 | O6: 1-A | 집·가족의 몫 | P6: 3 | Q6: 11 | S6: 50초 | T6: 45초 | U6: 40초
A7: 1 | 평범한 하루 | B7: 5 | C7: 1 | D7: 6 | E7: 건조기 완료음을 듣고 빨래를 꺼내 거실에서 개기 | F7: 건조 완료 시점과 옷별 접는 방향을 확인해야 함 | G7: 완료음 뒤 빨래를 거실로 옮기고 종류별 실루엣에 맞춰 갬 | H7: 1/10 – 목표 식별·선택·입력 부담을 종합한 체감 난이도 | I7: 8 | J7: 빨래 8개를 모두 개어 바구니에 정리 | K7: - | L7: 45초 | M7: 핵심 대상 강조·정체 시 단계별 힌트 제공 | N7: 0.0023726852 | O7: 1-A | 집·가족의 몫 | P7: 2 | Q7: 13 | S7: 45초 | T7: 40초 | U7: 35초
A8: 1 | 평범한 하루 | B8: 6 | C8: 1 | D8: 7 | E8: 동생에게 신상 과자·헤어롤·팝콘 심부름 받기 | F8: 대화에 품목과 목적지가 섞여 있음 | G8: 강조된 품목과 동선을 확인하고 심부름 목록을 등록함 | H8: 1/10 – 목표 식별·선택·입력 부담을 종합한 체감 난이도 | I8: 3 | J8: 심부름 3종 등록 | K8: - | L8: 35초 | M8: 핵심 대상 강조·정체 시 단계별 힌트 제공 | N8: 0.0027777778 | O8: 1-A | 집·가족의 몫 | P8: 2 | Q8: 15 | S8: 35초 | T8: 30초 | U8: 25초 | W8: [차우선] 기준 45%
A9: 1 | 평범한 하루 | B9: 7 | C9: 1 | D9: 7 | E9: 엘리베이터에서 주민 모두에게 인사하며 밖으로 나가기 | F9: 어른·아이·택배기사 등 서로 다른 위치의 주민을 발견해야 함 | G9: 이동·조사 입력으로 만나는 주민에게 자연스럽게 인사함 | H9: 1/10 – 목표 식별·선택·입력 부담을 종합한 체감 난이도 | I9: 5 | J9: 엘리베이터와 로비의 주민 5명에게 인사 후 외출 | K9: - | L9: 35초 | M9: 핵심 대상 강조·정체 시 단계별 힌트 제공 | N9: 0.0031828704 | O9: 1-A | 아파트·인사 튜토리얼 | P9: 3 | Q9: 18 | S9: 35초 | T9: 30초 | U9: 25초 | Y9: 이동·조사 튜토리얼 완료
A10: 1 | 평범한 하루 | B10: 8 | C10: 2 | D10: 7 | E10: 편의점에서 신상 과자가 아직 입고되지 않았음을 확인하기 | F10: 빈 진열대와 입고 안내를 찾아야 함 | G10: 신상 코너와 알바생 대화를 통해 물류 트럭 도착 시간을 확인함 | H10: 2/10 – 목표 식별·선택·입력 부담을 종합한 체감 난이도 | I10: 2 | J10: 신상 과자 입고 전 상태·트럭 시간 확인 | K10: - | L10: 35초 | M10: 핵심 대상 강조·정체 시 단계별 힌트 제공 | N10: 0.003587963 | O10: 1-B | 편의점·첫 방문 | P10: 4 | Q10: 22 | S10: 35초 | T10: 30초 | U10: 25초
A11: 1 | 평범한 하루 | B11: 9 | C11: 2 | D11: 8 | E11: 알바생의 무거운 음료 박스 진열 부탁을 수락할지 선택하기 | F11: 동생 심부름과 짧은 도움 사이에서 선택해야 함 | G11: 수락하거나 [싫어요.]를 사용해 거절함. 거절해도 메인 진행은 유지되지만 해당 서브 퀘스트의 인연·보상 획득 기회는 사라짐 | H11: 2/10 – 목표 식별·선택·입력 부담을 종합한 체감 난이도 | I11: 1 | J11: 부탁 수락 또는 [싫어요.] 사용 | K11: - | L11: 30초 | M11: 핵심 대상 강조·정체 시 단계별 힌트 제공 | N11: 0.0039351852 | O11: 1-B | 편의점 알바생 부탁 | P11: 3 | Q11: 25 | S11: 30초 | T11: 25초 | U11: 20초 | Y11: 선택 서브 퀘스트 : 편의점 음료 진열
A12: 1 | 평범한 하루 | B12: 10 | C12: 3 | D12: 8 | E12: 음료 박스를 가격표에 맞춰 진열하기 | F12: 비슷한 포장과 무게 때문에 위치를 헷갈릴 수 있음 | G12: 상표·용량·가격표를 대조해 무거운 박스부터 아래 칸에 배치함 | H12: 3/10 – 목표 식별·선택·입력 부담을 종합한 체감 난이도 | I12: 6 | J12: 음료 6박스 진열 완료 | K12: 오배치 3회 시 틀린 가격표를 강조 | L12: 1분 10초 | M12: 핵심 대상 강조·정체 시 단계별 힌트 제공 | N12: 0.0047453704 | O12: 1-B | 편의점 알바생 부탁 | P12: 3 | Q12: 28 | S12: 1분 10초 | T12: 1분 | U12: 50초 | Y12: 완료 시 알바생이 신상 과자 1개를 맡아두는 약속
A13: 1 | 평범한 하루 | B13: 11 | C13: 2 | D13: 8 | E13: 골목에서 들리는 예쁜 고양이 울음소리 확인하기 | F13: 심부름 목적지가 따로 있어 작은 울음소리를 무시하고 지나칠 수 있음 | G13: 편의점 주변에서 반복되는 울음소리와 골목 그림자를 확인하되 조사하지 않고 진행할 수도 있음 | H13: 2/10 – 발견 여부와 선택에 따라 진행이 달라짐 | I13: 2 | J13: 울음소리가 들리는 골목 위치 확인 또는 선택적으로 지나침 | K13: - | L13: 45초 | M13: 자동 등록하지 않고 소리·행동·오브젝트로만 암시 | N13: 0.0052662037 | O13: 1-B | 편의점·고양이 선택 | P13: 3 | Q13: 31 | S13: 45초 | T13: 40초 | U13: 35초 | Y13: 서브 퀘스트 : 예쁜 고양이 인연 1단계 발견
A14: 1 | 평범한 하루 | B14: 12 | C14: 2 | D14: 8 | E14: 편의점에서 츄르 4개입 세트 구매하기 | F14: 구매 메뉴에는 심부름 물품 외에도 여러 상품이 있어 츄르를 직접 찾아야 함 | G14: 알바생 대화 후 ‘물건 구매하기’를 선택하고 반려동물 간식 칸에서 츄르 4개입을 구매함 | H14: 2/10 – 발견 여부와 선택에 따라 진행이 달라짐 | I14: 2 | J14: 츄르 4개입 세트 구매 완료 | K14: - | L14: 45초 | M14: 자동 등록하지 않고 소리·행동·오브젝트로만 암시 | N14: 0.005787037 | O14: 1-B | 편의점·고양이 선택 | P14: 3 | Q14: 34 | S14: 45초 | T14: 40초 | U14: 35초 | Y14: 서브 퀘스트 : 이후 예쁜 고양이 인연 콘텐츠 4회 수행 가능
A15: 1 | 평범한 하루 | B15: 13 | C15: 2 | D15: 8 | E15: 예쁜 고양이에게 첫 번째 츄르 건네기 | F15: 예쁜 고양이는 처음 만난 차한해를 경계해 바로 가까이 오지 않음 | G15: 일정 거리에 츄르를 내려놓고 뒤로 물러난 뒤 고양이가 스스로 다가올 때까지 기다림 | H15: 2/10 – 발견 여부와 선택에 따라 진행이 달라짐 | I15: 2 | J15: 예쁜 고양이가 츄르를 먹고 도망가지 않은 채 차한해를 바라봄 | K15: - | L15: 45초 | M15: 자동 등록하지 않고 소리·행동·오브젝트로만 암시 | N15: 0.0063078704 | O15: 1-B | 편의점·고양이 선택 | P15: 3 | Q15: 37 | S15: 45초 | T15: 40초 | U15: 35초 | W15: [예쁜 고양이] +25% 선택 (최대 누적 25%) | Y15: 츄르 보유 시 수행 예쁜 고양이 인연 +25%
A16: 1 | 평범한 하루 | B16: 14 | C16: 2 | D16: 5 | E16: 다이소로 이동하기 | F16: 갈림길과 주변 상호작용 오브젝트 때문에 목적지 방향을 놓칠 수 있음 | G16: 표지판·미니맵·NPC 이동 방향을 확인하며 편의점에서 다이소까지 이동함 | H16: 2/10 – 맵 크기·갈림길 수·목적지 표식의 가시성이 난이도를 결정함 | I16: 1 | J16: 편의점에서 다이소의 도착 트리거에 진입 | K16: - | L16: 25초 | M16: 일정 시간 정체 시 목적지 방향 화살표 표시 | N16: 0.0065972222 | O16: 1-C | 다이소 | P16: 3 | Q16: 40 | S16: 25초 | T16: 20초 | U16: 20초
A17: 1 | 평범한 하루 | B17: 15 | C17: 2 | D17: 6 | E17: 헤어롤 진열대 찾기 | F17: 비슷한 오브젝트와 진열대가 많아 목표 대상을 한 번에 찾기 어려움 | G17: 구역별 표지와 상품 외형을 비교하며 생활용품 코너의 헤어롤을 조사함 | H17: 2/10 – 후보 오브젝트 수·외형 유사도·탐색 범위가 난이도를 결정함 | I17: 5 | J17: 생활용품 코너의 헤어롤 발견 및 조사 완료 | K17: - | L17: 35초 | M17: 30초 이상 미발견 시 목표 구역에 약한 반짝임 표시 | N17: 0.0070023148 | O17: 1-C | 다이소 | P17: 4 | Q17: 44 | S17: 35초 | T17: 30초 | U17: 25초
A18: 1 | 평범한 하루 | B18: 16 | C18: 1 | D18: 5 | E18: 헤어롤 구매하기 | F18: 구매 대상·수량·결제 순서를 잘못 선택할 수 있음 | G18: 요청받은 품목을 확인하고 상품 선택→계산대 상호작용→결제를 순서대로 진행함 | H18: 1/10 – 상품 후보 수·품목 유사도·구매 단계 수가 난이도를 결정함 | I18: 3 | J18: 헤어롤 1개 구매 후 인벤토리에 등록 | K18: 잘못된 품목 구매 시 다시 선택해야 함 | L18: 20초 | M18: 요청 품목에 작은 임무 아이콘 표시 | N18: 0.0072337963 | O18: 1-C | 다이소 | P18: 3 | Q18: 47 | S18: 20초 | T18: 15초 | U18: 15초
A19: 1 | 평범한 하루 | B19: 17 | C19: 1 | D19: 8 | E19: 다이소를 나오자 편의점 물류 트럭이 지나가는 장면 확인하기 | F19: 신상 과자 재입고 기회를 즉시 알아차려야 함 | G19: 트럭 표식과 편의점 방향을 확인함 | H19: 1/10 – 목표 식별·선택·입력 부담을 종합한 체감 난이도 | I19: 1 | J19: 물류 트럭과 편의점 재입고 방향 확인 | K19: - | L19: 20초 | M19: 핵심 대상 강조·정체 시 단계별 힌트 제공 | N19: 0.0074652778 | O19: 1-D | 어르신과 신상 과자 | P19: 3 | Q19: 50 | S19: 20초 | T19: 15초 | U19: 15초
A20: 1 | 평범한 하루 | B20: 18 | C20: 2 | D20: 10 | E20: 짐이 많은 어르신을 도울지 신상 과자를 사러 갈지 선택하기 | F20: 도움이 늦어지면 신상 과자가 품절될 수 있음 | G20: 어르신의 구조 요청과 동생의 심부름을 비교해 행동을 선택함 | H20: 2/10 – 목표 식별·선택·입력 부담을 종합한 체감 난이도 | I20: 1 | J20: 어르신 돕기 또는 편의점으로 바로 달리기 | K20: - | L20: 30초 | M20: 핵심 대상 강조·정체 시 단계별 힌트 제공 | N20: 0.0078125 | O20: 1-D | 어르신과 신상 과자 | P20: 3 | Q20: 53 | S20: 30초 | T20: 25초 | U20: 25초 | Y20: 핵심 선택 : 자발적 선행과 개인 손실
A21: 1 | 평범한 하루 | B21: 19 | C21: 2 | D21: 10 | E21: 어르신의 무거운 짐을 목적지까지 옮기기 | F21: 짐 때문에 이동이 느리고 보행자와 턱을 피해 가야 함 | G21: 무게 중심을 유지하며 안전한 길로 짐을 나누어 운반함 | H21: 2/10 – 목표 식별·선택·입력 부담을 종합한 체감 난이도 | I21: 4 | J21: 짐 4개 운반·어르신 귀가 확인 | K21: - | L21: 1분 10초 | M21: 핵심 대상 강조·정체 시 단계별 힌트 제공 | N21: 0.0086226852 | O21: 1-D | 어르신과 신상 과자 | P21: 3 | Q21: 56 | S21: 1분 10초 | T21: 1분 | U21: 50초 | W21: [도시] +5% 선택 (기본 0% · 최대 5%) | Y21: 어르신을 도운 경우 수행·신상 과자 분기 변화
A22: 1 | 평범한 하루 | B22: 20 | C22: 2 | D22: 8 | E22: 치킨집 앞 두 손님의 주문 대화 듣기 | F22: 서로 다른 주문과 번복 대사에서 확정 내용을 골라야 함 | G22: 치킨·소스·음료·추가 요청을 구분해 기억함 | H22: 2/10 – 목표 식별·선택·입력 부담을 종합한 체감 난이도 | I22: 4 | J22: 두 손님의 최종 주문 확인 | K22: - | L22: 40초 | M22: 핵심 대상 강조·정체 시 단계별 힌트 제공 | N22: 0.0090856481 | O22: 1-E | 치킨집 알바 서브 | P22: 3 | Q22: 59 | S22: 40초 | T22: 35초 | U22: 30초 | Y22: 서브 퀘스트 : 치킨집 알바
A23: 1 | 평범한 하루 | B23: 21 | C23: 2 | D23: 8 | E23: 바쁜 직원의 도움 요청을 확인하기 | F23: 밀린 주문과 손님 대화가 겹침 | G23: 직원의 호출을 확인하고 잠시 도울지 선택함 | H23: 2/10 – 목표 식별·선택·입력 부담을 종합한 체감 난이도 | I23: 1 | J23: 도움 요청 확인 | K23: - | L23: 40초 | M23: 핵심 대상 강조·정체 시 단계별 힌트 제공 | N23: 0.0095486111 | O23: 1-E | 치킨집 알바 서브 | P23: 4 | Q23: 63 | S23: 40초 | T23: 35초 | U23: 30초 | Y23: 거절 시 서브 퀘스트 종료
A24: 1 | 평범한 하루 | B24: 22 | C24: 2 | D24: 8 | E24: 치킨집 알바를 도울지 선택하기 | F24: 심부름 일정과 직원의 부탁 사이에서 선택해야 함 | G24: 돕기를 선택하거나 [싫어요.]를 사용해 알바 부탁을 거절하고 기존 심부름을 계속함 | H24: 2/10 – 목표 식별·선택·입력 부담을 종합한 체감 난이도 | I24: 1 | J24: 알바 수락 또는 [싫어요.] 사용 | K24: - | L24: 35초 | M24: 핵심 대상 강조·정체 시 단계별 힌트 제공 | N24: 0.0099537037 | O24: 1-E | 치킨집 알바 서브 | P24: 6 | Q24: 69 | S24: 35초 | T24: 30초 | U24: 25초 | Y24: 수락 시 포장 미니게임 해금
A25: 1 | 평범한 하루 | B25: 23 | C25: 4 | D25: 8 | E25: 주문표의 치킨·소스·음료 확인하기 | F25: 여러 주문표의 번호와 구성품을 혼동하기 쉬움 | G25: 주문 번호별 필수 항목을 순서대로 확인함 | H25: 4/10 – 목표 식별·선택·입력 부담을 종합한 체감 난이도 | I25: 5 | J25: 주문표 필수 항목 5개 확인 | K25: 오답 누적 시 현재 단계 재시작 | L25: 1분 10초 | M25: 핵심 대상 강조·정체 시 단계별 힌트 제공 | N25: 0.010763889 | O25: 1-E | 치킨집 알바 서브 | P25: 6 | Q25: 75 | S25: 1분 10초 | T25: 1분 | U25: 50초
A26: 1 | 평범한 하루 | B26: 24 | C26: 4 | D26: 8 | E26: 주문에 맞게 치킨 포장하기 | F26: 번복된 대사와 확정 주문을 구분해야 함 | G26: 확정 주문표만 보고 상자·무·소스·음료를 넣음 | H26: 4/10 – 목표 식별·선택·입력 부담을 종합한 체감 난이도 | I26: 5 | J26: 구성품 5종 올바르게 포장 | K26: 오답 누적 시 현재 단계 재시작 | L26: 1분 10초 | M26: 핵심 대상 강조·정체 시 단계별 힌트 제공 | N26: 0.011574074 | O26: 1-E | 치킨집 알바 서브 | P26: 6 | Q26: 81 | S26: 1분 10초 | T26: 1분 | U26: 50초
A27: 1 | 평범한 하루 | B27: 25 | C27: 4 | D27: 8 | E27: 잘못 포장된 주문 수정하기 | F27: 다른 주문의 소스와 음료가 섞여 있음 | G27: 주문표와 포장을 대조해 오류 항목만 교체함 | H27: 4/10 – 목표 식별·선택·입력 부담을 종합한 체감 난이도 | I27: 4 | J27: 오포장 항목 전부 수정 | K27: 오답 누적 시 현재 단계 재시작 | L27: 55초 | M27: 핵심 대상 강조·정체 시 단계별 힌트 제공 | N27: 0.012210648 | O27: 1-E | 치킨집 알바 서브 | P27: 3 | Q27: 84 | S27: 55초 | T27: 45초 | U27: 40초
A28: 1 | 평범한 하루 | B28: 26 | C28: 2 | D28: 8 | E28: 손님에게 주문을 전달하고 보상 받기 | F28: 비슷한 두 손님 중 올바른 주문자를 찾아야 함 | G28: 대화 특징과 주문 번호를 대조해 전달함 | H28: 2/10 – 목표 식별·선택·입력 부담을 종합한 체감 난이도 | I28: 2 | J28: 올바른 손님에게 전달·알바비 획득 | K28: - | L28: 40초 | M28: 핵심 대상 강조·정체 시 단계별 힌트 제공 | N28: 0.012673611 | O28: 1-E | 치킨집 알바 서브 | P28: 3 | Q28: 87 | S28: 40초 | T28: 35초 | U28: 30초 | Y28: 치킨집 알바 서브 퀘스트 완료
A29: 1 | 평범한 하루 | B29: 27 | C29: 2 | D29: 8 | E29: 편의점으로 돌아가 신상 과자 재고 확인하기 | F29: 어르신·알바생 부탁 선택에 따라 결과가 달라짐 | G29: 진열대와 알바생 반응을 확인함 | H29: 2/10 – 목표 식별·선택·입력 부담을 종합한 체감 난이도 | I29: 2 | J29: 재고·예약 여부 확인 | K29: - | L29: 25초 | M29: 핵심 대상 강조·정체 시 단계별 힌트 제공 | N29: 0.012962963 | O29: 1-F | 편의점 결과 분기 | P29: 4 | Q29: 91 | S29: 25초 | T29: 20초 | U29: 20초
A30: 1 | 평범한 하루 | B30: 28 | C30: 2 | D30: 10 | E30: 선택 결과에 따라 신상 과자 확보 여부 확정하기 | F30: 도움을 선택했을 때 앞선 알바생 부탁 수행 여부가 보상을 바꿈 | G30: 어르신 무시 시 구매, 어르신 도움+부탁 완료 시 예약품 수령, 도움+부탁에 [싫어요.] 사용 시 품절 결과를 확인함 | H30: 2/10 – 목표 식별·선택·입력 부담을 종합한 체감 난이도 | I30: 3 | J30: 신상 과자 구매·예약 수령 또는 품절 확정 | K30: - | L30: 50초 | M30: 핵심 대상 강조·정체 시 단계별 힌트 제공 | N30: 0.013541667 | O30: 1-F | 편의점 결과 분기 | P30: 5 | Q30: 96 | S30: 50초 | T30: 40초 | U30: 35초 | Y30: 선택 연쇄 결과 저장
A31: 1 | 평범한 하루 | B31: 29 | C31: 1 | D31: 9 | E31: 동생에게 과자 결과를 알리고 지하철 중고거래 심부름 받기 | F31: 품절 분기에서는 동생의 짜증 섞인 추가 요구를 감정적으로 받아들여야 함 | G31: 결과 대화를 확인하고 거래 상대 단서를 등록함 | H31: 1/10 – 목표 식별·선택·입력 부담을 종합한 체감 난이도 | I31: 2 | J31: 중고거래 장소·상대 특징 등록 | K31: - | L31: 35초 | M31: 핵심 대상 강조·정체 시 단계별 힌트 제공 | N31: 0.013946759 | O31: 1-F | 동생의 추가 심부름 | P31: 6 | Q31: 102 | S31: 35초 | T31: 30초 | U31: 25초 | W31: 과자 확보: [차우선] +5% (50%) / 품절: -5% (40%)
A32: 1 | 평범한 하루 | B32: 30 | C32: 1 | D32: 6 | E32: 영화관으로 이동하기 | F32: 상가 갈림길에서 목적지를 찾아야 함 | G32: 표지판과 심부름 목록을 보고 영화관으로 이동함 | H32: 1/10 – 목표 식별·선택·입력 부담을 종합한 체감 난이도 | I32: 1 | J32: 영화관 도착 | K32: - | L32: 30초 | M32: 핵심 대상 강조·정체 시 단계별 힌트 제공 | N32: 0.014293981 | O32: 1-F | 영화관·지하철 | P32: 5 | Q32: 107 | S32: 30초 | T32: 25초 | U32: 25초
A33: 1 | 평범한 하루 | B33: 31 | C33: 1 | D33: 6 | E33: 동생이 부탁한 팝콘 구매하기 | F33: 맛과 크기를 잘못 고를 수 있음 | G33: 심부름 목록과 메뉴를 대조해 구매함 | H33: 1/10 – 목표 식별·선택·입력 부담을 종합한 체감 난이도 | I33: 3 | J33: 지정 팝콘 구매 | K33: - | L33: 25초 | M33: 핵심 대상 강조·정체 시 단계별 힌트 제공 | N33: 0.014583333 | O33: 1-F | 영화관·지하철 | P33: 3 | Q33: 110 | S33: 25초 | T33: 20초 | U33: 20초
A34: 1 | 평범한 하루 | B34: 32 | C34: 2 | D34: 6 | E34: 지하철 중고거래 장소로 이동하기 | F34: 출구 번호와 약속 위치가 다름 | G34: 역 안내판과 채팅의 출구 번호를 확인함 | H34: 2/10 – 목표 식별·선택·입력 부담을 종합한 체감 난이도 | I34: 2 | J34: 약속 장소 도착 | K34: - | L34: 35초 | M34: 핵심 대상 강조·정체 시 단계별 힌트 제공 | N34: 0.014988426 | O34: 1-F | 영화관·지하철 | P34: 3 | Q34: 113 | S34: 35초 | T34: 30초 | U34: 25초
A35: 1 | 평범한 하루 | B35: 33 | C35: 2 | D35: 7 | E35: 거래 후보 세 명의 특징 관찰하기 | F35: 복장 일부가 비슷해 판매자를 혼동하기 쉬움 | G35: 채팅의 가방·신발·손에 든 물건을 대조함 | H35: 2/10 – 목표 식별·선택·입력 부담을 종합한 체감 난이도 | I35: 3 | J35: 후보 3명 관찰 | K35: - | L35: 30초 | M35: 핵심 대상 강조·정체 시 단계별 힌트 제공 | N35: 0.015335648 | O35: 1-F | 영화관·지하철 | P35: 3 | Q35: 116 | S35: 30초 | T35: 25초 | U35: 20초
A36: 1 | 평범한 하루 | B36: 34 | C36: 3 | D36: 7 | E36: 올바른 중고거래 상대 찾기 | F36: 가짜 후보에게 말을 걸면 시간이 추가됨 | G36: 세 단서가 모두 맞는 사람에게 암구호를 말함 | H36: 3/10 – 목표 식별·선택·입력 부담을 종합한 체감 난이도 | I36: 3 | J36: 정확한 거래 상대 선택 | K36: 오답 후보 선택 시 대화 후 다시 탐색 | L36: 40초 | M36: 핵심 대상 강조·정체 시 단계별 힌트 제공 | N36: 0.015798611 | O36: 1-F | 영화관·지하철 | P36: 4 | Q36: 120 | S36: 40초 | T36: 35초 | U36: 30초
A37: 1 | 평범한 하루 | B37: 35 | C37: 1 | D37: 8 | E37: 중고거래를 마치고 동생에게 완료 연락하기 | F37: 과자 분기와 거래 결과에 따라 동생의 반응이 달라짐 | G37: 물품 상태를 확인하고 송금·완료 메시지를 보냄 | H37: 1/10 – 목표 식별·선택·입력 부담을 종합한 체감 난이도 | I37: 3 | J37: 거래·완료 연락 | K37: - | L37: 25초 | M37: 핵심 대상 강조·정체 시 단계별 힌트 제공 | N37: 0.016087963 | O37: 1-F | 영화관·지하철 | P37: 5 | Q37: 125 | S37: 25초 | T37: 20초 | U37: 20초 | W37: [차우선] +5% (과자 확보 55% / 품절 45%)
A38: 1 | 평범한 하루 | B38: 36 | C38: 2 | D38: 8 | E38: 횡단보도에서 아이가 떨어뜨린 학용품을 주워주기 | F38: 신호가 바뀌기 전 안전한 순서로 물건을 모아야 함 | G38: 차도 가까운 물건부터 회수하고 아이를 인도로 유도함 | H38: 2/10 – 목표 식별·선택·입력 부담을 종합한 체감 난이도 | I38: 5 | J38: 학용품 5개 회수·아이 안전 확인 | K38: 신호 종료 시 남은 물건이 인도 쪽으로 이동 | L38: 55초 | M38: 핵심 대상 강조·정체 시 단계별 힌트 제공 | N38: 0.016724537 | O38: 1-F | 동네의 작은 선행 | P38: 3 | Q38: 128 | S38: 55초 | T38: 45초 | U38: 40초 | Y38: 선택 서브 퀘스트·동네 목격자 스티커 플래그
A39: 1 | 평범한 하루 | B39: 37 | C39: 1 | D39: 9 | E39: 공원에서 모든 심부름 완료와 섬광 이상 현상 확인하기 | F39: 평범한 귀가 직전 소리 없는 번개와 미세 진동이 짧게 겹침 | G39: 세 심부름 물품을 확인하고 하늘의 섬광·땅의 떨림을 기억함 | H39: 1/10 – 목표 식별·선택·입력 부담을 종합한 체감 난이도 | I39: 4 | J39: 심부름 3종 완료·첫 이상 현상 확인 | K39: - | L39: 30초 | M39: 핵심 대상 강조·정체 시 단계별 힌트 제공 | N39: 0.017071759 | O39: 1-G | 공원·첫 전조 | P39: 4 | Q39: 132 | S39: 30초 | T39: 25초 | U39: 25초 | X39: 1챕터 메인 심부름 완료
A40: 2 | 금이 간 일상 | B40: 38 | C40: 1 | D40: 7 | E40: 축제 종료 현장과 남은 이상 징후 관찰하기 | F40: 떠나는 시민·쌓인 쓰레기·간헐적으로 깜빡이는 조명 사이에 섬광의 원인을 추정할 단서가 분산되어 있음 | G40: 시민의 행동과 쓰레기 상태를 살펴본 뒤 조명 깜빡임과 바닥의 미세한 떨림을 차례로 확인함 | H40: 1/10 – 관찰 대상 수·이상 징후의 미세함·단서 분산 정도가 난이도를 결정함 | I40: 5 | J40: 시민·쓰레기·조명·바닥 진동에 관한 필수 관찰 대상 확인 | K40: - | L40: 20초 | M40: 이상 징후가 발생할 때 효과음과 짧은 시선 유도 아이콘 표시 | N40: 0.017303241 | O40: 2-A | 공원 축제·청소 | P40: 3 | Q40: 135 | S40: 20초 | T40: 20초 | U40: 20초
A41: 2 | 금이 간 일상 | B41: 39 | C41: 1 | D41: 6 | E41: 아이가 쓰레기에 걸려 넘어질 뻔한 장면 목격하기 | F41: 짧은 연출 안에서 사건의 원인과 인물의 태도를 동시에 이해해야 함 | G41: 카메라가 강조하는 인물과 오브젝트를 보며 아이와 가족의 행동을 확인함 | H41: 1/10 – 연출 속도·동시에 제시되는 정보량이 난이도를 결정함 | I41: 1 | J41: 사건 연출 종료 | K41: - | L41: 10초 | M41: 핵심 오브젝트에 카메라 줌과 효과음 적용 | N41: 0.017418981 | O41: 2-A | 공원 축제·청소 | P41: 3 | Q41: 138 | S41: 10초 | T41: 10초 | U41: 10초
A42: 2 | 금이 간 일상 | B42: 40 | C42: 1 | D42: 5 | E42: 쓰레기를 치우기로 결정하기 | F42: 두 선택 모두 이후 상황에 영향을 주므로 감정적 판단 부담이 발생함 | G42: 현재 상황과 주인공의 독백을 확인한 뒤 공원을 지나갈지 쓰레기를 치울지 판단에 대한 행동을 결정함 | H42: 1/10 – 정보의 불완전성·결과 예측 가능성·감정적 부담이 난이도를 결정함 | I42: 1 | J42: 선택지 1개 확정 | K42: - | L42: 10초 | M42: 선택 직전 핵심 상황을 한 문장으로 다시 표시 | N42: 0.017534722 | O42: 2-A | 공원 축제·청소 | P42: 2 | Q42: =Q41+P42 -> 140 | S42: 10초 | T42: 10초 | U42: 10초
A43: 2 | 금이 간 일상 | B43: 41 | C43: 2 | D43: 5 | E43: 청소 도구 찾기 | F43: 비슷한 오브젝트와 진열대가 많아 목표 대상을 한 번에 찾기 어려움 | G43: 구역별 표지와 상품 외형을 비교하며 공원 관리함의 집게와 봉투를 조사함 | H43: 2/10 – 후보 오브젝트 수·외형 유사도·탐색 범위가 난이도를 결정함 | I43: 4 | J43: 공원 관리함의 집게와 봉투 발견 및 조사 완료 | K43: - | L43: 20초 | M43: 30초 이상 미발견 시 목표 구역에 약한 반짝임 표시 | N43: 0.017766204 | O43: 2-A | 공원 축제·청소 | P43: 3 | Q43: 143 | S43: 20초 | T43: 20초 | U43: 20초
A44: 2 | 금이 간 일상 | B44: 42 | C44: 4 | D44: 8 | E44: 바람에 날린 비닐봉지 추격하기 | F44: 돌풍이 불 때마다 비닐봉지의 방향이 바뀌고 사람과 벤치가 이동 경로를 막음 | G44: 바람 방향 표시와 봉지의 그림자를 보고 다음 착지 지점을 예측해 세 번 안에 붙잡음 | H44: 4/10 – 방향 전환 빈도·장애물 배치·포획 가능 시간이 난이도를 결정함 | I44: 3 | J44: 비닐봉지를 3번째 착지 이전에 회수 | K44: 공원 출구까지 날아가면 시작 지점에서 다시 추격 | L44: 15초 | M44: 실패 후 바람 방향 예고 시간을 늘리고 봉지 이동속도를 낮춤 | N44: 0.017939815 | O44: 2-A | 공원 축제·청소 | P44: 5 | Q44: 148 | S44: 15초 | T44: 15초 | U44: 15초
A45: 2 | 금이 간 일상 | B45: 43 | C45: 1 | D45: 5 | E45: 첫 쓰레기 줍기 | F45: 수거 대상과 배경 장식의 차이를 처음에는 구별하기 어려움 | G45: 반짝임 표시가 있는 산책로의 첫 쓰레기에 접근해 줍기 입력을 수행함 | H45: 1/10 – 대상 가시성·입력 단계 수가 난이도를 결정함 | I45: 3 | J45: 안내된 수거 행동 3회 완료 | K45: - | L45: 15초 | M45: 수거 대상 반짝임과 상호작용 범위를 크게 설정 | N45: 0.018113426 | O45: 2-A | 공원 축제·청소 | P45: 3 | Q45: 151 | S45: 15초 | T45: 15초 | U45: 15초
A46: 2 | 금이 간 일상 | B46: 44 | C46: 2 | D46: 6 | E46: 잔디 구역 쓰레기 수거하기 | F46: 쓰레기가 넓은 구역과 가려진 틈에 흩어져 있어 남은 대상을 찾기 어려움 | G46: 구역을 일정한 방향으로 순회하고 반짝임·잔여 개수 UI를 확인하며 잔디 구역 쓰레기 8개를 수거함 | H46: 2/10 – 목표 수량·배치 밀도·가림 오브젝트·탐색 범위가 난이도를 결정함 | I46: 8 | J46: 잔디 구역 쓰레기 8개 전부 수거 | K46: 필수 수량을 채우지 못하면 다음 구역 진행 불가 | L46: 40초 | M46: 60초 이상 미발견 시 가장 가까운 미수거 대상 방향 표시 | N46: 0.018576389 | O46: 2-A | 공원 축제·청소 | P46: 5 | Q46: 156 | S46: 40초 | T46: 35초 | U46: 35초
A47: 2 | 금이 간 일상 | B47: 45 | C47: 2 | D47: 6 | E47: 산책로 쓰레기 수거하기 | F47: 쓰레기가 넓은 구역과 가려진 틈에 흩어져 있어 남은 대상을 찾기 어려움 | G47: 구역을 일정한 방향으로 순회하고 반짝임·잔여 개수 UI를 확인하며 산책로 쓰레기 7개를 수거함 | H47: 2/10 – 목표 수량·배치 밀도·가림 오브젝트·탐색 범위가 난이도를 결정함 | I47: 7 | J47: 산책로 쓰레기 7개 전부 수거 | K47: 필수 수량을 채우지 못하면 다음 구역 진행 불가 | L47: 35초 | M47: 60초 이상 미발견 시 가장 가까운 미수거 대상 방향 표시 | N47: 0.018981481 | O47: 2-A | 공원 축제·청소 | P47: 4 | Q47: 160 | S47: 35초 | T47: 30초 | U47: 30초
A48: 2 | 금이 간 일상 | B48: 46 | C48: 2 | D48: 8 | E48: 쓰레기 더미 근처 예쁜 고양이 울음 확인하기 | F48: 필수 청소 구역 밖에서 울음소리가 들려 플레이어가 모른 채 지나갈 수 있음 | G48: 깨진 유리와 빈 캔 사이에서 몸을 웅크린 예쁜 고양이를 선택적으로 발견함 | H48: 2/10 – 발견 여부와 선택에 따라 진행이 달라짐 | I48: 2 | J48: 예쁜 고양이와 위험한 쓰레기 위치 확인 | K48: - | L48: 35초 | M48: 자동 등록하지 않고 소리·행동·오브젝트로만 암시 | N48: 0.019386574 | O48: 2-A | 공원 축제·청소 | P48: 3 | Q48: 163 | S48: 35초 | T48: 30초 | U48: 30초 | Y48: 서브 퀘스트 : 예쁜 고양이 인연 2단계
A49: 2 | 금이 간 일상 | B49: 47 | C49: 2 | D49: 8 | E49: 예쁜 고양이가 지나갈 안전한 길 만들기 | F49: 깨진 유리·찌그러진 캔·비닐 끈이 고양이 이동 경로를 막고 있음 | G49: 위험 쓰레기를 종류별로 치우고 고양이가 빠져나올 수 있는 좁은 통로를 확보함 | H49: 2/10 – 발견 여부와 선택에 따라 진행이 달라짐 | I49: 2 | J49: 위험 쓰레기 5개 제거 및 안전 통로 확보 | K49: - | L49: 35초 | M49: 자동 등록하지 않고 소리·행동·오브젝트로만 암시 | N49: 0.019791667 | O49: 2-A | 공원 축제·청소 | P49: 3 | Q49: 166 | S49: 35초 | T49: 30초 | U49: 30초 | Y49: 첫 만남 완료 시 수행 가능
A50: 2 | 금이 간 일상 | B50: 48 | C50: 2 | D50: 8 | E50: 예쁜 고양이에게 두 번째 츄르 건네기 | F50: 청소 소음 때문에 고양이가 다시 경계해 접근 속도가 느림 | G50: 안전해진 통로 끝에 츄르를 놓고 고양이가 차한해 가까이에서 먹도록 기다림 | H50: 2/10 – 발견 여부와 선택에 따라 진행이 달라짐 | I50: 2 | J50: 두 번째 츄르 급여 완료 | K50: - | L50: 35초 | M50: 자동 등록하지 않고 소리·행동·오브젝트로만 암시 | N50: 0.020196759 | O50: 2-A | 공원 축제·청소 | P50: 3 | Q50: 169 | S50: 35초 | T50: 30초 | U50: 30초 | W50: [예쁜 고양이] +25% 선택 (최대 누적 50%) | Y50: 츄르 보유 시 수행 예쁜 고양이 인연 +25%
A51: 2 | 금이 간 일상 | B51: 49 | C51: 3 | D51: 6 | E51: 벤치 주변 쓰레기 수거하기 | F51: 쓰레기가 넓은 구역과 가려진 틈에 흩어져 있어 남은 대상을 찾기 어려움 | G51: 구역을 일정한 방향으로 순회하고 반짝임·잔여 개수 UI를 확인하며 벤치와 가려진 틈의 쓰레기 6개를 수거함 | H51: 3/10 – 목표 수량·배치 밀도·가림 오브젝트·탐색 범위가 난이도를 결정함 | I51: 6 | J51: 벤치와 가려진 틈의 쓰레기 6개 전부 수거 | K51: 필수 수량을 채우지 못하면 다음 구역 진행 불가 | L51: 35초 | M51: 60초 이상 미발견 시 가장 가까운 미수거 대상 방향 표시 | N51: 0.020601852 | O51: 2-A | 공원 축제·청소 | P51: 5 | Q51: 174 | S51: 35초 | T51: 30초 | U51: 30초
A52: 2 | 금이 간 일상 | B52: 50 | C52: 1 | D52: 5 | E52: 한도윤과 대화하기 | F52: 대화 속에 다음 목적지와 필요한 물품 정보가 섞여 있음 | G52: 강조되는 핵심 단어와 NPC의 요구를 확인하며 대화를 끝까지 진행함 | H52: 1/10 – 대사 길이·핵심 정보의 명확성·선택지 수가 난이도를 결정함 | I52: 1 | J52: 혼자 청소하는 이유와 도움 제안에 관한 대화를 마지막 문장까지 진행 | K52: - | L52: 25초 | M52: 대화 종료 후 핵심 내용을 화면 한쪽에 요약 표시 | N52: 0.020891204 | O52: 2-A | 공원 축제·청소 | P52: 3 | Q52: 177 | S52: 25초 | T52: 20초 | U52: 20초 | W52: [한도윤] 기준 75%
A53: 2 | 금이 간 일상 | B53: 51 | C53: 2 | D53: 5 | E53: 한도윤과 구역 분담하기 | F53: 동료가 담당하는 구역과 플레이어 구역이 겹치면 불필요한 이동이 발생함 | G53: 대화에서 정한 담당 구역을 확인하고 서로 다른 공원 구역를 순서대로 처리함 | H53: 2/10 – 구역 수·동료 행동 예측 가능성·이동 동선이 난이도를 결정함 | I53: 4 | J53: 플레이어 담당 구역의 목표 수량 달성 | K53: - | L53: 30초 | M53: 미니맵에 담당 구역을 서로 다른 테두리로 표시 | N53: 0.021238426 | O53: 2-A | 공원 축제·청소 | P53: 4 | Q53: 181 | S53: 30초 | T53: 30초 | U53: 30초 | W53: [한도윤] +5% (누적 80%)
A54: 2 | 금이 간 일상 | B54: 52 | C54: 4 | D54: 8 | E54: 청소 콤보 유지하기 | F54: 서로 다른 쓰레기를 연속으로 정확히 주워야 콤보가 유지되며 잘못 집으면 게이지가 초기화됨 | G54: 가까운 쓰레기의 종류와 다음 분리수거 위치를 미리 확인해 이동 동선을 끊지 않고 수거함 | H54: 4/10 – 콤보 유지 시간·쓰레기 간 거리·오분류 페널티가 난이도를 결정함 | I54: 12 | J54: 정확 수거 콤보 12회를 달성 | K54: 오분류 시 콤보만 초기화되고 수거 진행도는 유지 | L54: 45초 | M54: 콤보 실패 후 다음 3개 쓰레기의 분류 아이콘을 미리 표시 | N54: 0.021759259 | O54: 2-A | 공원 축제·청소 | P54: 6 | Q54: 187 | S54: 45초 | T54: 40초 | U54: 40초
A55: 2 | 금이 간 일상 | B55: 53 | C55: 2 | D55: 7 | E55: 별 문양 우정 반지와 검은 흔적 단서 발견하기 | F55: 작은 별 문양과 쓰레기 아래 검은 흔적이 배경에 섞여 있음 | G55: 반지의 별 각인과 주변 대사를 확인한 뒤 검은 흔적을 따로 조사함 | H55: 2/10 – 단서 크기·배경 대비·검은 흔적의 노출 시간이 난이도를 결정함 | I55: 4 | J55: 별 문양 우정 반지·검은 흔적 조사 | K55: 단서를 버리려 하면 경고 후 행동 취소 | L55: 20초 | M55: 반지와 검은 흔적에 서로 다른 약한 빛·파동 효과 적용 | N55: 0.021990741 | O55: 2-A | 공원·우정 반지 서브 | P55: 4 | Q55: 191 | S55: 20초 | T55: 20초 | U55: 20초 | Y55: 서브 퀘스트 : 우정 반지 찾기
A56: 2 | 금이 간 일상 | B56: 54 | C56: 4 | D56: 8 | E56: 발자국과 스티커 단서 대조하기 | F56: 비슷한 운동화 자국과 축제 스티커가 여러 방향으로 이어져 잘못된 동선을 선택하기 쉬움 | G56: 반지에 묻은 흙·신발 자국·가방 스티커를 비교해 중학생이 지나간 경로를 좁힘 | H56: 4/10 – 후보 경로 수·단서 유사도·비교 단계 수가 난이도를 결정함 | I56: 4 | J56: 세 단서를 연결해 올바른 탐색 구역 선택 | K56: 오답 경로 선택 시 불필요한 탐색 시간이 추가됨 | L56: 25초 | M56: 오답 후 일치하지 않는 단서 하나에 취소 표시 | N56: 0.022280093 | O56: 2-A | 공원·우정 반지 서브 | P56: 5 | Q56: 196 | S56: 25초 | T56: 25초 | U56: 25초
A57: 2 | 금이 간 일상 | B57: 55 | C57: 3 | D57: 7 | E57: 별 문양 우정 반지 찾기 | F57: 목표물이 작고 수거 가능한 쓰레기 사이에 섞여 있어 탐색 부담이 큼 | G57: 목격 위치와 반짝임 주기로 쓰레기 사이의 작은 별 문양 반지를 찾음 | H57: 3/10 – 목표물 크기·탐색 범위·가짜 후보 수가 난이도를 결정함 | I57: 5 | J57: 별 문양 우정 반지 발견·획득 | K57: - | L57: 35초 | M57: 90초 이상 미발견 시 탐색 범위를 단계적으로 축소 | N57: 0.022685185 | O57: 2-A | 공원·우정 반지 서브 | P57: 5 | Q57: 201 | S57: 35초 | T57: 30초 | U57: 30초 | Y57: 폐교에서 변혜서 목걸이 펜던트·약점 경고를 판별하는 단서
A58: 2 | 금이 간 일상 | B58: 56 | C58: 1 | D58: 8 | E58: 중학생에게 우정 반지를 돌려주고 반지의 의미 듣기 | F58: 비슷한 복장의 NPC가 있어 물건의 주인을 잘못 선택할 수 있음 | G58: 의뢰 대사와 위치를 확인한 뒤 반지의 주인에게 전달함 | H58: 1/10 – NPC 후보 수·위치 이동 여부·의뢰 단서 명확성이 난이도를 결정함 | I58: 2 | J58: 주인에게 전달·친구끼리 나눈 별 문양이라는 설명 확인 | K58: 오답 NPC 선택 시 전달이 취소되고 다시 선택 | L58: 15초 | M58: 의뢰 NPC 머리 위에 약한 대화 아이콘 표시 | N58: 0.022858796 | O58: 2-A | 공원·우정 반지 서브 | P58: 3 | Q58: 204 | S58: 15초 | T58: 15초 | U58: 15초 | Y58: 우정 반지 서브 퀘스트 완료·폐교 단서 플래그 저장
A59: 2 | 금이 간 일상 | B59: 57 | C59: 2 | D59: 8 | E59: 남은 쓰레기와 갑작스러운 공원 정적 확인하기 | F59: 잔여 쓰레기를 확인하는 순간 새들이 한꺼번에 날아가고 휴대전화 통신이 끊겨 미완료 항목과 이상 징후를 함께 확인해야 함 | G59: 잔여 수량과 구역 상태를 점검하면서 새가 날아간 방향·멈춘 배경음·통신 불가 표시를 확인함 | H59: 2/10 – 점검 항목 수·이상 징후의 동시 발생·정보 분산 정도가 난이도를 결정함 | I59: 5 | J59: 잔여 수량 0·오류 항목 0 및 공원 정적·통신 장애 확인 | K59: 조건 미달 시 완료 상호작용이 비활성화됨 | L59: 20초 | M59: 배경음을 단계적으로 줄이고 통신 불가 아이콘을 화면에 고정 표시 | N59: 0.023090278 | O59: 2-A | 공원 축제·청소 | P59: 4 | Q59: 208 | S59: 20초 | T59: 20초 | U59: 20초 | X59: 공원 청소 구역·반지 전달 완료
A60: 2 | 금이 간 일상 | B60: 58 | C60: 3 | D60: 8 | E60: 진동이 커지는 분리수거장으로 이동하기 | F60: 분리수거장에 가까워질수록 바닥 진동과 금속 마찰음이 강해져 목적지 방향과 위험 구역을 동시에 판단해야 함 | G60: 표지판과 진동의 세기를 비교하며 갈라진 바닥과 흔들리는 수거함을 피해 분리수거장까지 이동함 | H60: 3/10 – 진동 구역 수·시야 흔들림·목적지 표식의 가시성이 난이도를 결정함 | I60: 3 | J60: 진동 구역을 피해 분리수거장의 도착 트리거에 진입 | K60: 진동 구역에 3회 진입하면 공원 입구 체크포인트에서 재시작 | L60: 15초 | M60: 위험 바닥의 파동을 강조하고 실패 후 안전 경로를 표시 | N60: 0.023263889 | O60: 2-B | 분리수거장 | P60: 4 | Q60: 212 | S60: 15초 | T60: 15초 | U60: 15초
A61: 2 | 금이 간 일상 | B61: 59 | C61: 2 | D61: 6 | E61: 일반쓰레기 분류하기 | F61: 외형이 비슷하거나 내용물이 남은 쓰레기는 분류 기준을 혼동하기 쉬움 | G61: 재질·오염 여부·남은 내용물을 확인하고 일반쓰레기 8개를 올바른 수거함에 넣음 | H61: 2/10 – 분류 종류 수·외형 유사도·오답 허용 횟수가 난이도를 결정함 | I61: 8 | J61: 일반쓰레기 8개 전부 올바르게 분류 | K61: 오분류 5회 누적 시 해당 분류 단계 재시작 | L61: 35초 | M61: 오답 2회 후 분류 기준 그림 표시 | N61: 0.023668981 | O61: 2-B | 분리수거장 | P61: 4 | Q61: 216 | S61: 35초 | T61: 30초 | U61: 30초
A62: 2 | 금이 간 일상 | B62: 60 | C62: 3 | D62: 7 | E62: 재활용품 분류하기 | F62: 외형이 비슷하거나 내용물이 남은 쓰레기는 분류 기준을 혼동하기 쉬움 | G62: 재질·오염 여부·남은 내용물을 확인하고 플라스틱·캔·종이 10개를 올바른 수거함에 넣음 | H62: 3/10 – 분류 종류 수·외형 유사도·오답 허용 횟수가 난이도를 결정함 | I62: 10 | J62: 플라스틱·캔·종이 10개 전부 올바르게 분류 | K62: 오분류 5회 누적 시 해당 분류 단계 재시작 | L62: 45초 | M62: 오답 2회 후 분류 기준 그림 표시 | N62: 0.024189815 | O62: 2-B | 분리수거장 | P62: 5 | Q62: 221 | S62: 45초 | T62: 40초 | U62: 40초
A63: 2 | 금이 간 일상 | B63: 61 | C63: 3 | D63: 7 | E63: 오염된 쓰레기 분류하기 | F63: 외형이 비슷하거나 내용물이 남은 쓰레기는 분류 기준을 혼동하기 쉬움 | G63: 재질·오염 여부·남은 내용물을 확인하고 내용물이 남거나 오염된 쓰레기 6개를 올바른 수거함에 넣음 | H63: 3/10 – 분류 종류 수·외형 유사도·오답 허용 횟수가 난이도를 결정함 | I63: 6 | J63: 내용물이 남거나 오염된 쓰레기 6개 전부 올바르게 분류 | K63: 오분류 5회 누적 시 해당 분류 단계 재시작 | L63: 35초 | M63: 오답 2회 후 분류 기준 그림 표시 | N63: 0.024594907 | O63: 2-B | 분리수거장 | P63: 5 | Q63: 226 | S63: 35초 | T63: 30초 | U63: 30초
A64: 2 | 금이 간 일상 | B64: 62 | C64: 5 | D64: 8 | E64: 분리수거 라인 막힘 해소하기 | F64: 한꺼번에 들어온 쓰레기로 컨베이어가 막히고 오염물이 다른 분류함으로 번짐 | G64: 막힘 원인을 먼저 제거한 뒤 제한 시간 동안 재활용·일반·세척 대상을 우선순위대로 분류함 | H64: 5/10 – 동시 등장 수·오염 확산 속도·우선순위 판단이 난이도를 결정함 | I64: 10 | J64: 막힘 제거 후 쓰레기 10개를 오분류 없이 처리 | K64: 오염도 게이지가 최대가 되면 구간 시작부터 재시작 | L64: 35초 | M64: 재시도 시 컨베이어 속도를 낮추고 오염 확산 대상에 경고 테두리 표시 | N64: 0.025 | O64: 2-B | 분리수거장 | P64: 6 | Q64: 232 | S64: 35초 | T64: 30초 | U64: 30초
A65: 2 | 금이 간 일상 | B65: 63 | C65: 2 | D65: 9 | E65: 분리수거를 완료하고 바닥의 균열 흔적 확인하기 | F65: 마지막 쓰레기를 치운 뒤 수거함 아래에서 검은 선이 퍼지지만 오염 자국과 비슷해 균열 전조임을 놓칠 수 있음 | G65: 잔여 수량과 오분류 여부를 점검한 뒤 수거함을 움직여 바닥의 검은 선과 미세한 빛을 조사함 | H65: 2/10 – 검사 항목 수·흔적의 가시성·연출 발생 시점이 난이도를 결정함 | I65: 4 | J65: 잔여 수량 0·오류 항목 0 및 바닥의 균열 흔적 조사 | K65: 조건 미달 시 완료 상호작용이 비활성화됨 | L65: 15초 | M65: 미완료 구역을 표시하고 완료 후 수거함 아래의 검은 선을 단계적으로 밝힘 | N65: 0.025173611 | O65: 2-B | 분리수거장 | P65: 5 | Q65: 237 | S65: 15초 | T65: 15초 | U65: 15초 | X65: 분리수거 4단계 완료
A66: 2 | 금이 간 일상 | B66: 64 | C66: 1 | D66: 10 | E66: 비가 오지 않는데 이어지는 소리 없는 번개 목격하기 | F66: 시민에게는 이상 기상처럼 보이지만 차한해에게만 섬광 뒤 보랏빛 잔상이 보임 | G66: 하늘의 번개와 차한해 시야의 보랏빛 균열 아우라를 구분함 | H66: 1/10 – 목표 식별·선택·입력 부담을 종합한 체감 난이도 | I66: 3 | J66: 소리 없는 번개·차한해만 보는 보랏빛 잔상 확인 | K66: - | L66: 10초 | M66: 핵심 대상 강조·정체 시 단계별 힌트 제공 | N66: 0.025289352 | O66: 2-C | 자연재해로 보이는 균열 전조 | P66: 4 | Q66: 241 | S66: 10초 | T66: 10초 | U66: 10초
A67: 2 | 금이 간 일상 | B67: 65 | C67: 2 | D67: 9 | E67: 미세 지진과 도로의 금을 확인하기 | F67: 사람들은 노후 도로 균열로 여기지만 차한해에게만 금 사이 보랏빛 아우라가 보임 | G67: 흔들림이 멈춘 뒤 도로 금과 보랏빛 반응을 관찰함 | H67: 2/10 – 목표 식별·선택·입력 부담을 종합한 체감 난이도 | I67: 3 | J67: 미세 진동·도로 균열·보랏빛 반응 확인 | K67: - | L67: 25초 | M67: 핵심 대상 강조·정체 시 단계별 힌트 제공 | N67: 0.025578704 | O67: 2-C | 자연재해로 보이는 균열 전조 | P67: 4 | Q67: 245 | S67: 25초 | T67: 25초 | U67: 20초
A68: 2 | 금이 간 일상 | B68: 66 | C68: 2 | D68: 8 | E68: 시민과 상인의 자연재해 추측 듣기 | F68: 싱크홀·지진·이상 기상이라는 서로 다른 설명이 제시됨 | G68: 공통으로 확인되는 현상과 추측을 구분함 | H68: 2/10 – 목표 식별·선택·입력 부담을 종합한 체감 난이도 | I68: 3 | J68: 시민 추측 3종 확인 | K68: - | L68: 25초 | M68: 핵심 대상 강조·정체 시 단계별 힌트 제공 | N68: 0.025868056 | O68: 2-C | 자연재해로 보이는 균열 전조 | P68: 4 | Q68: 249 | S68: 25초 | T68: 25초 | U68: 20초
A69: 2 | 금이 간 일상 | B69: 67 | C69: 1 | D69: 8 | E69: 정부의 도로 크랙·싱크홀 통제 안내 확인하기 | F69: 정부도 균열을 알지 못해 일반 재난으로 통제함 | G69: 안내 방송에 따라 통제선 밖으로 이동하며 공식 분류를 확인함 | H69: 1/10 – 목표 식별·선택·입력 부담을 종합한 체감 난이도 | I69: 2 | J69: 도로 재난 통제·접근 금지 안내 확인 | K69: - | L69: 30초 | M69: 핵심 대상 강조·정체 시 단계별 힌트 제공 | N69: 0.026215278 | O69: 2-C | 자연재해로 보이는 균열 전조 | P69: 4 | Q69: 253 | S69: 30초 | T69: 30초 | U69: 25초
A70: 2 | 금이 간 일상 | B70: 68 | C70: 1 | D70: 9 | E70: 밤이 되자 사라진 보랏빛 잔상 확인하고 귀가하기 | F70: 현상이 멈춰 평범한 사고처럼 보이지만 차한해만 잔류 파장을 느낌 | G70: 도로 상태와 잔광을 마지막으로 확인하고 귀가함 | H70: 1/10 – 목표 식별·선택·입력 부담을 종합한 체감 난이도 | I70: 2 | J70: 잔류 파장 확인·공원 이탈 | K70: - | L70: 25초 | M70: 핵심 대상 강조·정체 시 단계별 힌트 제공 | N70: 0.02650463 | O70: 2-D | 전조 잠잠·귀가 | P70: 3 | Q70: 256 | S70: 25초 | T70: 20초 | U70: 20초
A71: 2 | 금이 간 일상 | B71: 69 | C71: 1 | D71: 9 | E71: 괴물 없이 끝난 이상 현상 보도를 확인하고 잠자기 | F71: 뉴스는 지진·싱크홀·이상 번개로만 설명함 | G71: 확정된 자연재해 정보와 차한해만 본 보랏빛 아우라를 구분함 | H71: 1/10 – 목표 식별·선택·입력 부담을 종합한 체감 난이도 | I71: 2 | J71: 뉴스 확인·취침 | K71: - | L71: 30초 | M71: 핵심 대상 강조·정체 시 단계별 힌트 제공 | N71: 0.026851852 | O71: 2-D | 전조 잠잠·귀가 | P71: 4 | Q71: 260 | S71: 30초 | T71: 30초 | U71: 25초 | Y71: 1~2챕터 괴물 미등장·균열 전조만 확정
A72: 3 | 선택된 선의 | B72: 70 | C72: 1 | D72: 6 | E72: 새벽 재난 문자 확인하기 | F72: 재난 문자와 주변 효과음이 동시에 출력되어 핵심 행동을 놓칠 수 있음 | G72: 균열 인근 대피 안내의 대피 위치와 위험 지역을 먼저 확인함 | H72: 1/10 – 동시 정보량·경고 문구의 명확성이 난이도를 결정함 | I72: 2 | J72: 재난 문자 핵심 항목 확인 | K72: - | L72: 10초 | M72: 문자를 닫은 뒤 화면에 대피 목표를 고정 표시 | N72: 0.026967593 | O72: 3-A | 아파트 재난 | P72: 3 | Q72: 263 | S72: 10초 | T72: 10초 | U72: 10초
A73: 3 | 선택된 선의 | B73: 71 | C73: 2 | D73: 8 | E73: 가족 찾기 | F73: 대화 속에 다음 목적지와 필요한 물품 정보가 섞여 있음 | G73: 강조되는 핵심 단어와 NPC의 요구를 확인하며 대화를 끝까지 진행함 | H73: 2/10 – 대사 길이·핵심 정보의 명확성·선택지 수가 난이도를 결정함 | I73: 3 | J73: 부모와 동생에 관한 대화를 마지막 문장까지 진행 | K73: - | L73: 15초 | M73: 대화 종료 후 핵심 내용을 화면 한쪽에 요약 표시 | N73: 0.027141204 | O73: 3-A | 아파트 재난 | P73: 4 | Q73: 267 | S73: 15초 | T73: 15초 | U73: 15초 | W73: [차우선] +5% (누적 60%)
A74: 3 | 선택된 선의 | B74: 72 | C74: 3 | D74: 7 | E74: 비상 물품 챙기기 | F74: 제한된 가방 칸 때문에 모든 물품을 챙길 수 없고 우선순위 판단이 필요함 | G74: 대피 상황에 필요한 물품을 비교해 가방·물·손전등·구급품 중 필수 물품를 선택함 | H74: 3/10 – 후보 물품 수·인벤토리 제한·필수 조합 수가 난이도를 결정함 | I74: 5 | J74: 필수 물품이 포함된 상태로 준비 완료 | K74: 필수 물품이 없으면 확인 단계에서 진행 불가 | L74: 30초 | M74: 필수 물품 누락 시 용도 힌트 표시 | N74: 0.027488426 | O74: 3-A | 아파트 재난 | P74: 5 | Q74: 272 | S74: 30초 | T74: 30초 | U74: 30초
A75: 3 | 선택된 선의 | B75: 73 | C75: 4 | D75: 9 | E75: 가족들 대피시키기 | F75: 동행 NPC가 장애물에 걸리거나 플레이어와 멀어지면 대피가 중단됨 | G75: 동행자 속도에 맞춰 이동하고 위험 구역 앞에서 부모와 동생를 기다림 | H75: 4/10 – 동행 인원·속도 차이·장애물 수·허용 거리가 난이도를 결정함 | I75: 3 | J75: 모든 동행 NPC가 대피 지점 도착 | K75: 동행 NPC가 위험 구역에 8초 이상 고립되면 재시작 | L75: 35초 | M75: 동행 NPC가 멀어지면 화면 가장자리에 방향 표시 | N75: 0.027893519 | O75: 3-A | 아파트 재난 | P75: 6 | Q75: 278 | S75: 35초 | T75: 35초 | U75: 35초
A76: 3 | 선택된 선의 | B76: 74 | C76: 2 | D76: 8 | E76: 아파트 계단으로 이동하며 ‘보라멍울’을 피해 숨기 | F76: 보라멍울의 느린 할퀴기·비틀거리며 접근 패턴과 가족과 이웃의 대피 동선을 들키지 않게 확보해야 함 | G76: 균열 주변을 배회하다가 가까이 접근한 대상을 짧게 추격함을 관찰한 뒤 회피·관찰 방식으로 안전 지점까지 이동함 | H76: 2/10 – 시야 범위·우회 경로 수·발각 후 추격 시간이 난이도를 결정함 | I76: 1 | J76: 보라멍울에게 발각되거나 피격되지 않고 목표 지점 도달 | K76: 피격·발각 시 직전 안전 지점에서 재시작 | L76: 20초 | M76: 시야 범위 표시·공격 전조 길이·안전 지점 간격 조절 | N76: 0.028125 | O76: 3-B | 대피 경로 | P76: 5 | Q76: 283 | R76: 느린 할퀴기→비틀거리며 접근→회피·관찰 | S76: 20초 | T76: 20초 | U76: 20초
A77: 3 | 선택된 선의 | B77: 75 | C77: 5 | D77: 9 | E77: 이웃 주민 구조하기 | F77: 위험이 지속되는 동안 대상 상태를 확인하고 구조 행동을 여러 번 수행해야 함 | G77: 위험 패턴이 멈춘 순간에 접근해 계단에 쓰러진 이웃 주민을 안전 지점으로 옮김 | H77: 5/10 – 위험 주기·대상 체력·이동 거리·구조 단계 수가 난이도를 결정함 | I77: 3 | J77: 구조 대상이 안전 지점 도착 | K77: 구조 대상 체력이 0이 되면 체크포인트 재시작 | L77: 45초 | M77: 대상 체력 경고와 안전 경로 표시 | N77: 0.028645833 | O77: 3-B | 대피 경로 | P77: 6 | Q77: 289 | S77: 45초 | T77: 40초 | U77: 40초
A78: 3 | 선택된 선의 | B78: 76 | C78: 2 | D78: 5 | E78: 가족과 이웃 주민을 건물 밖으로 먼저 내보내기 | F78: 출구가 좁고 주민들이 공포에 빠져 한꺼번에 몰리면 대피가 지연됨 | G78: 차한해가 뒤에 남아 주민을 순서대로 내보내고 마지막까지 계단과 현관을 확인함 | H78: 2/10 – 목적지와 우회 동선을 파악해야 함 | I78: 1 | J78: 가족·이웃 주민 전원 건물 밖 대피 | K78: - | L78: 25초 | M78: 목적지 방향 표시·정체 시 우회 경로 안내 | N78: 0.028935185 | O78: 3-B | 아파트 대피·첫 힘 | P78: 3 | Q78: 292 | S78: 25초 | T78: 20초 | U78: 20초 | W78: [도시] +5% (기본 5% · 최대 5%) [차우선] +5% (누적 65%) | X78: 가족·이웃 주민 대피 완료
A79: 3 | 선택된 선의 | B79: 77 | C79: 2 | D79: 7 | E79: 건물 안에 남은 어린아이의 울음소리 찾기 | F79: 괴물 소리와 경보음 사이에 아이의 작은 울음이 섞여 위치를 알아차리기 어려움 | G79: 현관을 나가기 전 멈춰 울음 방향을 듣고 계단 아래 사각지대의 아이를 발견함 | H79: 2/10 – 시각·음향 단서를 연결해야 함 | I79: 3 | J79: 숨어 있는 어린아이 발견 | K79: - | L79: 25초 | M79: 중요 오브젝트 미세 점멸·정체 시 음향 방향 강화 | N79: 0.029224537 | O79: 3-B | 아파트 대피·첫 힘 | P79: 4 | Q79: 296 | S79: 25초 | T79: 25초 | U79: 20초
A80: 3 | 선택된 선의 | B80: 78 | C80: 1 | D80: 10 | E80: 문틈젤리와 정면으로 마주치기 | F80: 문틈젤리의 돌진이 퇴로를 막지만, 차한해는 아직 자신의 힘을 알지 못함 | G80: 회피 불가능한 연출에서 반사적으로 양손을 뻗어 다음 접촉 소멸 장면으로 이어짐 | H80: 1/10 – 연출 정보량·단서 강조 정도가 난이도를 결정함 | I80: 2 | J80: 문틈젤리의 덮치기 직전 차한해가 양손을 뻗는 연출 진입 | K80: - | L80: 55초 | M80: 공격 연출 속도·시선 유도·입력 유예 시간 조절 | N80: 0.029861111 | O80: 3-B | 아파트 대피·첫 힘 | P80: 5 | Q80: 301 | R80: 강제 덮치기→반사적 접촉→다음 콘텐츠에서 소멸 | S80: 55초 | T80: 50초 | U80: 40초 | W80: [도시] +5% (기본 5% · 최대 10%)
A81: 3 | 선택된 선의 | B81: 79 | C81: 1 | D81: 10 | E81: 두 눈을 감고 양손으로 괴물을 막기 | F81: 차한해는 공격 방법도 힘의 존재도 모르며 괴물의 돌진을 몸으로 막아야 한다고 생각함 | G81: 괴물이 덮치기 직전 전용 UI에 나타난 [펑!]을 1회 발동함. 차한해가 두 눈을 감고 양손을 뻗는 순간 무의식적 선의 폭발이 발생함 | H81: 2/10 – 감정 정보와 인물 관계를 이해해야 함 | I81: 2 | J81: [펑!] 1회 발동·괴물이 차한해에게 접촉 | K81: - | L81: 25초 | M81: 일시정지·다시 보기·핵심 기억 요약 제공 | N81: 0.030150463 | O81: 3-B | 아파트 대피·첫 힘 | P81: 8 | Q81: 309 | R81: [펑!] → 무의식적 선의 폭발(+990) → 접촉 소멸 | S81: 25초 | T81: 25초 | U81: 25초
A82: 3 | 선택된 선의 | B82: 80 | C82: 2 | D82: 7 | E82: 먼지처럼 사라진 괴물의 흔적 확인하기 | F82: 눈을 감고 충돌 감각도 느끼지 못해 차한해는 괴물이 어디로 사라졌는지 이해하지 못함 | G82: [펑!]의 연계 효과인 접촉 소멸이 끝난 뒤 눈을 뜨고 비어 있는 복도와 먼지 같은 보랏빛 잔광만 확인함 | H82: 2/10 – 시각·음향 단서를 연결해야 함 | I82: 3 | J82: 괴물이 사라진 복도 확인 | K82: - | L82: 25초 | M82: 중요 오브젝트 미세 점멸·정체 시 음향 방향 강화 | N82: 0.030439815 | O82: 3-B | 아파트 대피·첫 힘 | P82: 4 | Q82: 313 | S82: 25초 | T82: 25초 | U82: 20초
A83: 3 | 선택된 선의 | B83: 81 | C83: 2 | D83: 5 | E83: 어린아이를 공주님 안기로 구출하기 | F83: 차한해가 괴물의 행방에 당황하는 사이 아이가 다시 위험 구역에 남아 있음 | G83: 괴물의 원인을 추측하는 대신 아이를 안아 들고 즉시 건물 밖으로 달려 나감 | H83: 2/10 – 목적지와 우회 동선을 파악해야 함 | I83: 1 | J83: 어린아이와 함께 건물 밖 도착 | K83: - | L83: 25초 | M83: 목적지 방향 표시·정체 시 우회 경로 안내 | N83: 0.030729167 | O83: 3-B | 아파트 대피·첫 힘 | P83: 3 | Q83: 316 | S83: 25초 | T83: 20초 | U83: 20초 | W83: [도시] +5% (기본 10% · 최대 15%) | X83: 어린아이 구조 완료
A84: 3 | 선택된 선의 | B84: 82 | C84: 1 | D84: 8 | E84: 아이의 ‘괴물 펑’ 목격담 듣기 | F84: 아이는 흥분한 상태로 짧고 불완전한 말만 해 차한해가 의미를 이해하기 어려움 | G84: 아이의 ‘언니, 괴물. 펑! 없어져써!’라는 말을 듣지만 놀라서 횡설수설한다고 판단함 | H84: 2/10 – 핵심 정보와 감정의 연결을 이해해야 함 | I84: 2 | J84: 아이의 목격담 확인 | K84: - | L84: 30초 | M84: 핵심 문장 강조·대화 다시 보기·선택 시간 제한 없음 | N84: 0.031076389 | O84: 3-B | 아파트 대피·첫 힘 | P84: 4 | Q84: 320 | S84: 30초 | T84: 30초 | U84: 25초
A85: 3 | 선택된 선의 | B85: 83 | C85: 2 | D85: 8 | E85: 질질핵을 우회해 안전 구역으로 이동하기 | F85: 질질핵의 몸통 내려찍기·느린 추격 패턴과 느린 추격이 좁은 대피 경로를 막음 | G85: 느리게 직선 접근하며 공격 직전에 몸을 크게 들어 올림을 관찰한 뒤 회피·우회 방식으로 안전 지점까지 이동함 | H85: 2/10 – 시야 범위·우회 경로 수·발각 후 추격 시간이 난이도를 결정함 | I85: 1 | J85: 질질핵에게 발각되거나 피격되지 않고 목표 지점 도달 | K85: 피격·발각 시 직전 안전 지점에서 재시작 | L85: 25초 | M85: 시야 범위 표시·공격 전조 길이·안전 지점 간격 조절 | N85: 0.031365741 | O85: 3-B | 대피 경로 | P85: 5 | Q85: 325 | R85: 몸통 내려찍기→느린 추격→회피·우회 | S85: 25초 | T85: 25초 | U85: 25초
A86: 3 | 선택된 선의 | B86: 84 | C86: 2 | D86: 8 | E86: 울음주머니의 울음 파동을 피해 새벽 괴물 습격 구간 벗어나기 | F86: 울음주머니의 울음 파동·뒤로 물러나기 패턴과 울음이 다른 괴물의 시선을 끌어 안전 경로가 계속 바뀜 | G86: 제자리에서 울음소리를 내며 주변 개체의 시선을 끌고 접근 시 도망침을 관찰한 뒤 거리 유지 방식으로 안전 지점까지 이동함 | H86: 2/10 – 시야 범위·우회 경로 수·발각 후 추격 시간이 난이도를 결정함 | I86: 4 | J86: 울음주머니에게 발각되거나 피격되지 않고 목표 지점 도달 | K86: 피격·발각 시 직전 안전 지점에서 재시작 | L86: 1분 10초 | M86: 시야 범위 표시·공격 전조 길이·안전 지점 간격 조절 | N86: 0.032175926 | O86: 3-B | 대피 경로 | P86: 10 | Q86: 335 | R86: 울음 파동→뒤로 물러나기→멈춰 서기→거리 유지 | S86: 1분 10초 | T86: 1분 | U86: 1분
A87: 3 | 선택된 선의 | B87: 85 | C87: 2 | D87: 8 | E87: 길치섬모의 배회 경로를 피해 한도윤과 합류하기 | F87: 길치섬모의 배회·짧은 밀치기 패턴과 반복 배회 구간을 읽으며 합류 지점까지 이동해야 함 | G87: 정해진 구역을 반복 이동하며 시야 안에서 오래 머물 때만 반응함을 관찰한 뒤 은폐·우회 방식으로 안전 지점까지 이동함 | H87: 2/10 – 시야 범위·우회 경로 수·발각 후 추격 시간이 난이도를 결정함 | I87: 2 | J87: 길치섬모에게 발각되거나 피격되지 않고 목표 지점 도달 | K87: 피격·발각 시 직전 안전 지점에서 재시작 | L87: 20초 | M87: 시야 범위 표시·공격 전조 길이·안전 지점 간격 조절 | N87: 0.032407407 | O87: 3-B | 대피 경로 | P87: 4 | Q87: 339 | R87: 배회→짧은 밀치기→주변 살피기→은폐·우회 | S87: 20초 | T87: 20초 | U87: 20초 | W87: [한도윤] +5% (누적 85%) | X87: 가족 대피·아파트 탈출 완료 | Y87: 한도윤 인연 85% 이상 : 대피소 작전 힌트 대화 해금
A88: 3 | 선택된 선의 | B88: 86 | C88: 3 | D88: 8 | E88: 임시 대피소 도착하기 | F88: 갈림길과 주변 상호작용 오브젝트 때문에 목적지 방향을 놓칠 수 있음 | G88: 표지판·미니맵·NPC 이동 방향을 확인하며 임시 대피소까지 이동함 | H88: 3/10 – 맵 크기·갈림길 수·목적지 표식의 가시성이 난이도를 결정함 | I88: 1 | J88: 임시 대피소의 도착 트리거에 진입 | K88: - | L88: 25초 | M88: 일정 시간 정체 시 목적지 방향 화살표 표시 | N88: 0.032696759 | O88: 3-C | 대피소·선의관리국 | P88: 4 | Q88: 343 | S88: 25초 | T88: 20초 | U88: 20초
A89: 3 | 선택된 선의 | B89: 87 | C89: 1 | D89: 8 | E89: 맨몸으로 할머니를 구해 유명해진 청년의 뉴스 확인하기 | F89: 영웅 서사와 실제 구조 행동을 구분해야 함 | G89: 원본 구조 영상에서 청년이 먼저 위험에 뛰어든 장면을 확인함 | H89: 2/10 – 핵심 정보와 감정의 연결을 이해해야 함 | I89: 2 | J89: 청년의 구조 행동·대중적 유명세 확인 | K89: - | L89: 30초 | M89: 핵심 문장 강조·대화 다시 보기·선택 시간 제한 없음 | N89: 0.033043981 | O89: 3-C | 임시 대피소·선의 발견 | P89: 4 | Q89: 347 | S89: 30초 | T89: 30초 | U89: 25초
A90: 3 | 선택된 선의 | B90: 88 | C90: 1 | D90: 8 | E90: 선행으로 유명해진 청년의 인터뷰와 밈 확인하기 | F90: 진심 어린 인터뷰가 영웅 상품으로 소비되는 변화를 읽어야 함 | G90: 원본 인터뷰와 편집 영상·밈을 비교함 | H90: 2/10 – 핵심 정보와 감정의 연결을 이해해야 함 | I90: 2 | J90: 원본 인터뷰·영웅화 반응 확인 | K90: - | L90: 30초 | M90: 핵심 문장 강조·대화 다시 보기·선택 시간 제한 없음 | N90: 0.033391204 | O90: 3-C | 임시 대피소·선의 발견 | P90: 4 | Q90: 351 | S90: 30초 | T90: 30초 | U90: 25초
A91: 3 | 선택된 선의 | B91: 89 | C91: 1 | D91: 8 | E91: 악질 채널 ‘클릭헌터’의 균열 접근 생방송 시청하기 | F91: 조회수를 위해 통제선을 넘는 과장 방송에서 실제 현장을 구분해야 함 | G91: 삼각대 화면·통제선 침입 경로·눈썹 흉터와 피어싱을 확인함 | H91: 2/10 – 핵심 정보와 감정의 연결을 이해해야 함 | I91: 2 | J91: 클릭헌터의 균열 접근·외형 특징 확인 | K91: - | L91: 30초 | M91: 핵심 문장 강조·대화 다시 보기·선택 시간 제한 없음 | N91: 0.033738426 | O91: 3-C | 클릭헌터 첫 생방송 | P91: 4 | Q91: 355 | S91: 30초 | T91: 30초 | U91: 25초
A92: 3 | 선택된 선의 | B92: 90 | C92: 2 | D92: 7 | E92: 클릭헌터에게 나타난 선의 수치 96 확인하기 | F92: 숫자가 방송 화면과 실제 현장에 동시에 떠올라 영상 조작인지 이상 현상인지 논란이 발생함 | G92: 다른 각도의 영상과 현장 목격담을 대조해 수치 96이 실제로 나타났음을 확인함 | H92: 2/10 – 시각·음향 단서를 연결해야 함 | I92: 3 | J92: 클릭헌터의 수치 96 측정 확인 | K92: - | L92: 25초 | M92: 중요 오브젝트 미세 점멸·정체 시 음향 방향 강화 | N92: 0.034027778 | O92: 3-C | 클릭헌터 첫 생방송 | P92: 4 | Q92: 359 | S92: 25초 | T92: 25초 | U92: 20초
A93: 3 | 선택된 선의 | B93: 91 | C93: 1 | D93: 8 | E93: 기계가 정상 작동하는 균열 연구 현장 확인하기 | F93: 초기에는 고장 나던 장비가 정상으로 돌아와 현상 변화의 원인을 알기 어려움 | G93: 연구원들이 카메라·센서·측정 장비를 다시 설치하는 과정과 균열 반응을 관찰함 | H93: 2/10 – 핵심 정보와 감정의 연결을 이해해야 함 | I93: 2 | J93: 균열 주변 장비 정상 작동 및 연구 시작 확인 | K93: - | L93: 30초 | M93: 핵심 문장 강조·대화 다시 보기·선택 시간 제한 없음 | N93: 0.034375 | O93: 3-C | 임시 대피소·선의 발견 | P93: 4 | Q93: 363 | S93: 30초 | T93: 30초 | U93: 25초
A94: 3 | 선택된 선의 | B94: 92 | C94: 1 | D94: 10 | E94: 유명 청년의 선의 수치 836 측정하기 | F94: 높은 수치가 곧 변하지 않는 인격 보증처럼 받아들여짐 | G94: 측정 결과와 고등급자 특혜 발표를 함께 확인함 | H94: 2/10 – 감정 정보와 인물 관계를 이해해야 함 | I94: 2 | J94: 선의 수치 836·고등급자 편입 확인 | K94: - | L94: 55초 | M94: 일시정지·다시 보기·핵심 기억 요약 제공 | N94: 0.035011574 | O94: 3-C | 임시 대피소·선의 발견 | P94: 5 | Q94: 368 | S94: 55초 | T94: 50초 | U94: 40초
A95: 3 | 선택된 선의 | B95: 93 | C95: 1 | D95: 8 | E95: 새로운 수치를 ‘선의 수치’라고 부르는 과정 확인하기 | F95: 공식 명칭이 정해지기 전 언론·연구자·시민이 서로 다른 이름을 사용함 | G95: 청년의 구조 동기와 수치의 전투 효과를 연결한 보도를 통해 ‘선의 수치’ 명칭이 확산되는 과정을 확인함 | H95: 2/10 – 핵심 정보와 감정의 연결을 이해해야 함 | I95: 2 | J95: 선의 수치 명칭의 공식 채택 확인 | K95: - | L95: 30초 | M95: 핵심 문장 강조·대화 다시 보기·선택 시간 제한 없음 | N95: 0.035358796 | O95: 3-C | 임시 대피소·선의 발견 | P95: 4 | Q95: 372 | S95: 30초 | T95: 30초 | U95: 25초
A96: 3 | 선택된 선의 | B96: 94 | C96: 1 | D96: 8 | E96: 전국민 선의 수치 의무 측정 발표 듣기 | F96: 괴물 대응 인력을 찾는다는 명분과 개인의 내면을 국가가 수치화한다는 불안이 동시에 존재함 | G96: 측정 대상·요일제·고등급 기준·미측정 시 조치를 확인함 | H96: 2/10 – 핵심 정보와 감정의 연결을 이해해야 함 | I96: 2 | J96: 전국민 측정 의무와 700 이상 고등급 기준 확인 | K96: - | L96: 30초 | M96: 핵심 문장 강조·대화 다시 보기·선택 시간 제한 없음 | N96: 0.035706019 | O96: 3-C | 임시 대피소·선의 발견 | P96: 4 | Q96: 376 | S96: 30초 | T96: 30초 | U96: 25초
A97: 3 | 선택된 선의 | B97: 95 | C97: 1 | D97: 8 | E97: 출생연도 끝자리 6의 월요일 측정 일정 확인하기 | F97: 재난 안내와 가족 요청이 겹쳐 차한해 자신의 측정 일정을 놓치기 쉬움 | G97: 1996년생 차한해가 월요일 대상임을 확인하고 접수 마감 시간을 기록함 | H97: 2/10 – 핵심 정보와 감정의 연결을 이해해야 함 | I97: 2 | J97: 차한해 측정 요일·마감 시간 확인 | K97: - | L97: 30초 | M97: 핵심 문장 강조·대화 다시 보기·선택 시간 제한 없음 | N97: 0.036053241 | O97: 3-C | 임시 대피소·선의 발견 | P97: 4 | Q97: 380 | S97: 30초 | T97: 30초 | U97: 25초
A98: 3 | 선택된 선의 | B98: 96 | C98: 1 | D98: 8 | E98: 구호 음식이 질렸다는 가족의 부탁 받기 | F98: 가족들은 차한해의 측정 일정에도 불구하고 맛있는 음식을 구해 오라고 요구함 | G98: 측정소와 음식점의 위치·마감 시간을 비교하지만 결국 가족 부탁을 먼저 처리함 | H98: 2/10 – 핵심 정보와 감정의 연결을 이해해야 함 | I98: 2 | J98: 가족이 원하는 음식 목록 확인 | K98: - | L98: 30초 | M98: 핵심 문장 강조·대화 다시 보기·선택 시간 제한 없음 | N98: 0.036400463 | O98: 3-D | 대피소 가족 심부름 | P98: 4 | Q98: 384 | S98: 30초 | T98: 30초 | U98: 25초
A99: 3 | 선택된 선의 | B99: 97 | C99: 3 | D99: 8 | E99: 쫓쫓해삼과 싸우는 고등급자 곁을 지나 따뜻한 음식 구해오기 | F99: 쫓쫓해삼과 고등급자의 교전 구역에서 고등급자 교전 구역과 시민 이동 동선이 겹침 | G99: 회피·고등급자 교전 구간 통과을 적용해 고등급자 전투에 직접 개입하지 않고 원래 심부름 목표를 수행함 | H99: 3/10 – 시야 범위·우회 경로 수·발각 후 추격 시간이 난이도를 결정함 | I99: 1 | J99: 교전 범위를 통과하고 기존 심부름·이동 목표 완료 | K99: 몬스터의 공격 범위에 오래 머물러 피격하면 직전 대피 지점에서 재시작 | L99: 1분 20초 | M99: NPC 제압 속도·몬스터 시선 유지 시간·우회 경로 수 조절 | N99: 0.037326389 | O99: 3-D | 대피소 가족 심부름 | P99: 5 | Q99: 389 | R99: 연속 할퀴기→추격 돌진→목표 전환→회피·고등급자 교전 구간 통과 | S99: 1분 20초 | T99: 1분 5초 | U99: 55초
A100: 3 | 선택된 선의 | B100: 98 | C100: 3 | D100: 8 | E100: 길막말미잘이 점거한 보급로에서 노인의 약주머니 찾아주기 | F100: 고등급자 교전 구역을 우회하며 비슷한 약 봉투를 구분해야 함 | G100: 처방전의 이름·복용 시간·주머니 자수를 대조해 약을 회수함 | H100: 3/10 – 시야 범위·우회 경로 수·발각 후 추격 시간이 난이도를 결정함 | I100: 4 | J100: 약주머니 단서 3개 일치·노인에게 전달 | K100: 몬스터의 공격 범위에 오래 머물러 피격하면 직전 대피 지점에서 재시작 | L100: 35초 | M100: NPC 제압 속도·몬스터 시선 유지 시간·우회 경로 수 조절 | N100: 0.037731481 | O100: 3-D | 대피소 보급로·약주머니 서브 | P100: 3 | Q100: 392 | R100: 통로 밀치기→앞길 막기→짧은 충격파→우회·보급 동선 확보 | S100: 35초 | T100: 30초 | U100: 30초 | W100: [도시] +5% 선택 (기본 10% · 최대 20%) | Y100: 도시 인연 선택 콘텐츠 +5%
...

Sheet PC DATA(대차대조표)
A1: 이름 | B1: 콘텐츠 진행 순서 | C1: 콘텐츠명 | D1: 이름 | E1: 이미지 | F1: 전투 상태 | G1: 기본 공격력 | H1: 공격력 변화(최초·일회성) | I1: 기본 방어력 | J1: 방어력 변화(획득·손상·파손) | K1: 스킬(최초 해금) | L1: 변경 근거·현재 상태
B2: ※ 밸런스 문서의 콘텐츠 진행 순서 1~306에서 현재 기본 공격력·기본 방어력과 전투 상태를 확인할 수 있음. 장비와 지속 해금 PC 스킬은 처음 획득·교체·손상·해금되는 시점에만 기록함. 아이템 고유 행동·UI 기능·엔딩 전용 강제 이벤트 스킬([눈물] 등)은 아이템·스킬 DATA·밸런스 문서의 동일 콘텐츠 번호로 검증함. 일반인 상태는 공격력 10·방어력 10이며, 첫 힘 발현은 해당 콘텐츠에만 적용되는 +990 일회성 보정임.
A3: 차한해 | B3: 1 | C3: 차한해의 과거 오프닝 감상 | D3: 차한해 | F3: 전투 시스템 미개방 | G3: 10 | I3: 10 | K3: 싫어요. | L3: 기본 공격력 10 / 기본 방어력 10
A4: 차한해 | B4: 2 | C4: 아버지 회사 서류를 챙겨 식탁에 올려두기 | D4: 차한해 | F4: 전투 시스템 미개방 | G4: 10 | I4: 10 | L4: 일반인 신체 능력 유지
A5: 차한해 | B5: 3 | C5: 빨래를 분류해 세탁기에 넣고 작동하기 | D5: 차한해 | F5: 전투 시스템 미개방 | G5: 10 | I5: 10
A6: 차한해 | B6: 4 | C6: 어머니의 비싼 블라우스를 손세탁하기 | D6: 차한해 | F6: 전투 시스템 미개방 | G6: 10 | I6: 10
A7: 차한해 | B7: 5 | C7: 건조기 완료음을 듣고 빨래를 꺼내 거실에서 개기 | D7: 차한해 | F7: 전투 시스템 미개방 | G7: 10 | I7: 10
A8: 차한해 | B8: 6 | C8: 동생에게 신상 과자·헤어롤·팝콘 심부름 받기 | D8: 차한해 | F8: 전투 시스템 미개방 | G8: 10 | I8: 10
A9: 차한해 | B9: 7 | C9: 엘리베이터에서 주민 모두에게 인사하며 밖으로 나가기 | D9: 차한해 | F9: 전투 시스템 미개방 | G9: 10 | I9: 10
A10: 차한해 | B10: 8 | C10: 편의점에서 신상 과자가 아직 입고되지 않았음을 확인하기 | D10: 차한해 | F10: 전투 시스템 미개방 | G10: 10 | I10: 10
A11: 차한해 | B11: 9 | C11: 알바생의 무거운 음료 박스 진열 부탁을 수락할지 선택하기 | D11: 차한해 | F11: 전투 시스템 미개방 | G11: 10 | I11: 10
A12: 차한해 | B12: 10 | C12: 음료 박스를 가격표에 맞춰 진열하기 | D12: 차한해 | F12: 전투 시스템 미개방 | G12: 10 | I12: 10
A13: 차한해 | B13: 11 | C13: 골목에서 들리는 예쁜 고양이 울음소리 확인하기 | D13: 차한해 | F13: 전투 시스템 미개방 | G13: 10 | I13: 10
A14: 차한해 | B14: 12 | C14: 편의점에서 츄르 4개입 세트 구매하기 | D14: 차한해 | F14: 전투 시스템 미개방 | G14: 10 | I14: 10
A15: 차한해 | B15: 13 | C15: 예쁜 고양이에게 첫 번째 츄르 건네기 | D15: 차한해 | F15: 전투 시스템 미개방 | G15: 10 | I15: 10
A16: 차한해 | B16: 14 | C16: 다이소로 이동하기 | D16: 차한해 | F16: 전투 시스템 미개방 | G16: 10 | I16: 10
... A80: 차한해 | B80: 78 | C80: 문틈젤리와 정면으로 마주치기 | D80: 차한해 | F80: 전투 시스템 미개방 | G80: 10 | I80: 10
A81: 차한해 | B81: 79 | C81: 두 눈을 감고 양손으로 괴물을 막기 | D81: 차한해 | F81: 무의식적 일회성 발현 | G81: 10 | H81: [펑!] 연계 : 무의식적 선의 폭발 +990 순간 출력 1000 | I81: 10 | K81: 펑! | L81: 기본 공격력 10 / 무의식적 선의 폭발 +990 · 순간 출력 1000 / 기본 방어력 10
A82: 차한해 | B82: 80 | C82: 먼지처럼 사라진 괴물의 흔적 확인하기 | D82: 차한해 | F82: 미개방·힘 재현 불가 | G82: 10 | H82: [펑!] 연계 종료 : +990 → 0 | I82: 10 | L82: 무의식적 선의 폭발 종료 : +990 → 0
A83: 차한해 | B83: 81 | C83: 어린아이를 공주님 안기로 구출하기 | D83: 차한해 | F83: 미개방·힘 재현 불가 | G83: 10 | I83: 10 | L83: 첫 힘의 존재와 발동 방법을 인식하지 못함
A84: 차한해 | B84: 82 | C84: 아이의 ‘괴물 펑’ 목격담 듣기 | D84: 차한해 | F84: 미개방·힘 재현 불가 | G84: 10 | I84: 10
A85: 차한해 | B85: 83 | C85: 질질핵를 우회해 안전 구역으로 이동하기 | D85: 차한해 | F85: 미개방·힘 재현 불가 | G85: 10 | I85: 10
A86: 차한해 | B86: 84 | C86: 울음주머니의 울음 파동을 피해 새벽 괴물 습격 구간 벗어나기 | D86: 차한해 | F86: 미개방·힘 재현 불가 | G86: 10 | I86: 10
A87: 차한해 | B87: 85 | C87: 길치섬모의 배회 경로를 피해 한도윤과 합류하기 | D87: 차한해 | F87: 미개방·힘 재현 불가 | G87: 10 | I87: 10
A88: 차한해 | B88: 86 | C88: 임시 대피소 도착하기 | D88: 차한해 | F88: 미개방·힘 재현 불가 | G88: 10 | I88: 10
A89: 차한해 | B89: 87 | C89: 맨몸으로 할머니를 구해 유명해진 청년의 뉴스 확인하기 | D89: 차한해 | F89: 미개방·힘 재현 불가 | G89: 10 | I89: 10
A90: 차한해 | B90: 88 | C90: 선행으로 유명해진 청년의 인터뷰와 밈 확인하기 | D90: 차한해 | F90: 미개방·힘 재현 불가 | G90: 10 | I90: 10
A91: 차한해 | B91: 89 | C91: 악질 채널 ‘클릭헌터’의 균열 접근 생방송 시청하기 | D91: 차한해 | F91: 미개방·힘 재현 불가 | G91: 10 | I91: 10
A92: 차한해 | B92: 90 | C92: 클릭헌터에게 나타난 선의 수치 96 확인하기 | D92: 차한해 | F92: 미개방·힘 재현 불가 | G92: 10 | I92: 10
A93: 차한해 | B93: 91 | C93: 기계가 정상 작동하는 균열 연구 현장 확인하기 | D93: 차한해 | F93: 미개방·힘 재현 불가 | G93: 10 | I93: 10
A94: 차한해 | B94: 92 | C94: 유명 청년의 선의 수치 836 측정하기 | D94: 차한해 | F94: 미개방·힘 재현 불가 | G94: 10 | I94: 10
A95: 차한해 | B95: 93 | C95: 새로운 수치를 ‘선의 수치’라고 부르는 과정 확인하기 | D95: 차한해 | F95: 미개방·힘 재현 불가 | G95: 10 | I95: 10
... A119: 차한해 | B119: 117 | C119: 선의 수치 836 청년의 초기 구조 원칙 듣기 | D119: 차한해 | F119: 미개방·힘 재현 불가 | G119: 10 | I119: 10
A120: 차한해 | B120: 118 | C120: 관리국 표준 대응 장비 8종·응급품 2종을 수령하고 상태 UI 확인하기 | D120: 차한해 | F120: 전투 가능·비전투 콘텐츠 | G120: 80 | H120: 관리국 지급 권총 +20 관리국 대응 장갑 +3 비살상 충격탄 사용 시 +6 | I120: 100 | J120: 기본 보호 조끼 +30 관리국 방진 고글 +4 관리국 대응 장갑 +5 관리국 전술화 +6 관리국 방진 마스크 +3 | K120: 탕! 앗, 피해! 잠깐만! | L120: 관리국 표준 대응 세트 8종·응급 주사·비살상 충격탄 획득
A121: 차한해 | B121: 119 | C121: 관리국 지급 권총·비살상 충격탄·관리국 전술화를 이용해 사격과 회피 연습하기 | D121: 차한해 | F121: 전투 가능 | G121: 100 | I121: 100 | L121: 기본 공격력 100 / 스킬 : 조준 사격 · 긴급 회피
A122: 차한해 | B122: 120 | C122: 출동 차량을 향해 환호하는 시민들 지나가기 | D122: 차한해 | F122: 전투 가능·비전투 콘텐츠 | G122: 100 | I122: 100 | L122: 전투 수치 변화 없이 탐색·대화·이동 진행
A123: 차한해 | B123: 121 | C123: 도심 잔해 구역으로 이동하며 관리국 보급 상자에서 소형 방진 필터 챙기기 | D123: 차한해 | F123: 전투 가능·비전투 콘텐츠 | G123: 100 | I123: 100 | L123: 소형 방진 필터 1개 획득
A124: 차한해 | B124: 122 | C124: 고립 시민 찾기 | D124: 차한해 | F124: 전투 가능·비전투 콘텐츠 | G124: 100 | I124: 100
A125: 차한해 | B125: 123 | C125: 관리국 대응 장갑을 착용하고 잔해 제거하기 | D125: 차한해 | F125: 전투 가능·비전투 콘텐츠 | G125: 100 | I125: 100
A126: 차한해 | B126: 124 | C126: 시민 대피 유도하기 | D126: 차한해 | F126: 전투 가능·비전투 콘텐츠 | G126: 100 | I126: 100
A127: 차한해 | B127: 125 | C127: 관리국 무전 이어피스로 똑똑소라의 공격 예고 신호 파악하기 | D127: 차한해 | F127: 전투 가능 | G127: 100 | I127: 100 | K127: 먼저 들었어 | L127: 스킬 : 공격 예고 판독
A128: 차한해 | B128: 126 | C128: 문틈새우의 후방 기습을 피하고 반격 타이밍 맞추기 | D128: 차한해 | F128: 전투 가능 | G128: 120 | I128: 100 | K128: 피했으면 내 차례 | L128: 기본 공격력 120 / 스킬 : 회피 반격
A129: 차한해 | B129: 127 | C129: 관리국 지급 권총의 낮은 피해 확인하기 | D129: 차한해 | F129: 전투 가능 | G129: 120 | I129: 100 | L129: 현재 전투 숙련·장비 상태 적용
A130: 차한해 | B130: 128 | C130: 관리국 방진 고글로 공명 흔적을 추적하고 소형 방진 필터 교체하기 | D130: 차한해 | F130: 전투 가능·비전투 콘텐츠 | G130: 120 | I130: 100 | J130: 관리국 방진 마스크 내구도 +30 | L130: 소형 방진 필터 1개 사용·관리국 방진 마스크 내구도 30 회복
A131: 차한해 | B131: 129 | C131: 차한해에게만 보랏빛 아우라가 보이는 표지판 철봉 회수하기 | D131: 차한해 | F131: 전투 가능·비전투 콘텐츠 | G131: 120 | H131: 보랏빛 철봉 +80 | I131: 100 | L131: 보랏빛 철봉 +80
A132: 차한해 | B132: 130 | C132: 보랏빛 철봉으로 밖으로 나가재 제압하기 | D132: 차한해 | F132: 전투 가능 | G132: 160 | I132: 100 | K132: 보라색, 여기! | L132: 기본 공격력 160 / 스킬 : 공명 약점 타격
A133: 차한해 | B133: 131 | C133: 관리국 상태 측정기로 기본 보호 조끼의 손상 확인하기 | D133: 차한해 | F133: 전투 가능·비전투 콘텐츠 | G133: 160 | I133: 110 | J133: 기본 보호 조끼 손상: +30 → +15 | L133: 기본 방어력 110 / 기본 보호 조끼 손상 : +30 → +15 / 스킬 : 장비 내구도 확인
A134: 차한해 | B134: 132 | C134: 공명 무기가 보랏빛 재로 소멸하는 현상 확인하기 | D134: 차한해 | F134: 전투 가능·비전투 콘텐츠 | G134: 160 | I134: 110 | L134: 전투 수치 변화 없이 탐색·대화·이동 진행
A135: 차한해 | B135: 133 | C135: 구조 임무 완료 보고하기 | D135: 차한해 | F135: 전투 가능·비전투 콘텐츠 | G135: 160 | I135: 110 | L135: 전투 수치 변화 없이 탐색·대화·이동 진행
A136: 차한해 | B136: 134 | C136: 구조한 경찰에게 깨진 경찰 방패와 휴대용 섬광 신호기 받기 | D136: 차한해 | F136: 전투 가능·비전투 콘텐츠 | G136: 160 | I136: 110 | J136: 깨진 경찰 방패 +20 | K136: 앞은 내가 막아 저기 봐! | L136: 깨진 경찰 방패·휴대용 섬광 신호기 획득
A137: 차한해 | B137: 135 | C137: 편의점 알바생 가족의 대피소 위치를 확인해 전달하기 | D137: 차한해 | F137: 전투 가능·비전투 콘텐츠 | G137: 160 | I137: 110 | L137: 전투 수치 변화 없이 탐색·대화·이동 진행
A138: 차한해 | B138: 136 | C138: 카메라가 없는 골목의 구조 요청을 확인하고 시민 구출하기 | D138: 차한해 | F138: 전투 가능·비전투 콘텐츠 | G138: 160 | I138: 110
A139: 차한해 | B139: 137 | C139: 숙소 귀환길에 예쁜 고양이와 다시 만나기 | D139: 차한해 | F139: 전투 가능·비전투 콘텐츠 | G139: 160 | I139: 110
A140: 차한해 | B140: 138 | C140: 예쁜 고양이에게 네 번째 츄르 건네기 | D140: 차한해 | F140: 전투 가능·비전투 콘텐츠 | G140: 160 | I140: 110
A141: 차한해 | B141: 139 | C141: 지하 주차장 구조 요청 받기 | D141: 차한해 | F141: 전투 가능·비전투 콘텐츠 | G141: 160 | I141: 110
A142: 차한해 | B142: 140 | C142: 차한해에게만 보이는 보랏빛 공명으로 차단기 막대 회수하기 | D142: 차한해 | F142: 전투 가능·비전투 콘텐츠 | G142: 160 | H142: 차단기 막대 +90 | I142: 110 | L142: 차단기 막대 +90·현장 회수 및 무기 등록 완료
A143: 차한해 | B143: 141 | C143: 휴대용 섬광 신호기와 차단기 막대로 내자리산호 유인하기 | D143: 차한해 | F143: 전투 가능 | G143: 160 | I143: 110 | K143: 이쪽이야! | L143: 스킬 : 환경 유인
A144: 차한해 | B144: 142 | C144: 차단기 막대로 비상구대게 제압하기 | D144: 차한해 | F144: 전투 가능 | G144: 180 | I144: 110 | L144: 기본 공격력 180
A145: 차한해 | B145: 143 | C145: 괴물 발생 지역에서 실종자의 소지품을 찾아 가족에게 전달하기 | D145: 차한해 | F145: 전투 가능 | G145: 180 | I145: 110 | L145: 현재 전투 숙련·장비 상태 적용
A146: 차한해 | B146: 144 | C146: 봉쇄된 임시 대피소의 구조 요청을 확인하고 응급 압박 붕대 챙기기 | D146: 차한해 | F146: 전투 가능·비전투 콘텐츠 | G146: 180 | I146: 110 | L146: 전투 수치 변화 없이 탐색·대화·이동 진행
A147: 차한해 | B147: 145 | C147: 대피소 시민과 나무판 보호대 만들기 | D147: 차한해 | F147: 전투 가능·비전투 콘텐츠 | G147: 180 | I147: 110 | J147: 나무판 보호대 +10 | L147: 나무판 보호대 +10 / 스킬 : 임시 장비 제작
A148: 차한해 | B148: 146 | C148: 나만 살아서 다행이 연속으로 닫는 방화문 다시 열기 | D148: 차한해 | F148: 전투 가능 | G148: 180 | I148: 110 | L148: 현재 전투 숙련·장비 상태 적용
A149: 차한해 | B149: 147 | C149: 문밖에서 지워지는 시민의 존재를 확인하고 전원 구조하기 | D149: 차한해 | F149: 전투 가능 | G149: 180 | I149: 110 | L149: 현재 전투 숙련·장비 상태 적용
A150: 차한해 | B150: 148 | C150: 모든 문을 열린 채 고정하고 잠금 핵 무력화하기 | D150: 차한해 | F150: 전투 가능 | G150: 220 | I150: 120 | J150: 나무판 보호대 파손: 사용 불가 | K150: 핵부터! | L150: 기본 공격력 220 / 기본 방어력 120 / 나무판 보호대 파손: 사용 불가 / 스킬 : 보스 핵 집중 공격
A151: 차한해 | B151: 149 | C151: 관리인의 마지막 출입 기록 확인하기 | D151: 차한해 | F151: 전투 가능·비전투 콘텐츠 | G151: 220 | I151: 120 | L151: 전투 수치 변화 없이 탐색·대화·이동 진행
A152: 차한해 | B152: 150 | C152: 구조 지연 항의 현장 통과하기 | D152: 차한해 | F152: 전투 가능·비전투 콘텐츠 | G152: 220 | I152: 120 | L152: 전투 수치 변화 없이 탐색·대화·이동 진행
A153: 차한해 | B153: 151 | C153: 강재한에게 늦은 출동을 질타받기 | D153: 차한해 | F153: 전투 가능·비전투 콘텐츠 | G153: 220 | I153: 120 | L153: 전투 수치 변화 없이 탐색·대화·이동 진행
A154: 차한해 | B154: 152 | C154: 부상당한 시민의 원망을 끝까지 들을지 선택하기 | D154: 차한해 | F154: 전투 가능·비전투 콘텐츠 | G154: 220 | I154: 120 | L154: 전투 수치 변화 없이 탐색·대화·이동 진행
A155: 차한해 | B155: 153 | C155: 나대진에게 충격 보호대·공명 보호 장갑·고등급자 공명 증폭기 수령하기 | D155: 차한해 | F155: 전투 가능·비전투 콘텐츠 | G155: 220 | H155: 고등급자 공명 증폭기 +15 | I155: 120 | J155: 충격 보호대 +20 관리국 대응 장갑 해제 : +5 → 0 공명 보호 장갑 +15 | K155: 증폭기, 켠다! | L155: [나대진] 75% 이상에서 충격 보호대·공명 보호 장갑·고등급자 공명 증폭기 획득
A156: 차한해 | B156: 154 | C156: 시민들의 연속 부탁 처리하기 | D156: 차한해 | F156: 전투 가능·비전투 콘텐츠 | G156: 220 | I156: 120 | L156: 전투 수치 변화 없이 탐색·대화·이동 진행
A157: 차한해 | B157: 155 | C157: 836 청년을 포함한 고등급자들의 선의 수치 하락 보고 확인하기 | D157: 차한해 | F157: 전투 가능·비전투 콘텐츠 | G157: 220 | I157: 120
A158: 차한해 | B158: 156 | C158: 836 청년이 특혜 상실을 두려워하는 비공개 대화 확인하기 | D158: 차한해 | F158: 전투 가능·비전투 콘텐츠 | G158: 220 | I158: 120
A159: 차한해 | B159: 157 | C159: 836 청년이 퍼뜨린 ‘괴물 처치가 선의를 깎는다’는 헛소문 확인하기 | D159: 차한해 | F159: 전투 가능 | G159: 220 | I159: 120 | L159: 현재 전투 숙련·장비 상태 적용
A160: 차한해 | B160: 158 | C160: 836 청년이 무한대인 차한해에게 모든 출동을 맡기라고 요구하는 장면 확인하기 | D160: 차한해 | F160: 전투 가능·비전투 콘텐츠 | G160: 220 | I160: 120 | L160: 전투 수치 변화 없이 탐색·대화·이동 진행
A161: 차한해 | B161: 159 | C161: 보랏빛 아우라가 흐르는 전광판 쇠막대 회수하기 | D161: 차한해 | F161: 전투 가능·비전투 콘텐츠 | G161: 220 | H161: 전광판 쇠막대 +100 | I161: 120 | L161: 전광판 쇠막대 +100
A162: 차한해 | B162: 160 | C162: 공명 증폭기와 전광판 쇠막대로 승강장의 찰싹진드기 제압하기 | D162: 차한해 | F162: 전투 가능 | G162: 250 | I162: 120 | K162: 한 줄로 서! | L162: 고등급자 공명 증폭기와 전광판 쇠막대 동시 사용
A163: 차한해 | B163: 161 | C163: 합체는 했는데 제압 후 작은 대피 구역의 수동 발전기 복구하기 | D163: 차한해 | F163: 전투 가능·비전투 콘텐츠 | G163: 250 | I163: 120 | L163: 전투 수치 변화 없이 탐색·대화·이동 진행
A164: 차한해 | B164: 162 | C164: 대피소의 아이에게 사탕 건네기 | D164: 차한해 | F164: 전투 가능·비전투 콘텐츠 | G164: 250 | I164: 120 | L164: 전투 수치 변화 없이 탐색·대화·이동 진행
A165: 차한해 | B165: 163 | C165: 합치면 강해진댔잖아의 단일 외피 공략하기 | D165: 차한해 | F165: 전투 가능 | G165: 250 | I165: 120 | K165: 둘 중 하나! | L165: 스킬 : 상반 전조 판별
A166: 차한해 | B166: 164 | C166: 몸통 대여중의 몸통 방패 공격을 시민 대신 막기 | D166: 차한해 | F166: 전투 가능 | G166: 250 | I166: 120 | L166: 현재 전투 숙련·장비 상태 적용
A167: 차한해 | B167: 165 | C167: 한입 단체석가 흡수한 부하의 돌격을 끝까지 피하기 | D167: 차한해 | F167: 전투 가능 | G167: 250 | I167: 120 | L167: 현재 전투 숙련·장비 상태 적용
A168: 차한해 | B168: 166 | C168: 군인의 트라우마 폭주에서 시민 대피시키기 | D168: 차한해 | F168: 전투 가능 | G168: 250 | I168: 120 | J168: 깨진 경찰 방패 파손: 사용 불가 | L168: 깨진 경찰 방패 파손 : 사용 불가
A169: 차한해 | B169: 167 | C169: 엄마의 화염 폭주 경로 차단하기 | D169: 차한해 | F169: 전투 가능 | G169: 250 | I169: 120 | L169: 현재 전투 숙련·장비 상태 적용
A170: 차한해 | B170: 168 | C170: 관리국 응급 주사를 사용하고 폭력의 순환 핵 파괴하기 | D170: 차한해 | F170: 전투 가능 | G170: 300 | I170: 135 | K170: 하나, 둘—지금! | L170: 관리국 응급 주사 1개 사용·합치면 강해진댔잖아 보스전 완료
A171: 차한해 | B171: 169 | C171: 구조된 군인에게 군용 방탄판 받기 | D171: 차한해 | F171: 전투 가능·비전투 콘텐츠 | G171: 300 | I171: 135 | J171: 군용 방탄판 +35 | K171: 버텨! | L171: 군용 방탄판 +35 / 스킬 : 강한 공격 방어
A172: 차한해 | B172: 170 | C172: 청와대 괴물 습격 속보 확인하기 | D172: 차한해 | F172: 전투 가능 | G172: 300 | I172: 135 | L172: 현재 전투 숙련·장비 상태 적용
A173: 차한해 | B173: 171 | C173: 이용익의 임시 대통령 취임 담화 듣기 | D173: 차한해 | F173: 전투 가능·비전투 콘텐츠 | G173: 300 | I173: 135 | L173: 전투 수치 변화 없이 탐색·대화·이동 진행
A174: 차한해 | B174: 172 | C174: 국가 우선 출동 명령 체계 확인하기 | D174: 차한해 | F174: 전투 가능·비전투 콘텐츠 | G174: 300 | I174: 135
A175: 차한해 | B175: 173 | C175: 고등급자와 폭력시위단체의 공동 기자회견 확인하기 | D175: 차한해 | F175: 전투 가능·비전투 콘텐츠 | G175: 300 | I175: 135
A176: 차한해 | B176: 174 | C176: 자아마모도 16% 누적 변화 확인하기 | D176: 차한해 | F176: 전투 가능·비전투 콘텐츠 | G176: 300 | I176: 135
A177: 차한해 | B177: 175 | C177: 다음 출동을 준비하던 중 기립박수벌레의 강화 차단하기 | D177: 차한해 | F177: 전투 가능·비전투 콘텐츠 | G177: 300 | I177: 135
A178: 차한해 | B178: 176 | C178: 박수 없인 못 살아가 긴급 구조 알림을 껐던 기억 확인하기 | D178: 차한해 | F178: 전투 가능·비전투 콘텐츠 | G178: 300 | I178: 135
A179: 차한해 | B179: 177 | C179: 박수 없인 못 살아가 참사 뉴스를 보며 책임을 합리화한 장면 확인하기 | D179: 차한해 | F179: 전투 가능·비전투 콘텐츠 | G179: 300 | I179: 135
A180: 차한해 | B180: 178 | C180: 그림자 팬클럽의 추격을 피해 촬영 무대 진입하기 | D180: 차한해 | F180: 보스 전투 | G180: 300 | I180: 135 | L180: 보스 기믹 진행
A181: 차한해 | B181: 179 | C181: 추앙풍뎅이의 보호막 부여를 차단하고 중계 카메라 끄기 | D181: 차한해 | F181: 보스 전투 | G181: 300 | I181: 135 | K181: 안 찍히면 돼 | L181: 스킬 : 카메라 사각지대 이동
A182: 차한해 | B182: 180 | C182: 박수 저금통의 집단 강화를 끊으며 실제 시민 구분하기 | D182: 차한해 | F182: 보스 전투 | G182: 300 | I182: 135 | L182: 보스 기믹 진행
A183: 차한해 | B183: 181 | C183: 아무도 보지 않는 곳에서 시민을 구하고 박수 없인 못 살아 제압하기 | D183: 차한해 | F183: 보스 전투 | G183: 340 | I183: 150 | J183: 군용 방탄판 균열: +35 → +15 | K183: 아무도 안 봐도 | L183: 기본 공격력 340 / 기본 방어력 150 / 군용 방탄판 균열: +35 → +15 / 스킬 : 비공개 구조
A184: 차한해 | B184: 182 | C184: 구조 영상의 빈 장면 때문에 차한해를 의심하는 보도 확인하기 | D184: 차한해 | F184: 보스 전투 | G184: 340 | I184: 150 | L184: 보스 기믹 진행
A185: 차한해 | B185: 183 | C185: 한도윤과 비공개 안부 통화하기 | D185: 차한해 | F185: 전투 가능·비전투 콘텐츠 | G185: 340 | I185: 150 | L185: 전투 수치 변화 없이 탐색·대화·이동 진행
A186: 차한해 | B186: 184 | C186: 한도윤의 회사 긴급 구조 요청 받기 | D186: 차한해 | F186: 전투 가능·비전투 콘텐츠 | G186: 340 | I186: 150
...

Sheet PC DATA
A1: 플레이어 고유명(CLASS) | B1: 콘텐츠 진행 순서 | C1: 기본 공격력 | D1: 공격력 합산 요소(최초·일회성 변화) | E1: 기본 방어력 | F1: 방어력 합산 요소(획득·손상·파손) | G1: 스킬(최초 해금)
A2: ※ 일반인 상태의 기본 공격력·기본 방어력은 각각 10으로 시작함. 79번 콘텐츠에서 [펑!]으로 무의식적 선의 폭발 +990이 한 번만 적용되어 순간 출력 1000이 되지만 다음 콘텐츠에서 보정이 0으로 돌아감. 정식 전투 능력과 관리국 표준 대응 장비는 118번부터 개방됨. 스킬 열에는 지속 해금되는 PC 조작·판단 스킬만 기록하고, 아이템 고유 행동·UI 기능·엔딩 전용 강제 이벤트 스킬([눈물] 등)은 아이템 시트·스킬 DATA·밸런스 문서에서 관리함.
A3: 차한해 | B3: 1 | C3: 10 | E3: 10 | G3: 싫어요.
B4: 79 | C4: 10 | D4: [펑!] 연계 : 무의식적 선의 폭발 +990 순간 출력 1000 | E4: 10 | G4: 펑!
B5: 80 | D5: [펑!] 연계 종료 : +990 → 0
B6: 118 | C6: 80 | D6: 관리국 지급 권총 +20 관리국 대응 장갑 +3 비살상 충격탄 사용 시 +6 | E6: 100 | F6: 기본 보호 조끼 +30 관리국 방진 고글 +4 관리국 대응 장갑 +5 관리국 전술화 +6 관리국 방진 마스크 +3 | G6: 탕! 앗, 피해! 잠깐만!
B7: 119 | C7: 100
B8: 125 | G8: 먼저 들었어
B9: 126 | C9: 120 | G9: 피했으면 내 차례
B10: 129 | D10: 보랏빛 철봉 +80
B11: 130 | C11: 160 | G11: 보라색, 여기!
B12: 131 | E12: 110 | F12: 기본 보호 조끼 손상: +30 → +15
B13: 134 | F13: 깨진 경찰 방패 +20 | G13: 앞은 내가 막아 저기 봐!
B14: 140 | D14: 차단기 막대 +90
B15: 141 | G15: 이쪽이야!
B16: 142 | C16: 180
B17: 145 | F17: 나무판 보호대 +10
B18: 148 | C18: 220 | E18: 120 | F18: 나무판 보호대 파손: 사용 불가 | G18: 핵부터!
B19: 153 | D19: 고등급자 공명 증폭기 +15 | F19: 충격 보호대 +20 관리국 대응 장갑 해제 : +5 → 0 공명 보호 장갑 +15 | G19: 증폭기, 켠다!
B20: 159 | D20: 전광판 쇠막대 +100
B21: 160 | C21: 250 | G21: 한 줄로 서!
B22: 163 | G22: 둘 중 하나!
B23: 166 | F23: 깨진 경찰 방패 파손: 사용 불가
B24: 168 | C24: 300 | E24: 135 | G24: 하나, 둘—지금!
B25: 169 | F25: 군용 방탄판 +35 | G25: 버텨!
B26: 179 | G26: 안 찍히면 돼
B27: 181 | C27: 340 | E27: 150 | F27: 군용 방탄판 균열: +35 → +15 | G27: 아무도 안 봐도
B28: 185 | D28: 소방용 진압 도끼 +75 구조용 로프 발사기 +12 | F28: 구조대 안전모 +8 | G28: 도와줘! 길 하나 만들게!
B29: 187 | F29: 소방 방열복 +22 화염 보호복 +20
B30: 188 | C30: 380 | D30: 소방용 진압 도끼·구조용 로프 발사기 반납 : +87 → 0 | E30: 165 | F30: 구조대 안전모·소방 방열복 반납 : +30 → 0 기본 보호 조끼 완전 파손 : 사용 불가 화염 보호복 손상 : +20 → +10
B31: 192 | F31: 관리국 방진 고글 해제 : +4 → 0 관리국 방진 마스크 해제 : +3 → 0 먼지 보호 안경 +10 균열 보호 마스크 +15
B32: 194 | F32: 철판 보호대 +25
B33: 196 | F33: 오염 차단 전신복 +35 심층 균열 탐사 헬멧 +12 관리국 전술화 해제 : +6 → 0 고밀도 충격 흡수 장화 +10 | G33: 괜찮아, 아직.
B34: 215 | G34: 쉿.
B35: 237 | D35: 사랑의 매 +140
B36: 238 | C36: 430 | G36: 껍데기부터
B37: 242 | F37: 매트 보호대 +15
B38: 243 | D38: 보랏빛 농구공 +120
B39: 244 | G39: 한 번 튕겨!
B40: 249 | C40: 470 | G40: 바꿔가며!
B41: 250
B42: 251 | E42: 180 | F42: 철판 보호대 파손 : 사용 불가 매트 보호대 파손 : 사용 불가
B43: 270 | F43: 오염 차단 전신복 해제 : +35 → 0 공명 보호 외투 +30 고밀도 충격 흡수 장화 해제 : +10 → 0 강화 전투화 +20
B44: 283 | C44: 520 | E44: 200
B45: 285 | G45: 등급? 됐거든.
B46: 288 | C46: 560 | E46: 220

Sheet 아이템
A1: 이름 | B1: 타입 | C1: 참고 이미지 | D1: 사용 권한 | 획득 방식 | 획득 조건 | G1: 거래 제한 | H1: 사용 조건 | I1: 공격 수치 | 공격 보정 | K1: 방어 수치 | 방어 보정 | M1: 기타 수치 | N1: 세트 이름 | 효과 | 내용 | Q1: 수치 | R1: 최소 공격력 | S1: 최대 공격력
A2: 관리국 지급 권총 | B2: 무기 | D2: 선의관리국 요원 | E2: 퀘스트 | F2: 118번 | 관리국 표준 대응 장비 8종·응급품 2종을 수령하고 상태 UI 확인하기 | G2: 획득 시 귀속 | H2: 119번 이후 | 균열 대응 원거리 전투에서 사용 | I2: 20 | J2: 원거리 공격 보정 +5 | K2: 0 | N2: 관리국 표준 대응 세트 | O2: 2세트: 장비 교체 시간 -10% 5세트: 균열 오염 저항 +10 8세트: 자아 마모 누적량 -15% | P2: 물리·관통 | Q2: 100 | R2: 18 | S2: 22
A3: 기본 보호 조끼 | B3: 상의 | D3: 선의관리국 요원 | E3: 퀘스트 | F3: 118번 | 관리국 표준 대응 장비 8종·응급품 2종을 수령하고 상태 UI 확인하기 | G3: 획득 시 귀속 | H3: 130번 사용·131번 손상·188번 완전 파손 | I3: 0 | K3: 30 | L3: 충격 저항 +8 | N3: 관리국 표준 대응 세트 | P3: 충격 저항 | Q3: 100 | R3: 0 | S3: 0
A4: 관리국 방진 고글 | B4: 얼굴 | D4: 선의관리국 요원 | E4: 퀘스트 | F4: 118번 | 관리국 표준 대응 장비 8종·응급품 2종을 수령하고 상태 UI 확인하기 | G4: 획득 시 귀속 | H4: 128번 공명 흔적 추적·192번 먼지 보호 안경으로 교체 | I4: 0 | K4: 4 | L4: 분진·시야 방해 저항 +10 | M4: 균열 감지 범위 +2m | N4: 관리국 표준 대응 세트 | P4: 균열 감지 패시브 | Q4: +2m | R4: 0 | S4: 0
A5: 관리국 대응 장갑 | B5: 손 | D5: 선의관리국 요원 | E5: 퀘스트 | F5: 118번 | 관리국 표준 대응 장비 8종·응급품 2종을 수령하고 상태 UI 확인하기 | G5: 획득 시 귀속 | H5: 123번 잔해 제거·153번 공명 보호 장갑으로 교체 | I5: 3 | J5: 근접 공격 보정 +2 | K5: 5 | L5: 접촉 피해 감소 +5% | M5: 상호작용 속도 +5% | N5: 관리국 표준 대응 세트 | P5: 접촉 안정 패시브 | Q5: 피해 -5% | R5: 2 | S5: 4
A6: 관리국 전술화 | B6: 신발 | D6: 선의관리국 요원 | E6: 퀘스트 | F6: 118번 | 관리국 표준 대응 장비 8종·응급품 2종을 수령하고 상태 UI 확인하기 | G6: 획득 시 귀속 | H6: 119·126번 회피 훈련·196번 고밀도 충격 흡수 장화로 교체 | I6: 0 | K6: 6 | L6: 넘어짐 저항 +10% | M6: 회피 이동 거리 +5% | N6: 관리국 표준 대응 세트 | P6: 기동 보정 | Q6: +5% | R6: 0 | S6: 0
A7: 관리국 방진 마스크 | B7: 얼굴 | D7: 선의관리국 요원 | E7: 퀘스트 | F7: 118번 | 관리국 표준 대응 장비 8종·응급품 2종을 수령하고 상태 UI 확인하기 | G7: 획득 시 귀속 | H7: 128번 필터 교체 후 공명 흔적 추적·192번 균열 보호 마스크로 교체 | I7: 0 | K7: 3 | L7: 균열 오염 저항 +8 | M7: 자아 마모 저항 +3% | N7: 관리국 표준 대응 세트 | P7: 오염 저항 | Q7: 108 | R7: 0 | S7: 0
A8: 관리국 무전 이어피스 | B8: 액세서리 | D8: 선의관리국 요원 | E8: 퀘스트 | F8: 118번 | 관리국 표준 대응 장비 8종·응급품 2종을 수령하고 상태 UI 확인하기 | G8: 획득 시 귀속 | H8: 125번 공격 예고 판독에 사용 | I8: 0 | K8: 0 | M8: 공격 예고 판독 시간 +0.3초 | N8: 관리국 표준 대응 세트 | P8: 전술 정보 패시브 | Q8: +0.3초 | R8: 0 | S8: 0
A9: 관리국 상태 측정기 | B9: 액세서리 | D9: 선의관리국 요원 | E9: 퀘스트 | F9: 118번 | 관리국 표준 대응 장비 8종·응급품 2종을 수령하고 상태 UI 확인하기 | G9: 획득 시 귀속 | H9: 131번 장비 손상 확인·임무 종료 시 자동 동기화 | I9: 0 | K9: 0 | M9: 장비 내구도·자아 마모도 표시 | N9: 관리국 표준 대응 세트 | P9: 상태 확인 패시브 | Q9: UI 표시 | R9: 0 | S9: 0
A10: 보랏빛 철봉 | B10: 무기 | D10: 일반인 / 모든 선의 등급자 | E10: 콘텐츠 | F10: 129번 | 차한해에게만 보이는 보랏빛 아우라가 흐르는 철봉 회수 | H10: 130번 밖으로 나가재 제압 후 132번 소멸 | I10: 80 | J10: 근접 강공격 보정 +10 | K10: 0 | M10: 경직 유발 +12% | P10: 충격 | Q10: 115 | R10: 72 | S10: 88
A11: 깨진 경찰 방패 | B11: 보조 장비 | D11: 일반인 / 모든 선의 등급자 | E11: 콘텐츠 | F11: 134번 | 구조한 경찰에게 깨진 경찰 방패와 휴대용 섬광 신호기 받기 | H11: 146번 나만 살아서 다행 보스전·166번 파손 | I11: 0 | K11: 20 | L11: 전방 피해 감소 +12% | M11: 전방 방어 해금 | P11: 물리 저항 | Q11: 112 | R11: 0 | S11: 0
A12: 차단기 막대 | B12: 무기 | D12: 일반인 / 모든 선의 등급자 | E12: 콘텐츠 | F12: 140번 | 차한해에게만 보이는 보랏빛 공명의 차단기 막대 회수 | H12: 141번 유인·142번 비상구대게 제압 | I12: 90 | J12: 근접 공격 보정 +12 | K12: 0 | M12: 환경 유인 효과 +10% | P12: 전기·충격 | Q12: 120 | R12: 81 | S12: 99
A13: 나무판 보호대 | B13: 팔 방어구 | D13: 일반인 / 모든 선의 등급자 | E13: 제작 | F13: 145번 | 대피소 시민과 나무판 보호대 제작 | H13: 146~148번 나만 살아서 다행 보스전 사용 후 파손 | I13: 0 | K13: 10 | L13: 근접 피해 감소 +5% | M13: 임시 장비 제작 | P13: 물리 저항 | Q13: 105 | R13: 0 | S13: 0
A14: 소방용 진압 도끼 | B14: 무기 | D14: 고등급자 / 선의관리국 요원 | E14: 콘텐츠 | F14: 185번 | 회사로 우회하며 소방 보급 상자에서 확보 | G14: 획득 시 귀속 | H14: 188번 붕괴 잔해 3개 파괴 후 반납 | I14: 75 | J14: 구조물 공격 보정 +30 | K14: 0 | M14: 구조 행동 속도 +15% | N14: 재난 구조 세트 | O14: 2세트: 구조 행동 속도 +10% 4세트: 화염·연기 피해 -15% | P14: 화염 대응 | Q14: 115 | R14: 68 | S14: 82
A15: 소방 방열복 | B15: 상의 | D15: 고등급자 / 선의관리국 요원 | E15: 퀘스트 | F15: 187번 | 부상당한 소방관 구조 후 임시 대여 | G15: 획득 시 귀속 | H15: 188번 고열·낙하물 구간 통과 후 반납 | I15: 0 | K15: 22 | L15: 화염 피해 감소 +20% | M15: 이동 속도 -5% | N15: 재난 구조 세트 | P15: 화염 저항 | Q15: 120 | R15: 0 | S15: 0
A16: 구조대 안전모 | B16: 머리 | D16: 일반인 / 모든 선의 등급자 | E16: 콘텐츠 | F16: 185번 | 회사로 우회하며 소방 보급 상자에서 확보 | H16: 186~188번 낙하물 피해 대응 후 반납 | I16: 0 | K16: 8 | L16: 낙하물 피해 감소 +15% | M16: 기절 시간 -10% | N16: 재난 구조 세트 | P16: 낙하 충격 저항 | Q16: 115 | R16: 0 | S16: 0
A17: 구조용 로프 발사기 | B17: 보조 장비 | D17: 고등급자 / 선의관리국 요원 | E17: 퀘스트 | F17: 185번 | 회사로 우회하며 소방 보급 상자에서 확보 | G17: 획득 시 귀속 | H17: 186번 1회·188번 1회 사용 후 2회분 소진 | I17: 12 | J17: 원거리 경직 보정 +5 | K17: 0 | M17: 구조 이동 경로 해금 | N17: 재난 구조 세트 | P17: 이동 보조 패시브 | Q17: 2회 | R17: 10 | S17: 14
A18: 오염 차단 전신복 | B18: 상의 | D18: 고등급자 | E18: 퀘스트 | F18: 196번 | 관리국 현장 보급함에서 수령·장착 | G18: 획득 시 귀속 | H18: 213~217번 폐교 오염 조사·270번 최종 장비로 교체 | I18: 0 | K18: 35 | L18: 균열 오염 저항 +20 | M18: 자아 마모 누적량 -8% | N18: 심층 균열 탐사 세트 | O18: 2세트: 균열 감지 범위 +3m 4세트: 자아 마모 누적량 -12% | P18: 균열 저항 | Q18: 120 | R18: 0 | S18: 0
A19: 심층 균열 탐사 헬멧 | B19: 머리 | D19: 고등급자 | E19: 퀘스트 | F19: 196번 | 관리국 현장 보급함에서 수령·장착 | G19: 획득 시 귀속 | H19: 213·217번 흔적·퍼즐 단서 탐지 | I19: 0 | K19: 12 | L19: 정신 피해 저항 +10 | M19: 균열 감지 범위 +4m | N19: 심층 균열 탐사 세트 | P19: 균열 감지 패시브 | Q19: +4m | R19: 0 | S19: 0
A20: 선의 안정 장치 | B20: 액세서리 | D20: 차한해 전용 | E20: 업적 | F20: 196번 | 시민 구조 누적 30회 달성 후 관리국 현장 보급함에서 추가 수령 | G20: 획득 시 귀속 | H20: 249번 친구 정체 확인 시 1회 자동 발동 | I20: 0 | K20: 0 | M20: 자아마모 수치 유지·입력 흔들림 10초 완화 | N20: 심층 균열 탐사 세트 | P20: 입력 안정 | Q20: 10초 | R20: 0 | S20: 0
A21: 고밀도 충격 흡수 장화 | B21: 신발 | D21: 고등급자 | E21: 퀘스트 | F21: 196번 | 관리국 현장 보급함에서 수령·장착 | G21: 획득 시 귀속 | H21: 215번 밀치기 방어·251번 친구 접근·270번 강화 전투화로 교체 | I21: 0 | K21: 10 | L21: 넘어짐·밀쳐짐 저항 +20% | M21: 회피 후 경직 시간 -10% | N21: 심층 균열 탐사 세트 | P21: 기동 안정 | Q21: 120 | R21: 0 | S21: 0
A22: 응급 압박 붕대 | B22: 소모품 | D22: 일반인 / 모든 선의 등급자 | E22: 보급 | F22: 144번 | 봉쇄 대피소 보급 상자에서 획득 | H22: 146번 나만 살아서 다행 보스전에서 1회 사용 | I22: 0 | K22: 0 | M22: 체력 20% 회복 | P22: 회복 | Q22: 20 | R22: 0 | S22: 0
A23: 관리국 응급 주사 | B23: 소모품 | D23: 선의관리국 요원 | E23: 퀘스트 | F23: 118번 | 관리국 표준 대응 장비와 함께 지급 | G23: 획득 시 귀속 | H23: 168번 합치면 강해진댔잖아 보스전에서 1회 사용 | I23: 0 | K23: 0 | M23: 체력 35% 회복, 이동 속도 5초간 -10% | P23: 회복 | Q23: 35 | R23: 0 | S23: 0
A24: 안정 앰플 | B24: 소모품 | D24: 고등급자 / 차한해 전용 | E24: 퀘스트 | F24: 192번 | 나대진에게 환경 장비와 함께 수령 | G24: 획득 시 귀속 | H24: 250번 공격 중지 생존 구간에서 1회 사용 | I24: 0 | K24: 0 | M24: 자아마모 수치 유지·UI 간섭 8초 완화 | P24: UI 안정 | Q24: 8초 | R24: 0 | S24: 0
A25: 소형 방진 필터 | B25: 소모품 | D25: 일반인 / 모든 선의 등급자 | E25: 보급 | F25: 121번 | 도심 잔해 구역 이동 중 관리국 보급 상자에서 획득 | H25: 128번 관리국 방진 마스크에 1회 사용 | I25: 0 | K25: 0 | M25: 마스크 내구도 30 회복 | P25: 장비 회복 | Q25: 30 | R25: 0 | S25: 0
A26: 휴대용 섬광 신호기 | B26: 소모품 | D26: 일반인 / 모든 선의 등급자 | E26: 콘텐츠 | F26: 134번 | 구조한 경찰에게 깨진 방패와 함께 받기 | H26: 141번 내자리산호 유인에 1회 사용 | I26: 0 | K26: 0 | M26: 일반 괴물 주의 분산 4초 | P26: 시야 교란 | Q26: 4 | R26: 0 | S26: 0
A27: 비살상 충격탄 | B27: 탄약 | D27: 선의관리국 요원 | E27: 퀘스트 | F27: 118번 | 관리국 표준 대응 장비와 함께 지급 | G27: 획득 시 귀속 | H27: 119번 사격 훈련·125번 비살상 제압에 사용 | I27: 6 | J27: 경직 피해 +20% | K27: 0 | M27: 처치 대신 제압 게이지 증가 | P27: 비살상 충격 | Q27: 120 | R27: 5 | S27: 7
A28: 고등급자 공명 증폭기 | B28: 액세서리 | D28: 고등급자 | E28: 나대진 지급 | F28: 153번 | [나대진] 75% 이상에서 장비 지원으로 수령 | G28: 획득 시 귀속 | H28: 159번 공명 탐지·160번 찰싹진드기 제압 | I28: 15 | J28: 균열 개체 대상 피해 +8% | K28: 0 | M28: 공명 피해 증가·UI 간섭 +3% | P28: 공명 증폭 | Q28: 108 | R28: 13 | S28: 17
A29: 연구실 최고 권한 키카드 | B29: 접근 도구 | D29: 연구실 최고 권한자 | E29: 나대진 안내·현장 회수 | F29: 265번 | [나대진] 85% 이상에서 암호 경로를 따라 연구시설 책임자 단말에서 회수 | G29: 획득 시 귀속 | H29: 266번 | 첫 번째 연구시설 보안문 해제 | I29: 0 | K29: 0 | M29: 최고 보안 구역 접근 | P29: 접근 권한 | Q29: 최고 | R29: 0 | S29: 0
A30: 보안 요원 생체 인증 모듈 | B30: 접근 도구 | D30: 차한해 | E30: 몬스터 제압·회수 | F30: 265번 | 권한이 없습니다 제압 후 노출된 생체 인증 모듈 회수 | G30: 획득 시 귀속 | H30: 266번 | 두 번째 연구시설 생체 인식문 1회 해제 | I30: 0 | K30: 0 | M30: 보안 구역 접근 | P30: 생체 인증 | Q30: 1회 | R30: 0 | S30: 0
A31: 충격 보호대 | B31: 보조 장비 | D31: 차한해 | E31: 나대진 지급 | F31: 153번 | 충격 보호대·공명 보호 장갑·공명 증폭기 수령 | G31: 획득 시 귀속 | H31: 164~168번 합치면 강해진댔잖아 보스전에서 사용 | I31: 0 | K31: 20 | L31: 피격 경직 감소 | P31: 충격 보호 | Q31: 20 | R31: 0 | S31: 0
A32: 공명 보호 장갑 | B32: 손 | D32: 차한해 | E32: 나대진 지급 | F32: 153번 | 충격 보호대·공명 보호 장갑·공명 증폭기 수령 | G32: 획득 시 귀속 | H32: 159~168번 공명 무기·증폭기 사용 부담 완화 | I32: 0 | K32: 15 | L32: 공명 반동 감소 | P32: 공명 보호 | Q32: 15 | R32: 0 | S32: 0
A33: 전광판 쇠막대 | B33: 무기 | D33: 차한해 | E33: 현장 획득 | F33: 159번 | 차한해에게만 보이는 보랏빛 아우라와 공명 증폭기 반응이 겹치는 쇠막대 회수 | H33: 160번 찰싹진드기 제압 | I33: 100 | J33: 다수 정렬 타격 | K33: 0 | P33: 충격 | Q33: 100 | R33: 90 | S33: 110
A34: 군용 방탄판 | B34: 상의 | D34: 차한해 | E34: 군인 지원 | F34: 169번 | 구조된 군인에게 지원받기 | G34: 획득 시 귀속 | H34: 178~181번 박수 없인 못 살아 보스전·181번 균열 | I34: 0 | K34: 35 | L34: 강한 공격 방어 | P34: 물리 저항 | Q34: 35 | R34: 0 | S34: 0
A35: 화염 보호복 | B35: 상의 | D35: 차한해 | E35: 소방관 지원 | F35: 187번 | 도시 인연 50% 이상에서 부상당한 소방관 구조 보상으로 획득 | G35: 획득 시 귀속 | H35: 188번 회사 화재 구조·손상 후 +10 유지 | I35: 0 | K35: 20 | L35: 화염 피해 대응 | P35: 화염 저항 | Q35: 20 | R35: 0 | S35: 0
A36: 먼지 보호 안경 | B36: 얼굴 | D36: 차한해 | E36: 나대진 지급 | F36: 192번 | 폐교 환경 장비 수령 | G36: 획득 시 귀속 | H36: 213~217번 폐교 분진·시야 방해 구간 | I36: 0 | K36: 10 | L36: 분진 시야 확보 | P36: 분진 저항 | Q36: 10 | R36: 0 | S36: 0
A37: 균열 보호 마스크 | B37: 얼굴 | D37: 차한해 | E37: 나대진 지급 | F37: 192번 | 폐교 환경 장비 수령 | G37: 획득 시 귀속 | H37: 213~217번 폐교 균열 오염 구간 | I37: 0 | K37: 15 | L37: 균열 오염 차단 | P37: 균열 저항 | Q37: 15 | R37: 0 | S37: 0
A38: 철판 보호대 | B38: 보조 장비 | D38: 차한해 | E38: 정비공 지원 | F38: 194번 | 구조받은 정비공에게 획득 | G38: 획득 시 귀속 | H38: 246~251번 별을 삼킨 강당전·251번 파손 | I38: 0 | K38: 25 | L38: 충격 보호 | P38: 물리 저항 | Q38: 25 | R38: 0 | S38: 0
A39: 사랑의 매 | B39: 무기 | D39: 차한해 | E39: 현장 획득 | F39: 237번 | 변혜서의 기억과 공명해 차한해에게만 보랏빛으로 보이는 사랑의 매 회수 | H39: 238번 시험·246번 별을 삼킨 강당 외피 파괴 | I39: 140 | J39: 공명 외피 파괴 | K39: 0 | P39: 공명 | Q39: 140 | R39: 126 | S39: 154
A40: 매트 보호대 | B40: 보조 장비 | D40: 차한해 | E40: 현장 제작 | F40: 242번 | 체육관 매트로 제작 | G40: 획득 시 귀속 | H40: 246~251번 별을 삼킨 강당전·251번 파손 | I40: 0 | K40: 15 | L40: 충격 완화 | P40: 물리 저항 | Q40: 15 | R40: 0 | S40: 0
A41: 보랏빛 농구공 | B41: 무기 | D41: 차한해 | E41: 현장 획득 | F41: 243번 | 변혜서의 기억과 공명해 차한해에게만 보랏빛으로 보이는 농구공 회수 | H41: 244번 투척 훈련·247~248번 기억 개입 패턴 차단 | I41: 120 | J41: 반사 투척 | K41: 0 | P41: 공명 | Q41: 120 | R41: 108 | S41: 132
A42: 공명 보호 외투 | B42: 상의 | D42: 차한해 | E42: 나대진 지급 | F42: 270번 | 최종 균열 장비 수령 | G42: 획득 시 귀속 | H42: 276~288번 균열 내부·최종 보스전 | I42: 0 | K42: 30 | L42: 공명 부담 감소 | P42: 공명 보호 | Q42: 30 | R42: 0 | S42: 0
A43: 강화 전투화 | B43: 신발 | D43: 차한해 | E43: 나대진 지급 | F43: 270번 | 최종 균열 장비 수령 | G43: 획득 시 귀속 | H43: 276·280번 반전·공간 도약 통로와 최종 보스전 | I43: 0 | K43: 20 | L43: 밀쳐짐·미끄러짐 저항 | P43: 기동 안정 | Q43: 20 | R43: 0 | S43: 0

Sheet 속성 대차대조표 (2)
A1: 1. 속성 정의 및 적용 대상
A2: 속성 | B2: 핵심 성질 | E2: 공격 속성 적용 | I2: 방어 속성 적용 | M2: 대표 표현
A3: 안정 | B3: 형태와 에너지의 상태를 고정하고 과도한 진동을 억제하는 파장 | E3: 공명 주기 고정, 흔들림 억제, 변이체의 움직임 안정화 | I3: 공명·진동 피해 완화, 밀려남과 흔들림을 억제하는 방호 상태 | M3: 청색 고정선, 입자가 한 지점으로 모이는 연출
A4: 공명 | B4: 파동을 반복·중첩하여 내부 진동과 에너지 증폭을 일으키는 파장 | E4: 반복 타격과 파동 중첩, 차단 한계 초과, 균열 확대 | I4: 외부 파장을 되울리거나 분산하여 충격을 흘려보내는 상태 | M4: 보라색 파문, 동심원과 진동 잔상
A5: 차단 | B5: 에너지·파장·오염의 전달 경로와 연결을 끊는 파장 | E5: 능력 연결 절단, 침식 확산 중단, 유지 에너지 공급 방해 | I5: 외부 에너지 유입과 상태이상 전이를 막는 방호 상태 | M5: 짙은 회색 단절선, 벽 형태의 끊김 연출
A6: 침식 | B6: 조직과 구조의 결합을 약화하고 형태를 점진적으로 붕괴시키는 파장 | E6: 고정 구조 붕괴, 방어 상태 약화, 균열 부위 확대 | I6: 공격 에너지를 분해·흡수하며 일부 피해를 약화하는 상태 | M6: 자홍색 번짐, 표면이 부식되듯 퍼지는 연출
A8: 2. 속성 대차대조표 및 피해 계산 검증
A9: 피해 매개 상수표 K | G9: 상성 순환
A10: 공격자＼방어자 | B10: 안정 | C10: 공명 | D10: 차단 | E10: 침식 | L10: 안정 → 공명 → 차단 → 침식 → 안정은 ×1.7의 강한 우위 관계이며, 반대 방향은 ×0.3의 강한 열위 관계로 적용함.
A11: 안정 | B11: 1 | C11: 1.7 | D11: 0.8 | E11: 0.3
A12: 공명 | B12: 0.3 | C12: 1 | D12: 1.7 | E12: 1.2
A13: 차단 | B13: 1.2 | C13: 0.3 | D13: 1 | E13: 1.7
A14: 침식 | B14: 1.7 | C14: 0.8 | D14: 0.3 | E14: 1
A16: 3. 수치 근거표
A17: 공격 속성 | B17: 방어 속성 | C17: 관계 유형 | E17: 매개 상수 | G17: 수치 적용 근거 | L17: 전투 표현
A18: 안정 | B18: 안정 | C18: 동일 | E18: 1 | G18: 동일한 파장끼리는 서로 우위가 없으므로 기존 피해식에 영향을 주지 않음. | L18: 기본 피해 수치와 기본 속성 이펙트 적용
A19: 안정 | B19: 공명 | C19: 강한 우위 | E19: 1.7 | G19: 안정 파장이 진동 주기를 고정하여 공명의 반복·증폭 작용을 직접 억제함. | L19: 파동이 멈추고 약점 적중 이펙트 강조
A20: 안정 | B20: 차단 | C20: 약한 열위 | E20: 0.8 | G20: 차단 상태가 안정 파장의 전달 경로를 일부 끊어 고정 효과가 충분히 도달하지 못함. | L20: 안정선이 끊기며 피해 표시를 약하게 표현
A21: 안정 | B21: 침식 | C21: 강한 열위 | E21: 0.3 | G21: 이미 침식된 구조는 고정할 원형과 기준이 약해 안정화 효과가 크게 감소함. | L21: 고정선이 번짐에 흡수되는 연출
A22: 공명 | B22: 안정 | C22: 강한 열위 | E22: 0.3 | G22: 안정된 구조가 진동의 확산과 파동 중첩을 막아 공명 증폭이 발생하기 어려움. | L22: 파문이 짧게 사라지는 연출
A23: 공명 | B23: 공명 | C23: 동일 | E23: 1 | G23: 동일한 파장끼리는 서로 우위가 없으므로 기존 피해식에 영향을 주지 않음. | L23: 기본 피해 수치와 기본 속성 이펙트 적용
A24: 공명 | B24: 차단 | C24: 강한 우위 | E24: 1.7 | G24: 반복되는 공명 파동이 차단 상태의 처리 한계를 넘어 과부하를 발생시킴. | L24: 차단벽에 균열이 번지고 파동이 관통하는 연출
A25: 공명 | B25: 침식 | C25: 약한 우위 | E25: 1.2 | G25: 침식으로 약해진 구조의 미세 균열을 진동이 확대하여 붕괴를 촉진함. | L25: 침식 부위가 파동에 따라 넓어지는 연출
A26: 차단 | B26: 안정 | C26: 약한 우위 | E26: 1.2 | G26: 안정 상태를 유지하는 에너지 공급과 연결을 끊어 구조의 유지력을 약화함. | L26: 고정선 일부가 끊기며 약점 이펙트 표시
A27: 차단 | B27: 공명 | C27: 강한 열위 | E27: 0.3 | G27: 공명은 파동이 누적된 뒤에도 영향이 남아 단일 연결 차단만으로 완전히 제거하기 어려움. | L27: 차단선 너머로 파문이 이어지는 연출
A28: 차단 | B28: 차단 | C28: 동일 | E28: 1 | G28: 동일한 파장끼리는 서로 우위가 없으므로 기존 피해식에 영향을 주지 않음. | L28: 기본 피해 수치와 기본 속성 이펙트 적용
A29: 차단 | B29: 침식 | C29: 강한 우위 | E29: 1.7 | G29: 침식 에너지의 접촉·전이·확산 경로를 끊어 핵심 작용을 직접 무력화함. | L29: 번짐이 절단되고 약점 적중 이펙트 강조
... A33: 침식 | B33: 침식 | C33: 동일 | E33: 1 | G33: 동일한 파장끼리는 서로 우위가 없으므로 기존 피해식에 영향을 주지 않음. | L33: 기본 피해 수치와 기본 속성 이펙트 적용

Sheet 스킬 DATA
A1: 넌 착해! — 스킬 DATA
A2: 스킬을 ‘약속 + UI + Data’로 정의한 시스템 연동용 표 · 총 211개 스킬/상태 데이터 · 피해 계수 1.00 = 해당 시점 기본/최종 공격력 100% · 몬스터 발동 확률은 몬스터 시트의 발동률과 동기화 · 이벤트 전용 스킬도 별도 시트로 분리하지 않고 본 표에서 통합 관리
A3: 관리 정보 | G3: UI 기재 내용 | M3: 발동 조건 | O3: 피해 | S3: AI 제어 | U3: 조작·시간 | X3: 버프·디버프 | AB3: 연계·운영
A4: 스킬 ID | B4: 지정 사용자 | C4: 구간 | D4: 콘텐츠 번호 | E4: 최초 사용 콘텐츠 | F4: 사용 주체 | G4: 스킬명 | H4: 스킬 추가 설명 | I4: 스킬 아이콘 | J4: 스킬 타입 | K4: 지정 사용자 | L4: 상태 이상 값 | M4: 발동 조건 타입 | N4: 발동 필요 값 | O4: 피해 적용 타입 | P4: 피해 계수 | Q4: 고정 피해 | R4: 피해 산정식 | S4: AI 발동 주기(초) | T4: AI 발동 확률 | U4: 쿨타임 타입 | V4: 쿨타임(초) | W4: 시전 필요 시간(초) | X4: 능력 변동 종류 | Y4: 능력 변동 수치 | Z4: 단위 | AA4: 지속 시간(초) | AB4: 종료·취소 조건 | AC4: 연계 스킬 ID | AD4: 비고
A5: SKL-PC-001 | B5: 차한해 | C5: 기본 상호작용 | D5: 9 | E5: 9번 | 알바생의 무거운 음료 박스 진열 부탁을 수락할지 선택하기 | F5: PC | G5: 싫어요. | H5: 거절 가능한 부탁·요청에서 수락 대신 사용해 해당 요청을 종료하는 기본 상호작용 스킬. 거절한 콘텐츠의 인연·보상 획득 기회는 포기함. | J5: 액티브 | K5: 차한해 | M5: 입력 | N5: 수락 전 [싫어요.] 선택 | O5: 없음 | P5: 0 | Q5: 0 | R5: 피해 없음 | U5: 없음 | V5: 0 | W5: 0 | X5: 없음 | Y5: 0 | Z5: 없음 | AA5: 0 | AB5: 선택 확정 | AC5: 없음 | AD5: 게임 시작부터 해금·첫 사용 가능 콘텐츠 9번
A6: SKL-PC-002 | B6: 차한해 | C6: 3장·첫 힘 발현 | D6: 79 | E6: 79번 | 두 눈을 감고 양손으로 괴물을 막기 | F6: PC | G6: 펑! | H6: 괴물이 덮치기 직전 전용 UI에서 1회 발동하는 사건형 액티브. 무의식적 선의 폭발을 호출해 순간 출력 1000을 만들고 접촉 소멸까지 연쇄함. | J6: 연출용+액티브 | K6: 차한해 | M6: 1회 강제 발동 | N6: 문틈젤리 접촉 직전 | O6: 없음 | P6: 0 | Q6: 0 | R6: 피해 없음 | U6: 없음 | V6: 0 | W6: 0.6 | X6: 공격력 | Y6: 990 | Z6: + | AA6: 0 | AB6: 접촉 소멸 완료 | AC6: SKL-STS-011 → SKL-STS-012 | AD6: 스토리 필수 사용·해당 콘텐츠에만 적용
A7: SKL-PC-003 | B7: 차한해 | C7: 정식 전투 | D7: 119 | E7: 119번 | 관리국 지급 권총·비살상 충격탄·관리국 전술화를 이용해 사격과 회피 연습하기 | F7: PC | G7: 탕! | H7: 장착한 총기·원거리 무기의 공격 수치를 포함해 정면 표적 1체를 공격하는 기본 사격. | J7: 액티브 | K7: 차한해 | L7: 경직 0.20초 | M7: 입력 | N7: 공격 입력 1회 | O7: 기본 공격력 비율 | P7: 1 | Q7: 0 | R7: 기본 공격력 × 100% | U7: 개별 | V7: 0.45 | W7: 0.2 | X7: 없음 | Y7: 0 | Z7: 없음 | AA7: 0 | AB7: 시전 종료 | AC7: SKL-STS-001 | AD7: 관리국 지급 권총을 기준으로 최초 훈련
A8: SKL-PC-004 | B8: 차한해 | C8: 정식 전투 | D8: 119 | E8: 119번 | 관리국 지급 권총·비살상 충격탄·관리국 전술화를 이용해 사격과 회피 연습하기 | F8: PC | G8: 앗, 피해! | H8: 입력 방향으로 짧게 이동하며 공격 판정을 피하는 기본 회피. 성공 시 일부 반격 스킬의 조건을 열어 줌. | J8: 액티브 | K8: 차한해 | M8: 입력 | N8: 회피 입력 1회 | O8: 없음 | P8: 0 | Q8: 0 | R8: 피해 없음 | U8: 개별 | V8: 1.8 | W8: 0.1 | X8: 이동 속도 | Y8: 80 | Z8: % | AA8: 0.25 | AB8: 이동 종료 | AC8: 없음 | AD8: 훈련 이후 상시 사용
A9: SKL-PC-005 | B9: 보스 | C9: 보스 공통 | D9: 146 | E9: 146번 | 나만 살아서 다행이 연속으로 닫는 방화문 다시 열기 | F9: PC | G9: 잠깐만! | H9: 보스전에서 딱 1번 사용할 수 있는 보조 스킬. 보스의 현재 행동을 1초간 멈춰 위험 패턴을 끊을 틈을 만듦. | J9: 액티브 | K9: 보스 | L9: 경직 1.00초 | M9: 전투당 1회 | N9: 보스전·미사용 상태 | O9: 없음 | P9: 0 | Q9: 0 | R9: 피해 없음 | U9: 전투당 1회 | V9: 0 | W9: 0.15 | X9: 없음 | Y9: 0 | Z9: 없음 | AA9: 1 | AB9: 1초 종료 | AC9: SKL-STS-001 | AD9: 118번에서 해금·146번 첫 보스부터 실제 사용 가능
A10: SKL-PC-006 | B10: 차한해 | C10: 전투 정보 | D10: 125 | E10: 125번 | 관리국 무전 이어피스로 똑똑소라의 공격 예고 신호 파악하기 | F10: PC | G10: 먼저 들었어 | H10: 관리국 무전 이어피스의 공격 예고 신호를 판독해 적의 전조를 기본보다 0.3초 먼저 표시하는 패시브. | J10: 패시브 | K10: 차한해 | M10: 장비 착용 | N10: 관리국 무전 이어피스 장착 | O10: 없음 | P10: 0 | Q10: 0 | R10: 피해 없음 | U10: 없음 | V10: 0 | W10: 0 | X10: 전조 표시 시간 | Y10: 0.3 | Z10: 초 | AA10: 0 | AB10: 장비 해제 | AC10: 없음 | AD10: 장비 효과를 스킬 형태로 표현
A11: SKL-PC-007 | B11: 차한해 | C11: 정식 전투 | D11: 126 | E11: 126번 | 문틈새우의 후방 기습을 피하고 반격 타이밍 맞추기 | F11: PC | G11: 피했으면 내 차례 | H11: 직전 공격을 회피한 직후 짧은 반격 창에서 사용하는 대응 사격·타격. | J11: 액티브 | K11: 차한해 | L11: 경직 0.30초 | M11: 조건부 입력 | N11: 회피 성공 후 0.8초 이내 | O11: 기본 공격력 비율 | P11: 1.15 | Q11: 0 | R11: 기본 공격력 × 115% | U11: 개별 | V11: 2 | W11: 0.25 | X11: 없음 | Y11: 0 | Z11: 없음 | AA11: 0 | AB11: 반격 창 종료 | AC11: SKL-STS-001 | AD11: 회피 성공을 공격 기회로 전환
A12: SKL-PC-008 | B12: 차한해 | C12: 공명 전투 | D12: 130 | E12: 130번 | 보랏빛 철봉으로 밖으로 나가재 제압하기 | F12: PC | G12: 보라색, 여기! | H12: 차한해에게만 보이는 보랏빛 공명 반응 부위를 노려 타격해 일반 공격보다 큰 약점 피해를 줌. | J12: 액티브 | K12: 차한해 | M12: 약점 노출 | N12: 보랏빛 약점 표식 활성 | O12: 기본 공격력 비율 | P12: 1.35 | Q12: 0 | R12: 기본 공격력 × 135% | U12: 개별 | V12: 2.5 | W12: 0.35 | X12: 없음 | Y12: 0 | Z12: 없음 | AA12: 0 | AB12: 약점 타격 종료 | AC12: 없음 | AD12: 공명 약점이 없는 대상에는 사용 불가
A13: SKL-PC-009 | B13: 차한해 | C13: 방어 전투 | D13: 134 | E13: 134번 | 구조한 경찰에게 깨진 경찰 방패와 휴대용 섬광 신호기 받기 | F13: PC | G13: 앞은 내가 막아 | H13: 깨진 경찰 방패 등 전방 방어 장비를 들어 정면 피해와 밀려남을 줄이는 유지형 방어. | J13: 액티브 | K13: 차한해 | M13: 입력 유지 | N13: 방어 장비 장착·방어 입력 유지 | O13: 없음 | P13: 0 | Q13: 0 | R13: 피해 없음 | U13: 유지형 | V13: 0 | W13: 0.15 | X13: 받는 정면 피해 | Y13: -50 | Z13: % | AA13: 0 | AB13: 입력 해제·방패 파손 | AC13: 없음 | AD13: 보스·강한 공격에는 감소량이 낮아질 수 있음
A14: SKL-PC-010 | B14: 일반 변이체 | C14: 환경 유인 | D14: 141 | E14: 141번 | 휴대용 섬광 신호기와 차단기 막대로 내자리산호 유인하기 | F14: PC | G14: 저기 봐! | H14: 휴대용 섬광 신호기 1개를 소비해 일반 변이체의 주의를 설치 지점으로 4초간 돌리는 비전투·전투 겸용 스킬. | J14: 연출용+액티브 | K14: 일반 변이체 | L14: 주의 분산 4초 | M14: 아이템 사용 | N14: 휴대용 섬광 신호기 1회 소모 | O14: 없음 | P14: 0 | Q14: 0 | R14: 피해 없음 | U14: 아이템 횟수 | V14: 0 | W14: 0.4 | X14: 표적 인식 | Y14: -1 | Z14: 대상 | AA14: 4 | AB14: 지속 종료·보스 면역 | AC14: SKL-STS-010 | AD14: PPT의 폭죽형 유틸리티 스킬과 같은 구조
A15: SKL-PC-011 | B15: 차한해 | C15: 환경 유인 | D15: 141 | E15: 141번 | 휴대용 섬광 신호기와 차단기 막대로 내자리산호 유인하기 | F15: PC | G15: 이쪽이야! | H15: 차단기 막대나 주변 소음 오브젝트를 이용해 주의가 분산된 적의 이동 목표를 열린 공간으로 유도함. | J15: 액티브 | K15: 차한해 | M15: 환경 상호작용 | N15: 유인 가능한 오브젝트 활성 | O15: 없음 | P15: 0 | Q15: 0 | R15: 피해 없음 | U15: 개별 | V15: 3 | W15: 0.3 | X15: 이동 목표 | Y15: 1 | Z15: 지점 | AA15: 3 | AB15: 대상 도달·지속 종료 | AC15: SKL-STS-007 | AD15: 환경 지형과 함께 사용하는 전술형 스킬
A16: SKL-PC-012 | B16: 차한해 | C16: 첫 보스 | D16: 148 | E16: 148번 | 모든 문을 열린 채 고정하고 잠금 핵 무력화하기 | F16: PC | G16: 핵부터! | H16: 보스의 노출된 핵에 공격을 집중해 외피보다 큰 파괴 효율을 내는 상황형 집중 공격. | J16: 액티브 | K16: 차한해 | M16: 약점 노출 | N16: 보스 핵 노출 상태 | O16: 기본 공격력 비율 | P16: 1.4 | Q16: 0 | R16: 기본 공격력 × 140% | U16: 개별 | V16: 1.5 | W16: 0.3 | X16: 핵 피해 | Y16: 40 | Z16: % | AA16: 0 | AB16: 핵 은폐 | AC16: 없음 | AD16: 노출 약점 전용
A17: SKL-PC-013 | B17: 차한해 | C17: 공명 장비 | D17: 153 | E17: 153번 | 나대진에게 충격 보호대·공명 보호 장갑·고등급자 공명 증폭기 수령하기 | F17: PC | G17: 증폭기, 켠다! | H17: 고등급자 공명 증폭기를 켜 공명 대상 공격력을 높이는 대신 화면 간섭을 함께 발생시키는 장비 액티브. | J17: 액티브 | K17: 차한해 | L17: UI 간섭 | M17: 장비 사용 | N17: 고등급자 공명 증폭기 장착 | O17: 없음 | P17: 0 | Q17: 0 | R17: 피해 없음 | U17: 개별 | V17: 8 | W17: 0.35 | X17: 공격력 | Y17: 15 | Z17: + | AA17: 8 | AB17: 장비 해제·지속 종료 | AC17: 없음 | AD17: 공명 대상 피해 +8%·UI 간섭 +3%는 아이템 시트 값 적용
A18: SKL-PC-014 | B18: 차한해 | C18: 다수 전투 | D18: 160 | E18: 160번 | 공명 증폭기와 전광판 쇠막대로 승강장의 찰싹진드기 제압하기 | F18: PC | G18: 한 줄로 서! | H18: 전광판 쇠막대의 넓은 궤적으로 일렬에 겹친 여러 적을 한 번에 타격하는 정렬 공격. | J18: 액티브 | K18: 차한해 | M18: 입력 | N18: 2체 이상 일렬 정렬 | O18: 기본 공격력 비율 | P18: 1.1 | Q18: 0 | R18: 기본 공격력 × 110% | U18: 개별 | V18: 3.2 | W18: 0.5 | X18: 최대 타격 수 | Y18: 3 | Z18: 체 | AA18: 0 | AB18: 시전 종료 | AC18: 없음 | AD18: 대상별 피해 동일
A19: SKL-PC-015 | B19: 차한해 | C19: 융합 보스 | D19: 163 | E19: 163번 | 합치면 강해진댔잖아의 단일 외피 공략하기 | F19: PC | G19: 둘 중 하나! | H19: 상반된 공격 전조를 읽고 이번 공격을 받아낼지 피할지 판별하는 판단형 패시브. | J19: 패시브 | K19: 차한해 | M19: 패턴 판독 | N19: 상반 전조 발생 | O19: 없음 | P19: 0 | Q19: 0 | R19: 피해 없음 | U19: 없음 | V19: 0 | W19: 0 | X19: 판독 표시 | Y19: 1 | Z19: 회 | AA19: 0 | AB19: 해당 공격 종료 | AC19: 없음 | AD19: 잘못 판독하면 보스 패턴 페널티 적용
A20: SKL-PC-016 | B20: 차한해 | C20: 융합 보스 | D20: 168 | E20: 168번 | 관리국 응급 주사를 사용하고 폭력의 순환 핵 파괴하기 | F20: PC | G20: 하나, 둘—지금! | H20: 동시에 노출된 2개의 연결 핵을 짧은 허용 시간 안에 맞혀 폭력의 순환 연결을 끊는 동시 타격. | J20: 액티브 | K20: 차한해 | M20: 동시 조건 | N20: 연결 핵 2개 동시 노출 | O20: 기본 공격력 비율 | P20: 1.2 | Q20: 0 | R20: 기본 공격력 × 120% | U20: 개별 | V20: 5 | W20: 0.45 | X20: 동시 판정 시간 | Y20: 0.6 | Z20: 초 | AA20: 0 | AB20: 핵 파괴·허용 시간 초과 | AC20: 없음 | AD20: 2개 핵 모두 적중해야 성공
A21: SKL-PC-017 | B21: 차한해 | C21: 중장비 방어 | D21: 169 | E21: 169번 | 구조된 군인에게 군용 방탄판 받기 | F21: PC | G21: 버텨! | H21: 군용 방탄판 등 중량 방어구를 이용해 강한 단발 공격을 정면에서 받아내고 밀려남을 크게 줄임. | J21: 액티브 | K21: 차한해 | M21: 조건부 입력 | N21: 강공격 전조 중 방어 입력 | O21: 없음 | P21: 0 | Q21: 0 | R21: 피해 없음 | U21: 개별 | V21: 4 | W21: 0.2 | X21: 받는 피해 | Y21: -35 | Z21: % | AA21: 1 | AB21: 강공격 종료 | AC21: SKL-STS-002 | AD21: 방어구 내구도 소모
A22: SKL-PC-018 | B22: 차한해 | C22: 갈채 보스 | D22: 179 | E22: 179번 | 추앙풍뎅이의 보호막 부여를 차단하고 중계 카메라 끄기 | F22: PC | G22: 안 찍히면 돼 | H22: 카메라 시야와 스포트라이트를 피해 사각지대에서 이동하면 갈채 계열 적의 추적·강화 조건을 끊음. | J22: 패시브 | K22: 차한해 | M22: 위치 조건 | N22: 카메라 시야 밖 | O22: 없음 | P22: 0 | Q22: 0 | R22: 피해 없음 | U22: 없음 | V22: 0 | W22: 0 | X22: 갈채 획득 | Y22: 0 | Z22: 고정 | AA22: 0 | AB22: 카메라 시야 진입 | AC22: SKL-STS-016 | AD22: 카메라 없는 행동이 보스 기믹을 약화
A23: SKL-PC-019 | B23: 차한해 | C23: 갈채 보스 | D23: 181 | E23: 181번 | 아무도 보지 않는 곳에서 시민을 구하고 박수 없인 못 살아 제압하기 | F23: PC | G23: 아무도 안 봐도 | H23: 카메라가 없는 위치에서 실제 시민을 구조해 갈채와 무관한 선행을 증명하고 보스 보호막을 제거하는 사건형 행동. | J23: 연출용+액티브 | K23: 차한해 | M23: 사건 조건 | N23: 실제 시민 판별·카메라 비노출 | O23: 없음 | P23: 0 | Q23: 0 | R23: 피해 없음 | U23: 없음 | V23: 0 | W23: 1 | X23: 보호막 | Y23: 0 | Z23: 고정 | AA23: 0 | AB23: 구조 완료 | AC23: SKL-STS-016 | AD23: 서사와 보스 공략을 직접 연결
A24: SKL-PC-020 | B24: 지원 가능 NPC | C24: 회사 구조 | D24: 186 | E24: 186번 | 구조용 로프 발사기로 한도윤과 회사 직원 대피시키기 | F24: PC | G24: 도와줘! | H24: 현재 콘텐츠에 사전 정의된 지원 행동이 있고 해당 NPC의 인연·위치 조건을 만족할 때만 지원을 호출하는 제한형 스킬. | J24: 액티브 | K24: 지원 가능 NPC | M24: 상황 조건 | N24: 지원 가능 NPC·인연·콘텐츠 플래그 충족 | O24: 없음 | P24: 0 | Q24: 0 | R24: 피해 없음 | U24: 상황당 1회 | V24: 0 | W24: 0.3 | X24: 없음 | Y24: 0 | Z24: 없음 | AA24: 0 | AB24: 지원 행동 완료 | AC24: SKL-NPC-001 / SKL-NPC-002 | AD24: 범용 동료 AI가 아니라 콘텐츠별 고정 지원 행동 호출
A25: SKL-PC-021 | B25: 차한해 | C25: 회사 구조 | D25: 186 | E25: 186번 | 구조용 로프 발사기로 한도윤과 회사 직원 대피시키기 | F25: PC | G25: 길 하나 만들게! | H25: 구조용 로프 발사기 1회를 소비해 끊어진 계단·붕괴 통로에 임시 이동 경로를 생성함. | J25: 연출용+액티브 | K25: 차한해 | M25: 아이템 사용 | N25: 구조용 로프 발사기 1회 소모 | O25: 없음 | P25: 0 | Q25: 0 | R25: 피해 없음 | U25: 아이템 횟수 | V25: 0 | W25: 0.8 | X25: 이동 경로 | Y25: 1 | Z25: 개 | AA25: 0 | AB25: 경로 생성 완료 | AC25: 없음 | AD25: 186번·188번 총 2회 사용
A26: SKL-PC-022 | B26: 차한해 | C26: 심층 탐사 | D26: 249 | E26: 249번 | 별을 삼킨 강당가 변혜서임을 확정하고 선의 안정 장치 발동 견디기 | F26: PC | G26: 괜찮아, 아직. | H26: 선의 안정 장치가 큰 심리 충격으로 입력 흔들림이 발생할 때 1회 자동 발동해 자아마모 수치는 유지한 채 조작 흔들림만 완화함. | J26: 패시브+자동 | K26: 차한해 | M26: 사건 플래그 | N26: 선의 안정 장치 장착·친구 정체 확정 | O26: 없음 | P26: 0 | Q26: 0 | R26: 피해 없음 | U26: 1회 자동 | V26: 0 | W26: 0 | X26: 입력 흔들림 | Y26: -100 | Z26: % | AA26: 10 | AB26: 10초 종료 | AC26: SKL-STS-013 | AD26: 196번에서 장치 획득·249번 첫 자동 발동
A27: SKL-PC-023 | B27: 차한해 | C27: 폐교 은폐 | D27: 215 | E27: 215번 | 고밀도 충격 흡수 장화로 등 뒤 한 칸의 기습을 버티며 복도 통과하기 | F27: PC | G27: 쉿. | H27: 이동을 잠시 멈추고 소리 발생 행동을 제한해 청각 추적형 변이체의 추적 게이지를 끊음. | J27: 액티브 | K27: 차한해 | M27: 입력 유지 | N27: 1초간 이동·공격 입력 없음 | O27: 없음 | P27: 0 | Q27: 0 | R27: 피해 없음 | U27: 개별 | V27: 2.5 | W27: 1 | X27: 소음 발생량 | Y27: -100 | Z27: % | AA27: 1.5 | AB27: 이동·공격 입력 | AC27: 없음 | AD27: 은폐 전용
A28: SKL-PC-024 | B28: 차한해 | C28: 폐교 공명 | D28: 238 | E28: 238번 | 보랏빛 사랑의 매로 기억 외피 공명 타격 시험하기 | F28: PC | G28: 껍데기부터 | H28: 사랑의 매로 보랏빛 공명 외피만 골라 때려 외피 방어를 먼저 제거하는 전용 공략 스킬. | J28: 액티브 | K28: 차한해 | M28: 약점 노출 | N28: 공명 외피 활성 | O28: 기본 공격력 비율 | P28: 1.3 | Q28: 0 | R28: 기본 공격력 × 130% | U28: 개별 | V28: 2.8 | W28: 0.45 | X28: 외피 피해 | Y28: 50 | Z28: % | AA28: 0 | AB28: 외피 파괴 | AC28: 없음 | AD28: 본체 피해보다 외피 제거에 특화
A29: SKL-PC-025 | B29: 차한해 | C29: 폐교 투척 | D29: 244 | E29: 244번 | 농구공의 투척 궤적 익히기 | F29: PC | G29: 한 번 튕겨! | H29: 보랏빛 농구공을 벽·골대에 반사시켜 직선으로 닿지 않는 기억 핵을 타격함. | J29: 액티브 | K29: 차한해 | M29: 입력 | N29: 반사 경로 조준 완료 | O29: 기본 공격력 비율 | P29: 1.1 | Q29: 0 | R29: 기본 공격력 × 110% | U29: 개별 | V29: 2 | W29: 0.55 | X29: 반사 횟수 | Y29: 1 | Z29: 회 | AA29: 0 | AB29: 공 회수·화면 밖 이탈 | AC29: 없음 | AD29: 반사 성공 시 기억 핵 판정 가능
... A34: SKL-PC-030 | B34: 차한해·동료 | C34: 최종 보스 | D34: 287 | E34: 287번 | 차한해에게 연결된 무한대 부담 장치 파괴하기 | F34: PC | G34: 이번엔 같이. | H34: 차한해 혼자 무한대 부담을 받아내지 않고 전장에 분산된 연결 장치를 동료와 동시 작동시키는 협력형 사건 스킬. | J34: 연출용+액티브 | K34: 차한해·동료 | M34: 동시 입력 | N34: 부담 연결 장치 4개 활성 | O34: 없음 | P34: 0 | Q34: 0 | R34: 피해 없음 | U34: 페이즈 1회 | V34: 0 | W34: 0.6 | X34: 부담 연결 | Y34: -4 | Z34: 개 | AA34: 0 | AB34: 장치 4개 동시 파괴 | AC34: 없음 | AD34: 최종부 주제인 책임 분담을 전투 기믹으로 표현
A35: SKL-PC-031 | B35: 도시 전체 시민 | C35: 희생 엔딩 | D35: 296 | E35: 296번 | 모두가 각자 가까운 균열로 함께 들어가기 | F35: PC | G35: 눈물 | H35: 차한해가 혼자 균열로 들어가는 희생 경로에서 진입 직전 UI로 반드시 사용하는 마지막 스킬. 눈물 한 방울과 함께 기억·감정이 도시 전체로 공명됨. | J35: 연출용+액티브 | K35: 도시 전체 시민 | L35: 죄책감 | M35: 1회 강제 발동 | N35: 단독 희생 엔딩 확정·균열 진입 직전 | O35: 없음 | P35: 0 | Q35: 0 | R35: 피해 없음 | U35: 엔딩 1회 | V35: 0 | W35: 2 | X35: 없음 | Y35: 0 | Z35: 없음 | AA35: 0 | AB35: 눈물 연출 종료·균열 진입 | AC35: SKL-STS-015 | AD35: 공동 진입 엔딩에서는 UI 자체가 나타나지 않음
A36: SKL-PC-032 | B36: 차한해 | C36: 고유 특성 | D36: 112 | E36: 112번 | 다른 측정기로 재측정하고 같은 오류 확인하기 | F36: PC | G36: 무한 선의 | H36: 차한해의 선의 감소 연산을 0으로 고정하고 측정 상한을 반복 초과시키는 태생적 패시브. 전투 행위 자체는 선의 감소 조건이 아님. | J36: 패시브 | K36: 차한해 | M36: 상시 | N36: 차한해 활성 상태 | O36: 없음 | P36: 0 | Q36: 0 | R36: 피해 없음 | U36: 없음 | V36: 0 | W36: 0 | X36: 선의 감소량 | Y36: 0 | Z36: 고정값 | AA36: 0 | AB36: 해제 불가 | AC36: 없음 | AD36: 112번 재측정에서 시스템적으로 확정
A37: SKL-NPC-001 | B37: 한도윤 | C37: 회사 구조 | D37: 186 | E37: 186번 | 구조용 로프 발사기로 한도윤과 회사 직원 대피시키기 | F37: NPC | G37: 찾았어, 여기야! | H37: 한도윤 인연 100%에서 [도와줘!]로 호출되는 지원 행동. 마지막 직원의 위치를 무전과 표식으로 즉시 알려 줌. | J37: 지원+이벤트 | K37: 한도윤 | M37: 연계 호출 | N37: SKL-PC-020 사용·한도윤 인연 100% | O37: 없음 | P37: 0 | Q37: 0 | R37: 피해 없음 | U37: 상황당 1회 | V37: 0 | W37: 0.5 | X37: 탐색 후보 | Y37: -1 | Z37: 구역 | AA37: 0 | AB37: 위치 표식 확인 | AC37: 없음 | AD37: 범용 AI 이동이 아니라 정보 지원
A38: SKL-NPC-002 | B38: 나대진 | C38: 최종 보스 | D38: 287 | E38: 287번 | 차한해에게 연결된 무한대 부담 장치 파괴하기 | F38: NPC | G38: 여기서 받쳐줄게 | H38: 나대진 인연 100%에서 [도와줘!]로 호출되는 원격 지원. 치명 피해 1회를 막고 가장 가까운 부담 장치 1개를 안정화함. | J38: 지원+이벤트 | K38: 나대진 | M38: 연계 호출 | N38: SKL-PC-020 사용·나대진 인연 100% | O38: 없음 | P38: 0 | Q38: 0 | R38: 피해 없음 | U38: 전투당 1회 | V38: 0 | W38: 0.4 | X38: 치명 피해 | Y38: -100 | Z38: % | AA38: 0 | AB38: 지원 1회 소모 | AC38: 없음 | AD38: 270번에서 지원 조건 해금
A39: SKL-STS-001 | B39: 피격 대상 | C39: 공용 상태 | D39: 119 | E39: 최초 호출 | 119번 | F39: 상태/시스템 | G39: 경직 | H39: 일정 시간 대상의 이동·공격 입력 또는 AI 행동을 중단시키는 공용 상태. | J39: 상태이상 | K39: 피격 대상 | L39: 행동 불가 | M39: 연계 호출 | N39: 경직을 부여하는 스킬 적중 | O39: 없음 | P39: 0 | Q39: 0 | R39: 피해 없음 | U39: 없음 | V39: 0 | W39: 0 | X39: 행동 가능 여부 | Y39: -1 | Z39: 상태 | AA39: 1 | AB39: 지속 종료 | AC39: 없음 | AD39: 호출 스킬이 지속 시간을 덮어씀
A40: SKL-STS-002 | B40: 피격 대상 | C40: 공용 상태 | D40: 130 | E40: 최초 호출 | 130번 | F40: 상태/시스템 | G40: 밀려남 | H40: 대상을 공격 방향 반대로 강제 이동시키는 공용 위치 제어 상태. | J40: 상태이상 | K40: 피격 대상 | L40: 강제 이동 | M40: 연계 호출 | N40: 밀치기·돌진·충격파 적중 | O40: 없음 | P40: 0 | Q40: 0 | R40: 피해 없음 | U40: 없음 | V40: 0 | W40: 0 | X40: 위치 이동 | Y40: 1.5 | Z40: 칸 | AA40: 0 | AB40: 이동 완료 | AC40: 없음 | AD40: 보스·고정형 개체는 거리 감소
A41: SKL-STS-003 | B41: 피격 대상 | C41: 공용 상태 | D41: 160 | E41: 최초 호출 | 160번 | F41: 상태/시스템 | G41: 이동 둔화 | H41: 대상의 이동 속도를 일정 시간 낮추는 공용 상태. | J41: 상태이상 | K41: 피격 대상 | L41: 이동 속도 감소 | M41: 연계 호출 | N41: 이동 방해 계열 스킬 적중 | O41: 없음 | P41: 0 | Q41: 0 | R41: 피해 없음 | U41: 없음 | V41: 0 | W41: 0 | X41: 이동 속도 | Y41: -40 | Z41: % | AA41: 3 | AB41: 지속 종료 | AC41: 없음 | AD41: 중첩 시 높은 값 우선
A42: SKL-STS-004 | B42: 시전자·아군 | C42: 공용 상태 | D42: 103 | E42: 최초 호출 | 103번 | F42: 상태/시스템 | G42: 공격 강화 | H42: 몬스터 또는 무리의 공격력을 일정 시간 높이는 공용 강화 상태. | J42: 버프 | K42: 시전자·아군 | M42: 연계 호출 | N42: 강화·가속·구호 계열 스킬 성공 | O42: 없음 | P42: 0 | Q42: 0 | R42: 피해 없음 | U42: 없음 | V42: 0 | W42: 0 | X42: 공격력 | Y42: 20 | Z42: % | AA42: 6 | AB42: 지속 종료 | AC42: 없음 | AD42: 선도체·갈채 계열 공용
A43: SKL-STS-005 | B43: 시전자·아군 | C43: 공용 상태 | D43: 179 | E43: 최초 호출 | 179번 | F43: 상태/시스템 | G43: 보호막 | H43: 일정량의 피해를 본체보다 먼저 흡수하는 공용 방어 상태. | J43: 버프 | K43: 시전자·아군 | M43: 연계 호출 | N43: 보호막·외피 계열 스킬 성공 | O43: 없음 | P43: 0 | Q43: 0 | R43: 피해 없음 | U43: 없음 | V43: 0 | W43: 0 | X43: 보호막 | Y43: 20 | Z43: % | AA43: 6 | AB43: 보호막 소진·지속 종료 | AC43: 없음 | AD43: 최대 HP 비율 기준
A44: SKL-STS-006 | B44: 차한해 | C44: 공용 상태 | D44: 222 | E44: 최초 호출 | 222번 | F44: 상태/시스템 | G44: 방향 혼란 | H44: 플레이어의 이동·전조 방향 정보를 짧게 뒤틀어 판단을 방해하는 상태. | J44: 디버프 | K44: 차한해 | L44: 방향 정보 왜곡 | M44: 연계 호출 | N44: 환각·혼란 계열 스킬 적중 | O44: 없음 | P44: 0 | Q44: 0 | R44: 피해 없음 | U44: 없음 | V44: 0 | W44: 0 | X44: 방향 판독 | Y44: -1 | Z44: 단계 | AA44: 2.5 | AB44: 지속 종료 | AC44: 없음 | AD44: 접근성 설정에서 시각 왜곡 완화 가능
A45: SKL-STS-007 | B45: 대상·위치 | C45: 공용 상태 | D45: 103 | E45: 최초 호출 | 103번 | F45: 상태/시스템 | G45: 표적 지정 | H45: AI가 특정 대상 또는 위치를 우선 목표로 삼도록 바꾸는 공용 상태. | J45: 상태이상 | K45: 대상·위치 | L45: 우선 표적 변경 | M45: 연계 호출 | N45: 지정·호명·유인 계열 스킬 성공 | O45: 없음 | P45: 0 | Q45: 0 | R45: 피해 없음 | U45: 없음 | V45: 0 | W45: 0 | X45: AI 우선순위 | Y45: 1 | Z45: 단계 | AA45: 4 | AB45: 대상 이탈·지속 종료 | AC45: 없음 | AD45: PC 유인과 몬스터 호명 모두 사용
A46: SKL-STS-008 | B46: 연결 대상 | C46: 공용 상태 | D46: 275 | E46: 최초 호출 | 275번 | F46: 상태/시스템 | G46: 피해 전가 | H46: 받을 피해 또는 상태이상을 연결된 다른 대상에게 넘기는 상태. | J46: 상태이상 | K46: 연결 대상 | L46: 피해 이전 | M46: 연계 호출 | N46: 전가 연결 활성 | O46: 없음 | P46: 0 | Q46: 0 | R46: 피해 없음 | U46: 없음 | V46: 0 | W46: 0 | X46: 피해 이전 | Y46: 70 | Z46: % | AA46: 5 | AB46: 연결 해제·대상 소멸 | AC46: 없음 | AD46: 시민 환영 연결은 직접 피해 판정 없음
A47: SKL-STS-009 | B47: 피격 대상 | C47: 공용 상태 | D47: 276 | E47: 최초 호출 | 276번 | F47: 상태/시스템 | G47: 속박 | H47: 이동 또는 특정 행동 입력을 잠시 제한하는 공용 제어 상태. | J47: 상태이상 | K47: 피격 대상 | L47: 이동·행동 제한 | M47: 연계 호출 | N47: 속박·행동 봉쇄 적중 | O47: 없음 | P47: 0 | Q47: 0 | R47: 피해 없음 | U47: 없음 | V47: 0 | W47: 0 | X47: 이동 속도 | Y47: -100 | Z47: % | AA47: 1.5 | AB47: 지속 종료·해제 입력 성공 | AC47: 없음 | AD47: 장비 저항으로 지속시간 감소
A48: SKL-STS-010 | B48: 일반 변이체 | C48: 공용 상태 | E48: 최초 호출 | 141번 | F48: 상태/시스템 | G48: 주의 분산 | H48: 일반 변이체의 표적을 실제 대상에서 소리·빛 발생 지점으로 잠시 바꾸는 상태. | J48: 상태이상 | K48: 일반 변이체 | L48: 표적 전환 | M48: 연계 호출 | N48: [저기 봐!] 발동 | O48: 없음 | P48: 0 | Q48: 0 | R48: 피해 없음 | U48: 없음 | V48: 0 | W48: 0 | X48: 표적 우선순위 | Y48: 1 | Z48: 지점 | AA48: 4 | AB48: 지속 종료·피격 | AC48: 없음 | AD48: 보스 면역
A49: SKL-STS-011 | B49: 차한해 | C49: 첫 힘 발현 | E49: 79번 | 두 눈을 감고 양손으로 괴물을 막기 | F49: 상태/시스템 | G49: 무의식적 선의 폭발 | H49: [펑!]에 의해 호출되어 차한해의 공격력 보정에 +990을 더해 순간 출력 1000을 만드는 일회성 상태. | J49: 버프 | K49: 차한해 | M49: 연계 호출 | N49: SKL-PC-002 발동 | O49: 없음 | P49: 0 | Q49: 0 | R49: 피해 없음 | U49: 없음 | V49: 0 | W49: 0 | X49: 공격력 | Y49: 990 | Z49: + | AA49: 0.8 | AB49: 접촉 판정 완료 | AC49: SKL-STS-012 | AD49: 다음 콘텐츠에서 즉시 0으로 복귀
A50: SKL-STS-012 | B50: 접촉 초기 변이체 | C50: 첫 힘 발현 | E50: 79번 | 두 눈을 감고 양손으로 괴물을 막기 | F50: 상태/시스템 | G50: 접촉 소멸 | H50: 무의식적 선의 폭발 상태에서 초기 변이체가 차한해에게 접촉하면 외피가 먼지처럼 붕괴하는 사건 처리. | J50: 이벤트 | K50: 접촉 초기 변이체 | M50: 연계 호출 | N50: SKL-STS-011 활성·접촉 판정 | O50: 특수 사건 | P50: 0 | Q50: 0 | R50: 스토리 판정 | U50: 없음 | V50: 0 | W50: 0 | X50: 대상 상태 | Y50: -1 | Z50: 개체 | AA50: 0 | AB50: 대상 소멸 완료 | AC50: 없음 | AD50: 일반 전투 처치와 다른 사건 판정
A51: SKL-STS-013 | B51: 차한해 | C51: 심층 탐사 | E51: 249번 | 별을 삼킨 강당가 변혜서임을 확정하고 선의 안정 장치 발동 견디기 | F51: 상태/시스템 | G51: 입력 안정 | H51: 자아마모 수치를 되돌리지 않고 입력 흔들림만 일정 시간 제거하는 보조 상태. | J51: 버프 | K51: 차한해 | M51: 연계 호출 | N51: 선의 안정 장치 자동 발동 | O51: 없음 | P51: 0 | Q51: 0 | R51: 피해 없음 | U51: 없음 | V51: 0 | W51: 0 | X51: 입력 흔들림 | Y51: -100 | Z51: % | AA51: 10 | AB51: 지속 종료 | AC51: 없음 | AD51: 자아마모 수치에는 영향 없음
A52: SKL-STS-014 | B52: 차한해 | C52: 폐교 보스 | E52: 250번 | 안정 앰플로 화면 간섭을 완화하고 변혜서에게 공격 멈추기 | F52: 상태/시스템 | G52: UI 안정 | H52: 자아마모 수치는 유지한 채 화면 노이즈·간섭 강도만 낮추는 상태. | J52: 버프 | K52: 차한해 | M52: 연계 호출 | N52: 안정 앰플 사용 | O52: 없음 | P52: 0 | Q52: 0 | R52: 피해 없음 | U52: 없음 | V52: 0 | W52: 0 | X52: UI 간섭 | Y52: -100 | Z52: % | AA52: 8 | AB52: 지속 종료 | AC52: 없음 | AD52: 게임플레이 가독성 보조
A53: SKL-STS-015 | B53: 도시 전체 시민 | C53: 희생 엔딩 | E53: 296번 | 모두가 각자 가까운 균열로 함께 들어가기 | F53: 상태/시스템 | G53: 죄책감 | H53: [눈물]로 전달된 차한해의 기억과 감정을 도시 시민이 체감하며 스스로 자신의 요구와 방관을 되돌아보게 되는 엔딩 상태. | J53: 상태이상+연출 | K53: 도시 전체 시민 | L53: 기억 회상·후회 대사 플래그 | M53: 연계 호출 | N53: SKL-PC-031 발동 | O53: 없음 | P53: 0 | Q53: 0 | R53: 피해 없음 | U53: 없음 | V53: 0 | W53: 0 | X53: 시민 반응 플래그 | Y53: 1 | Z53: 상태 | AA53: 0 | AB53: 엔딩 종료·후일담 전환 | AC53: 없음 | AD53: 감정 강제 조종이 아니라 기억 공유 후 자발적 죄책감
A54: SKL-STS-016 | B54: 갈채 계열 변이체 | C54: 갈채 계열 | E54: 최초 호출 | 175번 | F54: 상태/시스템 | G54: 갈채 | H54: 박수·카메라·시선이 축적될수록 갈채 계열 변이체의 공격력·보호막이 강화되는 공용 자원 상태. | J54: 버프 | K54: 갈채 계열 변이체 | M54: 연계 호출 | N54: 박수·시선 계열 스킬 성공 | O54: 없음 | P54: 0 | Q54: 0 | R54: 피해 없음 | U54: 없음 | V54: 0 | W54: 0 | X54: 갈채 스택 | Y54: 1 | Z54: 스택 | AA54: 0 | AB54: 카메라 차단·비공개 구조 | AC54: SKL-STS-004 / SKL-STS-005 | AD54: 최대 스택은 보스별 별도 설정
A55: SKL-STS-017 | B55: 차한해 | C55: 최종 균열 | E55: 283번 | 정예 균열 수호체 ‘선의 압류관’과 전투 치르기 | F55: 상태/시스템 | G55: 회복 반전 | H55: 회복 효과가 들어오면 같은 수치의 피해 또는 회복 차단으로 변환되는 정예전 상태. | J55: 디버프 | K55: 차한해 | L55: 회복 반전 | M55: 연계 호출 | N55: 선의 압류관 [회복도 압류] 성공 | O55: 없음 | P55: 0 | Q55: 0 | R55: 피해 없음 | U55: 없음 | V55: 0 | W55: 0 | X55: 회복 효율 | Y55: -200 | Z55: % | AA55: 4 | AB55: 지속 종료·장치 파괴 | AC55: 없음 | AD55: 회복 사용 타이밍을 바꾸는 정예 기믹
A56: SKL-STS-018 | B56: 차한해 | C56: 최종 균열 | E56: 283번 | 정예 균열 수호체 ‘선의 압류관’과 전투 치르기 | F56: 상태/시스템 | G56: 선의 봉쇄 | H56: 차한해의 공명·회복 관련 보조 효과를 일정 시간 봉쇄하는 정예전 상태. | J56: 디버프 | K56: 차한해 | L56: 공명 보조 봉쇄 | M56: 연계 호출 | N56: 선의 압류관 [선의 압류] 성공 | O56: 없음 | P56: 0 | Q56: 0 | R56: 피해 없음 | U56: 없음 | V56: 0 | W56: 0 | X56: 공명 보조 사용 | Y56: -1 | Z56: 상태 | AA56: 5 | AB56: 봉쇄 장치 파괴·지속 종료 | AC56: 없음 | AD56: 무한 선의 자체는 감소시키지 않음
A57: SKL-STS-019 | B57: 전장 대상 | C57: 최종 보스 | E57: 285번 | 너만 무한이잖아의 등급 배정 규칙 무효화하기 | F57: 상태/시스템 | G57: 등급 표식 | H57: 너만 무한이잖아가 행동과 무관하게 대상에게 등급을 부여해 공격 우선순위를 강제하는 보스 규칙 상태. | J57: 상태이상 | K57: 전장 대상 | L57: 등급 부여 | M57: 연계 호출 | N57: [등급부터 매길게.] 성공 | O57: 없음 | P57: 0 | Q57: 0 | R57: 피해 없음 | U57: 없음 | V57: 0 | W57: 0 | X57: 우선순위 | Y57: 1 | Z57: 등급 | AA57: 0 | AB57: [등급? 됐거든.] 성공·장치 파괴 | AC57: 없음 | AD57: 등급의 부당함을 시스템 규칙으로 표현
A58: SKL-STS-020 | B58: 차한해 | C58: 최종 보스 | E58: 284번 | 중심 섬의 너만 무한이잖아와 마주하기 | F58: 상태/시스템 | G58: 희생 표식 | H58: 특정 1인을 희생 우선 대상으로 지정해 주변 공격·밀치기 AI가 해당 대상에 집중되도록 만드는 상태. | J58: 상태이상 | K58: 차한해 | L58: 희생 우선순위 | M58: 연계 호출 | N58: 희생·선동 계열 스킬 성공 | O58: 없음 | P58: 0 | Q58: 0 | R58: 피해 없음 | U58: 없음 | V58: 0 | W58: 0 | X58: AI 우선순위 | Y58: 2 | Z58: 단계 | AA58: 5 | AB58: 표식 해제·지속 종료 | AC58: 없음 | AD58: 최종부 선도체와 보스가 공유
A59: SKL-MON-001 | B59: 보라멍울 | C59: 3 | 선택된 선의 · 3-B | 대피 경로 | E59: 74번 | 아파트 계단으로 이동하며 ‘보라멍울’를 피해 숨기 | F59: 몬스터 | G59: 슥, 긁기 | H59: 근거리 전방을 긁어 기본 피해를 줌. | J59: 액티브 | K59: 보라멍울 | M59: AI 가중치 | N59: 사거리·페이즈·주변 상황 조건 충족 | O59: 몬스터 최종 공격력 비율 | P59: 0.95 | Q59: 0 | R59: 몬스터 최종 공격력 × 95% | S59: 5.5 | T59: 0.7 | U59: 개별 | V59: 4 | W59: 0.55 | X59: 없음 | Y59: 0 | Z59: 없음 | AA59: 0 | AB59: 시전 종료 | AC59: 없음 | AD59: 기능 원형: 느린 할퀴기 · 몬스터 시트 발동률 70%와 동기화
A60: SKL-MON-002 | B60: 보라멍울 | C60: 3 | 선택된 선의 · 3-B | 대피 경로 | E60: 74번 | 아파트 계단으로 이동하며 ‘보라멍울’를 피해 숨기 | F60: 몬스터 | G60: 꿈틀꿈틀 | H60: '비틀거리며 접근' 행동을 수행해 위치·전투 리듬을 변화시킴. | J60: 액티브 | K60: 보라멍울 | M60: AI 가중치 | N60: 사거리·페이즈·주변 상황 조건 충족 | O60: 없음 | P60: 0 | Q60: 0 | R60: 피해 없음 | S60: 6.2 | T60: 0.3 | U60: 개별 | V60: 4.7 | W60: 0.55 | X60: 없음 | Y60: 0 | Z60: 없음 | AA60: 0 | AB60: 시전 종료 | AC60: 없음 | AD60: 기능 원형: 비틀거리며 접근 · 몬스터 시트 발동률 30%와 동기화
A61: SKL-MON-003 | B61: 문틈젤리 | C61: 3 | 선택된 선의 · 3-B | 아파트 대피·첫 힘 | E61: 78번 | 문틈젤리와 정면으로 마주치기 | F61: 몬스터 | G61: 문 열면 나와! | H61: '갑작스러운 덮치기' 행동을 수행해 위치·전투 리듬을 변화시킴. | J61: 액티브 | K61: 문틈젤리 | M61: AI 가중치 | N61: 사거리·페이즈·주변 상황 조건 충족 | O61: 몬스터 최종 공격력 비율 | P61: 1 | Q61: 0 | R61: 몬스터 최종 공격력 × 100% | S61: 5.5 | T61: 0.45 | U61: 개별 | V61: 4 | W61: 0.55 | X61: 없음 | Y61: 0 | Z61: 없음 | AA61: 0 | AB61: 시전 종료 | AC61: 없음 | AD61: 기능 원형: 갑작스러운 덮치기 · 몬스터 시트 발동률 45%와 동기화
A62: SKL-MON-004 | B62: 문틈젤리 | C62: 3 | 선택된 선의 · 3-B | 아파트 대피·첫 힘 | E62: 78번 | 문틈젤리와 정면으로 마주치기 | F62: 몬스터 | G62: 여긴 내 틈 | H62: '문 앞 버티기' 행동을 수행해 위치·전투 리듬을 변화시킴. | J62: 액티브 | K62: 문틈젤리 | M62: AI 가중치 | N62: 사거리·페이즈·주변 상황 조건 충족 | O62: 없음 | P62: 0 | Q62: 0 | R62: 피해 없음 | S62: 6.2 | T62: 0.35 | U62: 개별 | V62: 4.7 | W62: 0.55 | X62: 없음 | Y62: 0 | Z62: 없음 | AA62: 0 | AB62: 시전 종료 | AC62: 없음 | AD62: 기능 원형: 문 앞 버티기 · 몬스터 시트 발동률 35%와 동기화
A63: SKL-MON-005 | B63: 문틈젤리 | C63: 3 | 선택된 선의 · 3-B | 아파트 대피·첫 힘 | E63: 78번 | 문틈젤리와 정면으로 마주치기 | F63: 몬스터 | G63: 쭈욱! | H63: '고개 들기' 행동을 수행해 위치·전투 리듬을 변화시킴. | J63: 액티브 | K63: 문틈젤리 | M63: AI 가중치 | N63: 사거리·페이즈·주변 상황 조건 충족 | O63: 없음 | P63: 0 | Q63: 0 | R63: 피해 없음 | S63: 6.9 | T63: 0.2 | U63: 개별 | V63: 5.4 | W63: 0.55 | X63: 없음 | Y63: 0 | Z63: 없음 | AA63: 0 | AB63: 시전 종료 | AC63: 없음 | AD63: 기능 원형: 고개 들기 · 몬스터 시트 발동률 20%와 동기화
A64: SKL-MON-006 | B64: 질질핵 | C64: 3 | 선택된 선의 · 3-B | 대피 경로 | E64: 83번 | 질질핵를 우회해 안전 구역으로 이동하기 | F64: 몬스터 | G64: 쿵. | H64: 전방 바닥을 강하게 내려찍어 충격 피해를 줌. | J64: 액티브 | K64: 질질핵 | M64: AI 가중치 | N64: 사거리·페이즈·주변 상황 조건 충족 | O64: 몬스터 최종 공격력 비율 | P64: 1.2 | Q64: 0 | R64: 몬스터 최종 공격력 × 120% | S64: 5.5 | T64: 0.6 | U64: 개별 | V64: 4 | W64: 0.55 | X64: 없음 | Y64: 0 | Z64: 없음 | AA64: 0 | AB64: 시전 종료 | AC64: 없음 | AD64: 기능 원형: 몸통 내려찍기 · 몬스터 시트 발동률 60%와 동기화
A65: SKL-MON-007 | B65: 질질핵 | C65: 3 | 선택된 선의 · 3-B | 대피 경로 | E65: 83번 | 질질핵를 우회해 안전 구역으로 이동하기 | F65: 몬스터 | G65: 질질질… | H65: '느린 추격' 행동을 수행해 위치·전투 리듬을 변화시킴. | J65: 액티브 | K65: 질질핵 | M65: AI 가중치 | N65: 사거리·페이즈·주변 상황 조건 충족 | O65: 없음 | P65: 0 | Q65: 0 | R65: 피해 없음 | S65: 6.2 | T65: 0.4 | U65: 개별 | V65: 4.7 | W65: 0.55 | X65: 없음 | Y65: 0 | Z65: 없음 | AA65: 0 | AB65: 시전 종료 | AC65: 없음 | AD65: 기능 원형: 느린 추격 · 몬스터 시트 발동률 40%와 동기화
A66: SKL-MON-008 | B66: 울음주머니 | C66: 3 | 선택된 선의 · 3-B | 대피 경로 | E66: 84번 | 울음주머니의 울음 파동을 피해 새벽 괴물 습격 구간 벗어나기 | F66: 몬스터 | G66: 으아앙— | H66: '울음 파동' 행동을 수행해 위치·전투 리듬을 변화시킴. | J66: 액티브 | K66: 울음주머니 | M66: AI 가중치 | N66: 사거리·페이즈·주변 상황 조건 충족 | O66: 몬스터 최종 공격력 비율 | P66: 1 | Q66: 0 | R66: 몬스터 최종 공격력 × 100% | S66: 5.5 | T66: 0.45 | U66: 개별 | V66: 4 | W66: 0.55 | X66: 없음 | Y66: 0 | Z66: 없음 | AA66: 0 | AB66: 시전 종료 | AC66: 없음 | AD66: 기능 원형: 울음 파동 · 몬스터 시트 발동률 45%와 동기화
A67: SKL-MON-009 | B67: 울음주머니 | C67: 3 | 선택된 선의 · 3-B | 대피 경로 | E67: 84번 | 울음주머니의 울음 파동을 피해 새벽 괴물 습격 구간 벗어나기 | F67: 몬스터 | G67: 가까이 오지 마 | H67: '뒤로 물러나기' 행동을 수행해 위치·전투 리듬을 변화시킴. | J67: 액티브 | K67: 울음주머니 | M67: AI 가중치 | N67: 사거리·페이즈·주변 상황 조건 충족 | O67: 없음 | P67: 0 | Q67: 0 | R67: 피해 없음 | S67: 6.2 | T67: 0.35 | U67: 개별 | V67: 4.7 | W67: 0.55 | X67: 없음 | Y67: 0 | Z67: 없음 | AA67: 0 | AB67: 시전 종료 | AC67: 없음 | AD67: 기능 원형: 뒤로 물러나기 · 몬스터 시트 발동률 35%와 동기화
A68: SKL-MON-010 | B68: 울음주머니 | C68: 3 | 선택된 선의 · 3-B | 대피 경로 | E68: 84번 | 울음주머니의 울음 파동을 피해 새벽 괴물 습격 구간 벗어나기 | F68: 몬스터 | G68: 숨 한번 | H68: 정해진 감지 행동으로 주변을 탐색하며 플레이어 발견 여부에 따라 다음 행동을 바꿈. | J68: AI 행동 | K68: 울음주머니 | M68: AI 가중치 | N68: 사거리·페이즈·주변 상황 조건 충족 | O68: 없음 | P68: 0 | Q68: 0 | R68: 피해 없음 | S68: 6.9 | T68: 0.2 | U68: 개별 | V68: 5.4 | W68: 0.55 | X68: 감지 우선순위 | Y68: 1 | Z68: 단계 | AA68: 0 | AB68: 시전 종료 | AC68: 없음 | AD68: 기능 원형: 멈춰 서기 · 몬스터 시트 발동률 20%와 동기화
A69: SKL-MON-011 | B69: 길치섬모 | C69: 3 | 선택된 선의 · 3-B | 대피 경로 | E69: 85번 | 길치섬모의 배회 경로를 피해 한도윤과 합류하기 | F69: 몬스터 | G69: 어디였지? | H69: 정해진 감지 행동으로 주변을 탐색하며 플레이어 발견 여부에 따라 다음 행동을 바꿈. | J69: AI 행동 | K69: 길치섬모 | M69: AI 가중치 | N69: 사거리·페이즈·주변 상황 조건 충족 | O69: 없음 | P69: 0 | Q69: 0 | R69: 피해 없음 | S69: 5.5 | T69: 0.55 | U69: 개별 | V69: 4 | W69: 0.55 | X69: 감지 우선순위 | Y69: 1 | Z69: 단계 | AA69: 0 | AB69: 시전 종료 | AC69: 없음 | AD69: 기능 원형: 배회 · 몬스터 시트 발동률 55%와 동기화
A70: SKL-MON-012 | B70: 길치섬모 | C70: 3 | 선택된 선의 · 3-B | 대피 경로 | E70: 85번 | 길치섬모의 배회 경로를 피해 한도윤과 합류하기 | F70: 몬스터 | G70: 아, 비켜! | H70: 몸체·집게·외피로 목표를 밀어 안전 위치에서 벗어나게 함. | J70: 액티브 | K70: 길치섬모 | L70: 밀려남 1.5칸 | M70: AI 가중치 | N70: 사거리·페이즈·주변 상황 조건 충족 | O70: 몬스터 최종 공격력 비율 | P70: 0.75 | Q70: 0 | R70: 몬스터 최종 공격력 × 75% | S70: 6.2 | T70: 0.3 | U70: 개별 | V70: 4.7 | W70: 0.55 | X70: 없음 | Y70: 0 | Z70: 없음 | AA70: 0 | AB70: 시전 종료 | AC70: SKL-STS-002 | AD70: 기능 원형: 짧은 밀치기 · 몬스터 시트 발동률 30%와 동기화
A71: SKL-MON-013 | B71: 길치섬모 | C71: 3 | 선택된 선의 · 3-B | 대피 경로 | E71: 85번 | 길치섬모의 배회 경로를 피해 한도윤과 합류하기 | F71: 몬스터 | G71: 여기 맞나? | H71: 정해진 감지 행동으로 주변을 탐색하며 플레이어 발견 여부에 따라 다음 행동을 바꿈. | J71: AI 행동 | K71: 길치섬모 | M71: AI 가중치 | N71: 사거리·페이즈·주변 상황 조건 충족 | O71: 없음 | P71: 0 | Q71: 0 | R71: 피해 없음 | S71: 6.9 | T71: 0.15 | U71: 개별 | V71: 5.4 | W71: 0.55 | X71: 감지 우선순위 | Y71: 1 | Z71: 단계 | AA71: 0 | AB71: 시전 종료 | AC71: 없음 | AD71: 기능 원형: 주변 살피기 · 몬스터 시트 발동률 15%와 동기화
A72: SKL-MON-014 | B72: 쫓쫓해삼 | C72: 3 | 선택된 선의 · 3-D | 대피소 가족 심부름 | E72: 97번 | 쫓쫓해삼와 싸우는 고등급자 곁을 지나 따뜻한 음식 구해오기 | F72: 몬스터 | G72: 잡았다, 또! | H72: 근거리 전방을 긁어 기본 피해를 줌. | J72: 액티브 | K72: 쫓쫓해삼 | M72: AI 가중치 | N72: 사거리·페이즈·주변 상황 조건 충족 | O72: 몬스터 최종 공격력 비율 | P72: 1.1 | Q72: 0 | R72: 몬스터 최종 공격력 × 110% | S72: 5 | T72: 0.45 | U72: 개별 | V72: 3.5 | W72: 0.55 | X72: 없음 | Y72: 0 | Z72: 없음 | AA72: 0 | AB72: 시전 종료 | AC72: 없음 | AD72: 기능 원형: 연속 할퀴기 · 몬스터 시트 발동률 45%와 동기화
A73: SKL-MON-015 | B73: 쫓쫓해삼 | C73: 3 | 선택된 선의 · 3-D | 대피소 가족 심부름 | E73: 97번 | 쫓쫓해삼와 싸우는 고등급자 곁을 지나 따뜻한 음식 구해오기 | F73: 몬스터 | G73: 쫓아간다! | H73: 직선 전조 후 목표 방향으로 빠르게 돌진해 경로상의 대상을 압박함. | J73: 액티브 | K73: 쫓쫓해삼 | L73: 밀려남 1.5칸 | M73: AI 가중치 | N73: 사거리·페이즈·주변 상황 조건 충족 | O73: 몬스터 최종 공격력 비율 | P73: 1.15 | Q73: 0 | R73: 몬스터 최종 공격력 × 115% | S73: 5.7 | T73: 0.35 | U73: 개별 | V73: 4.2 | W73: 0.55 | X73: 없음 | Y73: 0 | Z73: 없음 | AA73: 0 | AB73: 시전 종료 | AC73: SKL-STS-002 | AD73: 기능 원형: 추격 돌진 · 몬스터 시트 발동률 35%와 동기화
A74: SKL-MON-016 | B74: 쫓쫓해삼 | C74: 3 | 선택된 선의 · 3-D | 대피소 가족 심부름 | E74: 97번 | 쫓쫓해삼와 싸우는 고등급자 곁을 지나 따뜻한 음식 구해오기 | F74: 몬스터 | G74: 너 말고 너! | H74: '목표 전환' 행동을 수행해 위치·전투 리듬을 변화시킴. | J74: 액티브 | K74: 쫓쫓해삼 | M74: AI 가중치 | N74: 사거리·페이즈·주변 상황 조건 충족 | O74: 없음 | P74: 0 | Q74: 0 | R74: 피해 없음 | S74: 6.4 | T74: 0.2 | U74: 개별 | V74: 4.9 | W74: 0.55 | X74: 없음 | Y74: 0 | Z74: 없음 | AA74: 0 | AB74: 시전 종료 | AC74: 없음 | AD74: 기능 원형: 목표 전환 · 몬스터 시트 발동률 20%와 동기화
A75: SKL-MON-017 | B75: 길막말미잘 | C75: 3 | 선택된 선의 · 3-D | 대피소 보급로·약주머니 서브 | E75: 98번 | 길막말미잘가 점거한 보급로에서 노인의 약주머니 찾아주기 | F75: 몬스터 | G75: 여기 못 지나가 | H75: 몸체·집게·외피로 목표를 밀어 안전 위치에서 벗어나게 함. | J75: 액티브 | K75: 길막말미잘 | L75: 밀려남 1.5칸 | M75: AI 가중치 | N75: 사거리·페이즈·주변 상황 조건 충족 | O75: 몬스터 최종 공격력 비율 | P75: 0.75 | Q75: 0 | R75: 몬스터 최종 공격력 × 75% | S75: 5 | T75: 0.5 | U75: 개별 | V75: 3.5 | W75: 0.55 | X75: 없음 | Y75: 0 | Z75: 없음 | AA75: 0 | AB75: 시전 종료 | AC75: SKL-STS-002 | AD75: 기능 원형: 통로 밀치기 · 몬스터 시트 발동률 50%와 동기화
A76: SKL-MON-018 | B76: 길막말미잘 | C76: 3 | 선택된 선의 · 3-D | 대피소 보급로·약주머니 서브 | E76: 98번 | 길막말미잘가 점거한 보급로에서 노인의 약주머니 찾아주기 | F76: 몬스터 | G76: 길막 완료 | H76: 통로·출구·안전 위치를 점유하거나 닫아 플레이어의 이동 선택지를 줄임. | J76: 액티브 | K76: 길막말미잘 | L76: 이동 경로 제한 | M76: AI 가중치 | N76: 사거리·페이즈·주변 상황 조건 충족 | O76: 없음 | P76: 0 | Q76: 0 | R76: 피해 없음 | S76: 5.7 | T76: 0.3 | U76: 개별 | V76: 4.2 | W76: 0.55 | X76: 이동 가능 경로 | Y76: -1 | Z76: 개 | AA76: 4 | AB76: 지속 종료 | AC76: 없음 | AD76: 기능 원형: 앞길 막기 · 몬스터 시트 발동률 30%와 동기화
A77: SKL-MON-019 | B77: 길막말미잘 | C77: 3 | 선택된 선의 · 3-D | 대피소 보급로·약주머니 서브 | E77: 98번 | 길막말미잘가 점거한 보급로에서 노인의 약주머니 찾아주기 | F77: 몬스터 | G77: 툭! | H77: 주변 또는 전방으로 충격파를 퍼뜨려 피해와 위치 흔들림을 줌. | J77: 액티브 | K77: 길막말미잘 | L77: 밀려남 1칸 | M77: AI 가중치 | N77: 사거리·페이즈·주변 상황 조건 충족 | O77: 몬스터 최종 공격력 비율 | P77: 0.85 | Q77: 0 | R77: 몬스터 최종 공격력 × 85% | S77: 6.4 | T77: 0.2 | U77: 개별 | V77: 4.9 | W77: 0.55 | X77: 없음 | Y77: 0 | Z77: 없음 | AA77: 0 | AB77: 시전 종료 | AC77: SKL-STS-002 | AD77: 기능 원형: 짧은 충격파 · 몬스터 시트 발동률 20%와 동기화
A78: SKL-MON-020 | B78: 엉킨세포군 | C78: 3 | 선택된 선의 · 3-D | 대피소 가족 심부름 | E78: 100번 | 엉킨세포군의 공격 범위를 피해 아파트에서 토퍼와 생활용품 챙기기 | F78: 몬스터 | G78: 셋이서 빙글 | H78: 넓은 전방 범위를 한 번에 휩쓸어 여러 대상을 압박함. | J78: 액티브 | K78: 엉킨세포군 | M78: AI 가중치 | N78: 사거리·페이즈·주변 상황 조건 충족 | O78: 몬스터 최종 공격력 비율 | P78: 1.1 | Q78: 0 | R78: 몬스터 최종 공격력 × 110% | S78: 6.5 | T78: 0.4 | U78: 개별 | V78: 5 | W78: 0.65 | X78: 없음 | Y78: 0 | Z78: 없음 | AA78: 0 | AB78: 시전 종료 | AC78: 없음 | AD78: 기능 원형: 회전 휩쓸기 · 몬스터 시트 발동률 40%와 동기화
A79: SKL-MON-021 | B79: 엉킨세포군 | C79: 3 | 선택된 선의 · 3-D | 대피소 가족 심부름 | E79: 100번 | 엉킨세포군의 공격 범위를 피해 아파트에서 토퍼와 생활용품 챙기기 | F79: 몬스터 | G79: 한꺼번에 쿵 | H79: 전방 바닥을 강하게 내려찍어 충격 피해를 줌. | J79: 액티브 | K79: 엉킨세포군 | M79: AI 가중치 | N79: 사거리·페이즈·주변 상황 조건 충족 | O79: 몬스터 최종 공격력 비율 | P79: 1.2 | Q79: 0 | R79: 몬스터 최종 공격력 × 120% | S79: 7.2 | T79: 0.3 | U79: 개별 | V79: 5.7 | W79: 0.65 | X79: 없음 | Y79: 0 | Z79: 없음 | AA79: 0 | AB79: 시전 종료 | AC79: 없음 | AD79: 기능 원형: 다중 내려찍기 · 몬스터 시트 발동률 30%와 동기화
A80: SKL-MON-022 | B80: 엉킨세포군 | C80: 3 | 선택된 선의 · 3-D | 대피소 가족 심부름 | E80: 100번 | 엉킨세포군의 공격 범위를 피해 아파트에서 토퍼와 생활용품 챙기기 | F80: 몬스터 | G80: 방향은 모르겠고! | H80: 직선 전조 후 목표 방향으로 빠르게 돌진해 경로상의 대상을 압박함. | J80: 액티브 | K80: 엉킨세포군 | L80: 밀려남 1.5칸 | M80: AI 가중치 | N80: 사거리·페이즈·주변 상황 조건 충족 | O80: 몬스터 최종 공격력 비율 | P80: 1.15 | Q80: 0 | R80: 몬스터 최종 공격력 × 115% | S80: 7.9 | T80: 0.2 | U80: 개별 | V80: 6.4 | W80: 0.65 | X80: 없음 | Y80: 0 | Z80: 없음 | AA80: 0 | AB80: 시전 종료 | AC80: SKL-STS-002 | AD80: 기능 원형: 비틀린 돌진 · 몬스터 시트 발동률 20%와 동기화
A81: SKL-MON-023 | B81: 엉킨세포군 | C81: 3 | 선택된 선의 · 3-D | 대피소 가족 심부름 | E81: 100번 | 엉킨세포군의 공격 범위를 피해 아파트에서 토퍼와 생활용품 챙기기 | F81: 몬스터 | G81: 엉켜서 딱! | H81: '경직' 행동을 수행해 위치·전투 리듬을 변화시킴. | J81: 액티브 | K81: 엉킨세포군 | M81: AI 가중치 | N81: 사거리·페이즈·주변 상황 조건 충족 | O81: 없음 | P81: 0 | Q81: 0 | R81: 피해 없음 | S81: 8.6 | T81: 0.1 | U81: 개별 | V81: 7.1 | W81: 0.65 | X81: 없음 | Y81: 0 | Z81: 없음 | AA81: 0 | AB81: 시전 종료 | AC81: 없음 | AD81: 기능 원형: 경직 · 몬스터 시트 발동률 10%와 동기화
A82: SKL-MON-024 | B82: 대장촉수 | C82: 3 | 선택된 선의 · 3-D | 대피소 가족 심부름 | E82: 103번 | 대장촉수의 습격으로 지연되어 선의 수치 측정 마감 놓치기 | F82: 몬스터 | G82: 너부터! | H82: 특정 대상이나 위치에 표식을 남겨 무리의 공격 우선순위를 집중시킴. | J82: 액티브 | K82: 대장촉수 | L82: 표적 지정 | M82: AI 가중치 | N82: 사거리·페이즈·주변 상황 조건 충족 | O82: 없음 | P82: 0 | Q82: 0 | R82: 피해 없음 | S82: 7 | T82: 0.3 | U82: 개별 | V82: 5.5 | W82: 0.75 | X82: AI 우선순위 | Y82: 1 | Z82: 단계 | AA82: 4 | AB82: 지속 종료 | AC82: SKL-STS-007 | AD82: 기능 원형: 표적 지정 · 몬스터 시트 발동률 30%와 동기화
A83: SKL-MON-025 | B83: 대장촉수 | C83: 3 | 선택된 선의 · 3-D | 대피소 가족 심부름 | E83: 103번 | 대장촉수의 습격으로 지연되어 선의 수치 측정 마감 놓치기 | F83: 몬스터 | G83: 다 같이 가! | H83: '부하 돌격 명령' 행동을 수행해 위치·전투 리듬을 변화시킴. | J83: 액티브 | K83: 대장촉수 | M83: AI 가중치 | N83: 사거리·페이즈·주변 상황 조건 충족 | O83: 없음 | P83: 0 | Q83: 0 | R83: 피해 없음 | S83: 7.7 | T83: 0.3 | U83: 개별 | V83: 6.2 | W83: 0.75 | X83: 없음 | Y83: 0 | Z83: 없음 | AA83: 0 | AB83: 시전 종료 | AC83: 없음 | AD83: 기능 원형: 부하 돌격 명령 · 몬스터 시트 발동률 30%와 동기화
A84: SKL-MON-026 | B84: 대장촉수 | C84: 3 | 선택된 선의 · 3-D | 대피소 가족 심부름 | E84: 103번 | 대장촉수의 습격으로 지연되어 선의 수치 측정 마감 놓치기 | F84: 몬스터 | G84: 빨리빨리! | H84: 주변 아군의 전투 리듬을 끌어올려 공격 성능을 일정 시간 강화함. | J84: 액티브 | K84: 대장촉수 | M84: AI 가중치 | N84: 사거리·페이즈·주변 상황 조건 충족 | O84: 없음 | P84: 0 | Q84: 0 | R84: 피해 없음 | S84: 8.4 | T84: 0.25 | U84: 개별 | V84: 6.9 | W84: 0.75 | X84: 공격력 | Y84: 20 | Z84: % | AA84: 6 | AB84: 지속 종료 | AC84: SKL-STS-004 | AD84: 기능 원형: 무리 가속 · 몬스터 시트 발동률 25%와 동기화
A85: SKL-MON-027 | B85: 대장촉수 | C85: 3 | 선택된 선의 · 3-D | 대피소 가족 심부름 | E85: 103번 | 대장촉수의 습격으로 지연되어 선의 수치 측정 마감 놓치기 | F85: 몬스터 | G85: 내가 간다 | H85: 근거리 목표를 반복 또는 단발로 직접 타격함. | J85: 액티브 | K85: 대장촉수 | M85: AI 가중치 | N85: 사거리·페이즈·주변 상황 조건 충족 | O85: 몬스터 최종 공격력 비율 | P85: 1.05 | Q85: 0 | R85: 몬스터 최종 공격력 × 105% | S85: 9.1 | T85: 0.15 | U85: 개별 | V85: 7.6 | W85: 0.75 | X85: 없음 | Y85: 0 | Z85: 없음 | AA85: 0 | AB85: 시전 종료 | AC85: 없음 | AD85: 기능 원형: 직접 타격 · 몬스터 시트 발동률 15%와 동기화
A86: SKL-MON-028 | B86: 똑똑소라 | C86: 4 | 영웅의 시작 · 4-B | 도심 공동 구조 | E86: 125번 | 관리국 무전 이어피스로 똑똑소라의 공격 예고 신호 파악하기 | F86: 몬스터 | G86: 똑똑똑! | H86: '문 두드리기' 행동을 수행해 위치·전투 리듬을 변화시킴. | J86: 액티브 | K86: 똑똑소라 | M86: AI 가중치 | N86: 사거리·페이즈·주변 상황 조건 충족 | O86: 없음 | P86: 0 | Q86: 0 | R86: 피해 없음 | S86: 5 | T86: 0.4 | U86: 개별 | V86: 3.5 | W86: 0.55 | X86: 없음 | Y86: 0 | Z86: 없음 | AA86: 0 | AB86: 시전 종료 | AC86: 없음 | AD86: 기능 원형: 문 두드리기 · 몬스터 시트 발동률 40%와 동기화
A87: SKL-MON-029 | B87: 똑똑소라 | C87: 4 | 영웅의 시작 · 4-B | 도심 공동 구조 | E87: 125번 | 관리국 무전 이어피스로 똑똑소라의 공격 예고 신호 파악하기 | F87: 몬스터 | G87: 문 좀 열어! | H87: 근거리 목표를 반복 또는 단발로 직접 타격함. | J87: 액티브 | K87: 똑똑소라 | M87: AI 가중치 | N87: 사거리·페이즈·주변 상황 조건 충족 | O87: 몬스터 최종 공격력 비율 | P87: 1.2 | Q87: 0 | R87: 몬스터 최종 공격력 × 120% | S87: 5.7 | T87: 0.35 | U87: 개별 | V87: 4.2 | W87: 0.55 | X87: 없음 | Y87: 0 | Z87: 없음 | AA87: 0 | AB87: 시전 종료 | AC87: 없음 | AD87: 기능 원형: 연속 주먹질 · 몬스터 시트 발동률 35%와 동기화
A88: SKL-MON-030 | B88: 똑똑소라 | C88: 4 | 영웅의 시작 · 4-B | 도심 공동 구조 | E88: 125번 | 관리국 무전 이어피스로 똑똑소라의 공격 예고 신호 파악하기 | F88: 몬스터 | G88: 다음 문! | H88: '목표 전환' 행동을 수행해 위치·전투 리듬을 변화시킴. | J88: 액티브 | K88: 똑똑소라 | M88: AI 가중치 | N88: 사거리·페이즈·주변 상황 조건 충족 | O88: 없음 | P88: 0 | Q88: 0 | R88: 피해 없음 | S88: 6.4 | T88: 0.25 | U88: 개별 | V88: 4.9 | W88: 0.55 | X88: 없음 | Y88: 0 | Z88: 없음 | AA88: 0 | AB88: 시전 종료 | AC88: 없음 | AD88: 기능 원형: 목표 전환 · 몬스터 시트 발동률 25%와 동기화
A89: SKL-MON-031 | B89: 문틈새우 | C89: 4 | 영웅의 시작 · 4-B | 도심 공동 구조 | E89: 126번 | 문틈새우의 후방 기습을 피하고 반격 타이밍 맞추기 | F89: 몬스터 | G89: 쏙! | H89: '틈새 이동' 행동을 수행해 위치·전투 리듬을 변화시킴. | J89: 액티브 | K89: 문틈새우 | M89: AI 가중치 | N89: 사거리·페이즈·주변 상황 조건 충족 | O89: 없음 | P89: 0 | Q89: 0 | R89: 피해 없음 | S89: 5 | T89: 0.35 | U89: 개별 | V89: 3.5 | W89: 0.55 | X89: 없음 | Y89: 0 | Z89: 없음 | AA89: 0 | AB89: 시전 종료 | AC89: 없음 | AD89: 기능 원형: 틈새 이동 · 몬스터 시트 발동률 35%와 동기화
A90: SKL-MON-032 | B90: 문틈새우 | C90: 4 | 영웅의 시작 · 4-B | 도심 공동 구조 | E90: 126번 | 문틈새우의 후방 기습을 피하고 반격 타이밍 맞추기 | F90: 몬스터 | G90: 뒤에 있다! | H90: 가느다란 공격 기관으로 빈틈을 찔러 높은 단일 피해를 줌. | J90: 액티브 | K90: 문틈새우 | M90: AI 가중치 | N90: 사거리·페이즈·주변 상황 조건 충족 | O90: 몬스터 최종 공격력 비율 | P90: 1.25 | Q90: 0 | R90: 몬스터 최종 공격력 × 125% | S90: 5.7 | T90: 0.4 | U90: 개별 | V90: 4.2 | W90: 0.55 | X90: 없음 | Y90: 0 | Z90: 없음 | AA90: 0 | AB90: 시전 종료 | AC90: 없음 | AD90: 기능 원형: 후방 찌르기 · 몬스터 시트 발동률 40%와 동기화
A91: SKL-MON-033 | B91: 문틈새우 | C91: 4 | 영웅의 시작 · 4-B | 도심 공동 구조 | E91: 126번 | 문틈새우의 후방 기습을 피하고 반격 타이밍 맞추기 | F91: 몬스터 | G91: 쏙 빠지기 | H91: 공격 후 거리를 벌리거나 사각으로 이동해 다음 공격 위치를 다시 잡음. | J91: 액티브 | K91: 문틈새우 | M91: AI 가중치 | N91: 사거리·페이즈·주변 상황 조건 충족 | O91: 없음 | P91: 0 | Q91: 0 | R91: 피해 없음 | S91: 6.4 | T91: 0.25 | U91: 개별 | V91: 4.9 | W91: 0.55 | X91: 이동 위치 | Y91: 1 | Z91: 지점 | AA91: 0 | AB91: 시전 종료 | AC91: 없음 | AD91: 기능 원형: 빠른 이탈 · 몬스터 시트 발동률 25%와 동기화
A92: SKL-MON-034 | B92: 밖으로 나가재 | C92: 4 | 영웅의 시작 · 4-B | 도심 공동 구조 | E92: 130번 | 보랏빛 철봉으로 밖으로 나가재 제압하기 | F92: 몬스터 | G92: 나가! | H92: 몸체·집게·외피로 목표를 밀어 안전 위치에서 벗어나게 함. | J92: 액티브 | K92: 밖으로 나가재 | L92: 밀려남 1.5칸 | M92: AI 가중치 | N92: 사거리·페이즈·주변 상황 조건 충족 | O92: 몬스터 최종 공격력 비율 | P92: 0.75 | Q92: 0 | R92: 몬스터 최종 공격력 × 75% | S92: 5 | T92: 0.5 | U92: 개별 | V92: 3.5 | W92: 0.55 | X92: 없음 | Y92: 0 | Z92: 없음 | AA92: 0 | AB92: 시전 종료 | AC92: SKL-STS-002 | AD92: 기능 원형: 강제 밀치기 · 몬스터 시트 발동률 50%와 동기화
A93: SKL-MON-035 | B93: 밖으로 나가재 | C93: 4 | 영웅의 시작 · 4-B | 도심 공동 구조 | E93: 130번 | 보랏빛 철봉으로 밖으로 나가재 제압하기 | F93: 몬스터 | G93: 출구는 내 자리 | H93: 통로·출구·안전 위치를 점유하거나 닫아 플레이어의 이동 선택지를 줄임. | J93: 액티브 | K93: 밖으로 나가재 | L93: 이동 경로 제한 | M93: AI 가중치 | N93: 사거리·페이즈·주변 상황 조건 충족 | O93: 없음 | P93: 0 | Q93: 0 | R93: 피해 없음 | S93: 5.7 | T93: 0.3 | U93: 개별 | V93: 4.2 | W93: 0.55 | X93: 이동 가능 경로 | Y93: -1 | Z93: 개 | AA93: 4 | AB93: 지속 종료 | AC93: 없음 | AD93: 기능 원형: 출구 점거 · 몬스터 시트 발동률 30%와 동기화
A94: SKL-MON-036 | B94: 밖으로 나가재 | C94: 4 | 영웅의 시작 · 4-B | 도심 공동 구조 | E94: 130번 | 보랏빛 철봉으로 밖으로 나가재 제압하기 | F94: 몬스터 | G94: 바닥도 나가! | H94: '바닥 충격' 행동을 수행해 위치·전투 리듬을 변화시킴. | J94: 액티브 | K94: 밖으로 나가재 | M94: AI 가중치 | N94: 사거리·페이즈·주변 상황 조건 충족 | O94: 없음 | P94: 0 | Q94: 0 | R94: 피해 없음 | S94: 6.4 | T94: 0.2 | U94: 개별 | V94: 4.9 | W94: 0.55 | X94: 없음 | Y94: 0 | Z94: 없음 | AA94: 0 | AB94: 시전 종료 | AC94: 없음 | AD94: 기능 원형: 바닥 충격 · 몬스터 시트 발동률 20%와 동기화
A95: SKL-MON-037 | B95: 내자리산호 | C95: 4 | 영웅의 시작 · 4-D | 지하 주차장 구조 | E95: 141번 | 휴대용 섬광 신호기와 차단기 막대로 내자리산호 유인하기 | F95: 몬스터 | G95: 여긴 내 자리! | H95: 주변 또는 전방으로 충격파를 퍼뜨려 피해와 위치 흔들림을 줌. | J95: 액티브 | K95: 내자리산호 | L95: 밀려남 1칸 | M95: AI 가중치 | N95: 사거리·페이즈·주변 상황 조건 충족 | O95: 몬스터 최종 공격력 비율 | P95: 0.85 | Q95: 0 | R95: 몬스터 최종 공격력 × 85% | S95: 6.5 | T95: 0.35 | U95: 개별 | V95: 5 | W95: 0.65 | X95: 없음 | Y95: 0 | Z95: 없음 | AA95: 0 | AB95: 시전 종료 | AC95: SKL-STS-002 | AD95: 기능 원형: 영역 충격파 · 몬스터 시트 발동률 35%와 동기화
A96: SKL-MON-038 | B96: 내자리산호 | C96: 4 | 영웅의 시작 · 4-D | 지하 주차장 구조 | E96: 141번 | 휴대용 섬광 신호기와 차단기 막대로 내자리산호 유인하기 | F96: 몬스터 | G96: 자리 찍기 | H96: 전방 바닥을 강하게 내려찍어 충격 피해를 줌. | J96: 액티브 | K96: 내자리산호 | M96: AI 가중치 | N96: 사거리·페이즈·주변 상황 조건 충족 | O96: 몬스터 최종 공격력 비율 | P96: 1.2 | Q96: 0 | R96: 몬스터 최종 공격력 × 120% | S96: 7.2 | T96: 0.3 | U96: 개별 | V96: 5.7 | W96: 0.65 | X96: 없음 | Y96: 0 | Z96: 없음 | AA96: 0 | AB96: 시전 종료 | AC96: 없음 | AD96: 기능 원형: 전면 내려찍기 · 몬스터 시트 발동률 30%와 동기화
A97: SKL-MON-039 | B97: 내자리산호 | C97: 4 | 영웅의 시작 · 4-D | 지하 주차장 구조 | E97: 141번 | 휴대용 섬광 신호기와 차단기 막대로 내자리산호 유인하기 | F97: 몬스터 | G97: 절대 안 비켜 | H97: 통로·출구·안전 위치를 점유하거나 닫아 플레이어의 이동 선택지를 줄임. | J97: AI 행동 | K97: 내자리산호 | L97: 이동 경로 제한 | M97: AI 가중치 | N97: 사거리·페이즈·주변 상황 조건 충족 | O97: 없음 | P97: 0 | Q97: 0 | R97: 피해 없음 | S97: 7.9 | T97: 0.2 | U97: 개별 | V97: 6.4 | W97: 0.65 | X97: 이동 가능 경로 | Y97: -1 | Z97: 개 | AA97: 4 | AB97: 지속 종료 | AC97: 없음 | AD97: 기능 원형: 자리 고정 · 몬스터 시트 발동률 20%와 동기화
A98: SKL-MON-040 | B98: 내자리산호 | C98: 4 | 영웅의 시작 · 4-D | 지하 주차장 구조 | E98: 141번 | 휴대용 섬광 신호기와 차단기 막대로 내자리산호 유인하기 | F98: 몬스터 | G98: 조금만 밀어 | H98: '밀어내기' 행동을 수행해 위치·전투 리듬을 변화시킴. | J98: 액티브 | K98: 내자리산호 | M98: AI 가중치 | N98: 사거리·페이즈·주변 상황 조건 충족 | O98: 없음 | P98: 0 | Q98: 0 | R98: 피해 없음 | S98: 8.6 | T98: 0.15 | U98: 개별 | V98: 7.1 | W98: 0.65 | X98: 없음 | Y98: 0 | Z98: 없음 | AA98: 0 | AB98: 시전 종료 | AC98: 없음 | AD98: 기능 원형: 밀어내기 · 몬스터 시트 발동률 15%와 동기화
A99: SKL-MON-041 | B99: 비상구대게 | C99: 4 | 영웅의 시작 · 4-D | 지하 주차장 구조 | E99: 142번 | 차단기 막대로 비상구대게 제압하기 | F99: 몬스터 | G99: 비상구 폐쇄! | H99: 통로·출구·안전 위치를 점유하거나 닫아 플레이어의 이동 선택지를 줄임. | J99: 액티브 | K99: 비상구대게 | L99: 이동 경로 제한 | M99: AI 가중치 | N99: 사거리·페이즈·주변 상황 조건 충족 | O99: 없음 | P99: 0 | Q99: 0 | R99: 피해 없음 | S99: 7 | T99: 0.3 | U99: 개별 | V99: 5.5 | W99: 0.75 | X99: 이동 가능 경로 | Y99: -1 | Z99: 개 | AA99: 4 | AB99: 지속 종료 | AC99: 없음 | AD99: 기능 원형: 출구 봉쇄 · 몬스터 시트 발동률 30%와 동기화
A100: SKL-MON-042 | B100: 비상구대게 | C100: 4 | 영웅의 시작 · 4-D | 지하 주차장 구조 | E100: 142번 | 차단기 막대로 비상구대게 제압하기 | F100: 몬스터 | G100: 자리 바꿔! | H100: 주변 부하의 위치를 다시 배치해 봉쇄·보호 진형을 재구성함. | J100: 액티브 | K100: 비상구대게 | M100: AI 가중치 | N100: 사거리·페이즈·주변 상황 조건 충족 | O100: 없음 | P100: 0 | Q100: 0 | R100: 피해 없음 | S100: 7.7 | T100: 0.25 | U100: 개별 | V100: 6.2 | W100: 0.75 | X100: AI 위치 | Y100: 1 | Z100: 단계 | AA100: 0 | AB100: 시전 종료 | AC100: 없음 | AD100: 기능 원형: 부하 재배치 · 몬스터 시트 발동률 25%와 동기화
A101: SKL-MON-043 | B101: 비상구대게 | C101: 4 | 영웅의 시작 · 4-D | 지하 주차장 구조 | E101: 142번 | 차단기 막대로 비상구대게 제압하기 | F101: 몬스터 | G101: 다 같이 밀어! | H101: 몸체·집게·외피로 목표를 밀어 안전 위치에서 벗어나게 함. | J101: 액티브 | K101: 비상구대게 | L101: 밀려남 1.5칸 | M101: AI 가중치 | N101: 사거리·페이즈·주변 상황 조건 충족 | O101: 몬스터 최종 공격력 비율 | P101: 0.79 | Q101: 0 | R101: 몬스터 최종 공격력 × 79% | S101: 8.4 | T101: 0.3 | U101: 개별 | V101: 6.9 | W101: 0.75 | X101: 없음 | Y101: 0 | Z101: 없음 | AA101: 0 | AB101: 시전 종료 | AC101: SKL-STS-002 | AD101: 기능 원형: 집단 밀치기 · 몬스터 시트 발동률 30%와 동기화
A102: SKL-MON-044 | B102: 비상구대게 | C102: 4 | 영웅의 시작 · 4-D | 지하 주차장 구조 | E102: 142번 | 차단기 막대로 비상구대게 제압하기 | F102: 몬스터 | G102: 집게 한 번 | H102: 근거리 목표를 반복 또는 단발로 직접 타격함. | J102: 액티브 | K102: 비상구대게 | M102: AI 가중치 | N102: 사거리·페이즈·주변 상황 조건 충족 | O102: 몬스터 최종 공격력 비율 | P102: 1.05 | Q102: 0 | R102: 몬스터 최종 공격력 × 105% | S102: 9.1 | T102: 0.15 | U102: 개별 | V102: 7.6 | W102: 0.75 | X102: 없음 | Y102: 0 | Z102: 없음 | AA102: 0 | AB102: 시전 종료 | AC102: 없음 | AD102: 기능 원형: 직접 타격 · 몬스터 시트 발동률 15%와 동기화
A103: SKL-BOS-045 | B103: 나만 살아서 다행 | C103: 4 | 영웅의 시작 · 4-E | 나만 살아서 다행 보스전 | E103: 146번 | 나만 살아서 다행이 연속으로 닫는 방화문 다시 열기 | F103: 보스 | G103: 문 닫습니다! | H103: 직선 전조 후 목표 방향으로 빠르게 돌진해 경로상의 대상을 압박함. | J103: 액티브 | K103: 나만 살아서 다행 | L103: 밀려남 1.5칸 | M103: 페이즈+AI | N103: 현재 페이즈에서 사용 가능·가중치 판정 | O103: 몬스터 최종 공격력 비율 | P103: 1.32 | Q103: 0 | R103: 몬스터 최종 공격력 × 132% | S103: 8 | T103: 0.3 | U103: 개별 | V103: 6.5 | W103: 0.9 | X103: 없음 | Y103: 0 | Z103: 없음 | AA103: 0 | AB103: 시전 종료 | AC103: SKL-STS-002 | AD103: 기능 원형: 철문 돌진 · 몬스터 시트 발동률 30%와 동기화
A104: SKL-BOS-046 | B104: 나만 살아서 다행 | C104: 4 | 영웅의 시작 · 4-E | 나만 살아서 다행 보스전 | E104: 146번 | 나만 살아서 다행이 연속으로 닫는 방화문 다시 열기 | F104: 보스 | G104: 밖에 있어. | H104: 주변 또는 전방으로 충격파를 퍼뜨려 피해와 위치 흔들림을 줌. | J104: 액티브 | K104: 나만 살아서 다행 | L104: 밀려남 1칸 | M104: 페이즈+AI | N104: 현재 페이즈에서 사용 가능·가중치 판정 | O104: 몬스터 최종 공격력 비율 | P104: 0.98 | Q104: 0 | R104: 몬스터 최종 공격력 × 98% | S104: 8.7 | T104: 0.25 | U104: 개별 | V104: 7.2 | W104: 0.9 | X104: 없음 | Y104: 0 | Z104: 없음 | AA104: 0 | AB104: 시전 종료 | AC104: SKL-STS-002 | AD104: 기능 원형: 봉쇄 충격파 · 몬스터 시트 발동률 25%와 동기화
...

Sheet 몬스터
B1: 검증 항목 | C1: 값 | E1: 작성 기준
B2: 전체 콘텐츠 수 | C2: 306 | E2: [신규 몬스터 작성 기준] 1) 초기 변이체만 전신 80~100%를 짙은 보라·자주·연보라로 구성하고, 단세포·점액·세포낭처럼 얼굴·손발 없는 단순 실루엣을 사용함. 2) 일반 변이체부터는 비인간 생물·사물·군체형을 기본으로 하며 보라색은 핵·균열·관절·체액에만 20~45% 사용함. 3) 일반→강화→선도체→보스 단계가 오를수록 외피, 복합 기관, 부하 통제 기관, 공간·사물 융합이 증가해 더 강해 보이게 함. 4) 3장 세포·심해생물, 4장 갑각류·문·대피소, 5장 곤충·갈채·카메라, 6장 빈 교복·교구, 7장 기계·압류·계량으로 챕터 서사를 구분함. 5) 인간 기원은 음성·행동·소지품·기억으로 암시함. 폐교의 빈 복장 연출 외에는 사람 얼굴·손·다리·직립 인체 비례를 사용하지 않음.
B3: 몬스터 배치 콘텐츠 수 | C3: =COUNTIF(C7:C312,"<>") -> 43
B4: 몬스터 미배치 콘텐츠 수 | C4: =C2-C3 -> 263
B5: 콘텐츠 누락 개수 | C5: =C2-COUNT(A7:A312) -> 0
A6: 콘텐츠 제시 순서 | C6: 몬스터 이름 | D6: 몬스터 이미지 | E6: 몬스터 타입 | F6: 생명력 | G6: 공격력 | H6: 공격력 합산 STATUS | I6: 공격력 보정 | J6: 최종 공격력 | K6: 방어력 | L6: 방어력 합산 STATUS | M6: 방어력 보정 | N6: 최종 방어력 | O6: 스킬1 | P6: 발동률1 | Q6: 스킬2 | R6: 발동률2 | S6: 스킬3 | T6: 발동률3 | U6: 스킬4 | V6: 발동률4 | W6: 몬스터 속성 | X6: 비고
A7: 1 | J7: =IF(C7="","",G7+I7) | N7: =IF(C7="","",K7+M7)
A8: 2
A9: 3
A10: 4
A11: 5
A12: 6
A13: 7
A14: 8
A15: 9
A16: 10
A17: 11
A18: 12
A19: 13
... A70: 64
A71: 65 | J71: =IF(C71="","",G71+I71) | N71: =IF(C71="","",K71+M71)
A72: 66
A73: 67
A74: 68
A75: 69
A76: 70
A77: 71
A78: 72
A79: 73
A80: 74 | B80: 조건부 선공 | C80: 보라멍울 | E80: 초기 변이체 | F80: 30 | G80: 4 | H80: 근접 본능 | I80: 1 | J80: 5 | K80: 0 | L80: 불완전한 외피 | M80: 0 | N80: 0 | O80: 슥, 긁기 | P80: 70 | Q80: 꿈틀꿈틀 | R80: 30 | T80: 0 | V80: 0 | W80: 침식 | X80: 전신이 짙은 보라색인 아메바형 단세포. 얼굴·손발 없이 위족과 발광 핵만으로 움직이는 최초 조우 개체.
A81: 75
A82: 76
A83: 77
A84: 78 | B84: 조건부 선공 | C84: 문틈젤리 | E84: 초기 변이체 | F84: 60 | G84: 7 | H84: 기습 반응 | I84: 1 | J84: 8 | K84: 2 | L84: 웅크린 자세 | M84: 1 | N84: 3 | O84: 문 열면 나와! | P84: 45 | Q84: 여긴 내 틈 | R84: 35 | S84: 쭈욱! | T84: 20 | V84: 0 | W84: 안정 | X84: 전신 보라색의 납작한 세포막. 문틈에 붙어 있다가 꽃잎처럼 막을 펼치며 접근을 막는다.
A85: 79
A86: 80
A87: 81
A88: 82
A89: 83 | B89: 선공 | C89: 질질핵 | E89: 초기 변이체 | F89: 45 | G89: 5 | H89: 체중 충격 | I89: 1 | J89: 6 | K89: 1 | L89: 두꺼운 등 외피 | M89: 1 | N89: 2 | O89: 쿵. | P89: 60 | Q89: 질질질… | R89: 40 | T89: 0 | V89: 0 | W89: 침식 | X89: 길쭉한 보라 점액질 몸으로 밝은 핵을 끌고 다닌다. 느린 압박과 우회 학습을 담당한다.
A90: 84 | B90: 비선공 | C90: 울음주머니 | E90: 초기 변이체 | F90: 35 | G90: 4 | H90: 공포 음파 | I90: 1 | J90: 5 | K90: 0 | L90: 얇은 외피 | M90: 0 | N90: 0 | O90: 으아앙— | P90: 45 | Q90: 가까이 오지 마 | R90: 35 | S90: 숨 한번 | T90: 20 | V90: 0 | W90: 공명 | X90: 입 없는 보라색 세포낭. 몸 전체가 부풀고 수축할 때 사람과 비슷한 울음만 새어 나온다.
A91: 85 | B91: 비선공 | C91: 길치섬모 | E91: 초기 변이체 | F91: 55 | G91: 6 | H91: 당황한 반격 | I91: 1 | J91: 7 | K91: 2 | L91: 굳은 외피 | M91: 0 | N91: 2 | O91: 어디였지? | P91: 55 | Q91: 아, 비켜! | R91: 30 | S91: 여기 맞나? | T91: 15 | V91: 0 | W91: 공명 | X91: 전신 보라색의 둥근 단세포. 사방의 섬모가 제멋대로 움직여 불규칙하게 회전·배회한다.
A92: 86
A93: 87
A94: 88
A95: 89
A96: 90
A97: 91
A98: 92
A99: 93
A100: 94
A101: 95
A102: 96
A103: 97 | B103: 선공 | C103: 쫓쫓해삼 | E103: 일반 변이체 | F103: 80 | G103: 10 | H103: 추격 가속 | I103: 2 | J103: 12 | K103: 4 | L103: 긴장된 근육 | M103: 1 | N103: 5 | O103: 잡았다, 또! | P103: 45 | Q103: 쫓아간다! | R103: 35 | S103: 너 말고 너! | T103: 20 | V103: 0 | W103: 공명 | X103: 청회색 해삼형 몸통을 빠르게 수축하며 추적한다. 등 틈과 촉수 끝에만 보랏빛 균열이 남는다.
A104: 98 | B104: 선공 | C104: 길막말미잘 | E104: 일반 변이체 | F104: 110 | G104: 12 | H104: 길목 압박 | I104: 2 | J104: 14 | K104: 6 | L104: 넓은 체형 | M104: 2 | N104: 8 | O104: 여기 못 지나가 | P104: 50 | Q104: 길막 완료 | R104: 30 | S104: 툭! | T104: 20 | V104: 0 | W104: 안정 | X104: 바닥에 뿌리내린 말미잘형 개체. 넓은 촉수막을 펼쳐 보급로를 막고, 중앙 핵만 보라색으로 빛난다.
A105: 99
A106: 100 | B106: 선공 | C106: 엉킨세포군 | E106: 강화 변이체 | F106: 190 | G106: 20 | H106: 다중 팔 타격 | I106: 4 | J106: 24 | K106: 9 | L106: 겹친 외피 | M106: 3 | N106: 12 | O106: 셋이서 빙글 | P106: 40 | Q106: 한꺼번에 쿵 | R106: 30 | S106: 방향은 모르겠고! | T106: 20 | U106: 엉켜서 딱! | V106: 10 | W106: 침식 | X106: 서로 다른 세포낭 셋이 한 외피를 공유하는 강화 개체. 끊어진 신경 다발 사이로 보라 체액이 흐른다.
A107: 101
A108: 102
A109: 103 | B109: 선공 | C109: 대장촉수 | E109: 무리 선도체 | F109: 270 | G109: 22 | H109: 무리 공명 | I109: 5 | J109: 27 | K109: 11 | L109: 부하 엄호 | M109: 4 | N109: 15 | O109: 너부터! | P109: 30 | Q109: 다 같이 가! | R109: 30 | S109: 빨리빨리! | T109: 25 | U109: 내가 간다 | V109: 15 | W109: 공명 | X109: 갑각 외피·명령용 볏·새끼 주머니를 가진 선도체. 보랏빛 신호 촉수로 주변 개체의 이동을 통제한다.
A110: 104
A111: 105
A112: 106
A113: 107
A114: 108
A115: 109
A116: 110
A117: 111
A118: 112
A119: 113
A120: 114
A121: 115
... A130: 124
A131: 125 | B131: 선공 | C131: 똑똑소라 | E131: 일반 변이체 | F131: 130 | G131: 18 | H131: 반복 충격 | I131: 3 | J131: 21 | K131: 8 | L131: 단단한 손뼈 | M131: 2 | N131: 10 | O131: 똑똑똑! | P131: 40 | Q131: 문 좀 열어! | R131: 35 | S131: 다음 문! | T131: 25 | V131: 0 | W131: 공명 | X131: 소라 껍데기 앞의 충각을 반복해 문을 두드린다. 껍데기 갈라짐과 내부 핵에만 보라색이 드러난다.
A132: 126 | B132: 선공 | C132: 문틈새우 | E132: 일반 변이체 | F132: 115 | G132: 20 | H132: 후방 기습 | I132: 4 | J132: 24 | K132: 7 | L132: 유연한 골격 | M132: 1 | N132: 8 | O132: 쏙! | P132: 35 | Q132: 뒤에 있다! | R132: 40 | S132: 쏙 빠지기 | T132: 25 | V132: 0 | W132: 공명 | X132: 납작한 새우형 외피와 송곳 다리로 방어선 틈을 파고든다. 꼬리 마디의 보랏빛 점이 감각기관이다.
A133: 127
A134: 128
A135: 129 | J135: =IF(C135="","",G135+I135) | N135: =IF(C135="","",K135+M135)
A136: 130 | B136: 선공 | C136: 밖으로 나가재 | E136: 일반 변이체 | F136: 165 | G136: 21 | H136: 밀치기 충격 | I136: 4 | J136: 25 | K136: 10 | L136: 낮은 무게중심 | M136: 3 | N136: 13 | O136: 나가! | P136: 50 | Q136: 출구는 내 자리 | R136: 30 | S136: 바닥도 나가! | T136: 20 | V136: 0 | W136: 차단 | X136: 쐐기 집게와 넓은 꼬리판으로 시민을 안전 구역 밖으로 밀어낸다. 관절 안쪽만 보랏빛으로 발광한다.
A137: 131
A138: 132
A139: 133
A140: 134
A141: 135
A142: 136
A143: 137
A144: 138
A145: 139
A146: 140
A147: 141 | B147: 선공 | C147: 내자리산호 | E147: 강화 변이체 | F147: 320 | G147: 30 | H147: 구역 압박 | I147: 6 | J147: 36 | K147: 17 | L147: 응집 외피 | M147: 5 | N147: 22 | O147: 여긴 내 자리! | P147: 35 | Q147: 자리 찍기 | R147: 30 | S147: 절대 안 비켜 | T147: 20 | U147: 조금만 밀어 | V147: 15 | W147: 침식 | X147: 바닥과 벽을 점유하며 자라는 산호 요새형 강화체. 공간을 좁힐수록 중앙 보라 핵의 방어력이 오른다.
A148: 142 | B148: 선공 | C148: 비상구대게 | E148: 무리 선도체 | F148: 430 | G148: 34 | H148: 봉쇄 명령 | I148: 7 | J148: 41 | K148: 20 | L148: 진형 방어 | M148: 6 | N148: 26 | O148: 비상구 폐쇄! | P148: 30 | Q148: 자리 바꿔! | R148: 25 | S148: 다 같이 밀어! | T148: 30 | U148: 집게 한 번 | V148: 15 | W148: 침식 | X148: 비상구 표식과 철문 파편을 등에 진 대형 게 선도체. 문짝 집게로 출구를 봉쇄하고 부하 진형을 유지한다.
A149: 143
A150: 144
A151: 145
A152: 146 | B152: 선공 | C152: 나만 살아서 다행 | E152: 구역 보스 | F152: 1800 | G152: 45 | H152: 봉쇄 외피 | I152: 10 | J152: 55 | K152: 30 | L152: 철판 갑각 | M152: 10 | N152: 40 | O152: 문 닫습니다! | P152: 30 | Q152: 밖에 있어. | R152: 25 | S152: 너도 밖으로. | T152: 20 | U152: 잠금 해제? 잠깐. | V152: 25 | W152: 침식 | X152: 방화문과 잠금 장치가 소라 요새처럼 겹친 비인간형 보스. 구조 요청이 진짜임을 알고도 문을 닫고 ‘난 살아서 다행’이라 안도한 인간이 변이했다.
A153: 147
A154: 148
A155: 149
A156: 150
A157: 151
A158: 152
...

Sheet 전투 시뮬레이터
B2: 똑똑소라 | I2: 3 | K2: 기본 보호 조끼 | L2: 관리국 지급 권총
E3: =VLOOKUP($B$2,몬스터!C7:X312,21,0) -> 공명 | F3: VS | G3: =VLOOKUP($I$2,'PC DATA(대차대조표)'!D3:L308,4,0) -> #N/A
K4: 관리국 대응 장갑 | L4: 관리국 방진 마스크
B6: 타입 | C6: =VLOOKUP($B$2,몬스터!C7:X312,3,0) -> 일반 변이체 | I6: 캐릭터 | J6: =VLOOKUP($I$2,'PC DATA(대차대조표)'!B3:L308,3,0) -> 차한해
B7: 속성 | C7: =VLOOKUP($B$2,몬스터!C8:X313,21,0) -> 공명 | I7: 전투 상태
A9: 전투 능력치
B11: 생명력 | C11: =VLOOKUP($B$2,몬스터!C7:X312,4,0) -> 130 | I11: 현재 공격력 | J11: =VLOOKUP($I$2,'PC DATA(대차대조표)'!D3:L308,4,0) -> #N/A
B12: 기본 공격력 | C12: =VLOOKUP($B$2,몬스터!C8:X313,5,0) -> 18 | I12: 공격 변화 | J12: =VLOOKUP($I$2,'PC DATA(대차대조표)'!D4:L309,5,0) -> #N/A
B13: 공격 보정 | C13: =VLOOKUP($B$2,몬스터!C9:X314,7,0) -> 3 | E13: 몬스터 | F13: STAT | G13: 플레이어 | I13: 현재 방어력 | J13: =VLOOKUP($I$2,'PC DATA(대차대조표)'!D5:L310,6,0) -> #N/A
B14: 최종 공격력 | C14: =VLOOKUP($B$2,몬스터!C10:X315,8,0) -> 21 | E14: =C14 -> 21 | F14: 최종 공격력 | G14: =J11 -> #N/A | I14: 방어 변화 | J14: =VLOOKUP($I$2,'PC DATA(대차대조표)'!D6:L311,7,0) -> #N/A
B15: 기본 방어력 | C15: =VLOOKUP($B$2,몬스터!C11:X316,9,0) -> 8 | E15: =C17 -> 10 | F15: 최종 방어력 | G15: =J13 -> #N/A
B16: 방어 보정 | C16: =VLOOKUP($B$2,몬스터!C12:X317,11,0) -> 2
B17: 최종 방어력 | C17: =VLOOKUP($B$2,몬스터!C13:X318,12,0) -> 10
A19: 속성 대차대조표 연동
A20: 몬스터 속성 | I20: 플레이어 무기 속성
E21: 공격 상성
A22: 상성 매개 상수 K | E22: =VLOOKUP($B$2,몬스터!C7:X312,21,0) -> 공명 | F22: VS | G22: 어떤 속성 | I22: 상성 매가 상수 K
A23: 상성 적용 공격 지표 | I23: 상성 적용 공격 지표
A24: 상대 방어력 | B24: =J13 -> #N/A | I24: 상대 방어력 | K24: =C17 -> 10
A25: 공격-방어 격차 | B25: =J11-C17 -> #N/A | I25: 공격-방어 격차 | K25: =C14-J13 -> #N/A
A26: =IF(B25>0,"열세",IF(B25<0,"우세","동등")) -> #N/A | I26: =IF(K25>0,"열세",IF(K25<0,"우세","동등")) -> #N/A
A28: 선택 개체 스킬
A29: 몬스터 스킬 | I29: 플레이어 스킬
A30: 스킬1 | B30: =VLOOKUP($B$2,몬스터!C7:X312,13,0) -> 똑똑똑! | C30: 발동 확률1 | D30: =VLOOKUP($B$2,몬스터!C7:X312,14,0) -> 40 | G30: =VLOOKUP($I$2,'PC DATA(대차대조표)'!A3:L308,2,0) -> #N/A | I30: 해당 시점 스킬 | K30: =VLOOKUP($I$2,'PC DATA(대차대조표)'!A3:L308,11,0) -> #N/A
A31: 스킬2 | B31: =VLOOKUP($B$2,몬스터!C8:X313,15,0) -> 문 좀 열어! | C31: 발동 확률2 | D31: =VLOOKUP($B$2,몬스터!C7:X312,16,0) -> 35 | I31: 공격 변화
A32: 스킬3 | B32: =VLOOKUP($B$2,몬스터!C9:X314,17,0) -> 다음 문! | C32: 발동 확률3 | D32: =VLOOKUP($B$2,몬스터!C7:X312,18,0) -> 25 | I32: 방어 변화
I33: 상태이상 | K33: =VLOOKUP($I$2,'PC DATA(대차대조표)'!D3:L308,4,0) -> #N/A
A35: 스킬 이름 | I35: 스킬 이름
A36: 타입 | I36: 타입
A37: 추가 설명 | I37: 추가 설명
A38: 발동 조건 | I38: 발동 조건
A39: 피해 계수 | I39: 피해 계수
A40: 쿨타임(초) | I40: 쿨타임(초)
A41: 시전 시간(초) | I41: 시전 시간(초)
A42: 능력 변동 | I42: 능력 변동
A43: 변동 수치 | I43: 변동 수치
A48: 우세인지 열세인지 | I48: 우세인지 열세인지
B50: 능력 분포 다각형
A64: 데미지 산정 공식
A65: 1회 공격 시간 | B65: = | C65: 1회 공격 시 필요 시간 (초 단위). 0.1초 단위로 고민
A66: 전투 속도가 너무 느려지거나 빨라지지 않게 기본 공격의 공격 시간을 0.3초로 설정했다. 이를 기준으로 캐릭터와 몬스터의 스킬 공격 시간을 설정했다.
A67: 일반 공격 데미지 공식 | B67: = | C67: 공격자의 공격력 합산 수치 - 방어자의 방어력 합산 수치
A68: 캐릭터의 공격력 합산 수치 = 기본 공격력 + 공격력 보정 수치 / 캐릭터의 방어력 합산 수치 = 기본 방어력 + 방어력 보정 수치 몬스터의 공격력 합산 수치 = 기본 공격력 + 스킬 공격력 / 몬스터의 방어력 합산 수치 = 기본 방어력 + 방어력 보정 수치
A69: 스킬 데미지 | B69: = | C69: 일반 공격 데미지 × (1+0.5)
A70: 전투 승리 조건 | B70: = | C70: 방어자의 생명력 0 또는 이벤트 연출
A72: 선생님이 보여주신 예시 파일을 참고해서, 우리 게임만의 시뮬레이터를 잘 만들어보자.
A73: 적을 죽음에 이르게 하는 필요 공격 횟수 (기본 공격 기준) | E73: = | F73: 계산 함수를 만들어서 나중에 넣어보자.
A74: 배치를 고민해보자. 어떤 방식으로 배치하는 게 좋을 지. 가독성 좋고 디자인도 깔끔하게.
A75: 능력 분포 다각형이 지금 너무 모양이 이상해. 생명력 수치가 다른 수치들에 비해서 너무 커서 그래. 보스 몬스터 뿐만 아니라, 초기 변이체부터 그래프 모양이 이상하니까, 이를 해결해보자. 몬스터들의 수치를 죄다 손봐야 할 때야.
A76: 우리는 대결 구도라기 보다는 몬스터는 처치해야 하는 대상이니까 캐릭터의 승리만 문서로 나타내는 게 좋을까?
A77: 패배보다는 실패라는 표현이 더 어울리겠지? 실패의 공식은 어떻게 정리해서 작성하면 좋을 지도 생각해보자.
A78: 전투 시뮬레이터니까, 그에 맞는 요소들만 이 시트에 있어야 해.
A79: 밸런스 공식을 체계적으로 설명하는 게 가장 중요하다.

Sheet 속성 대차대조표
A1: 1. 속성 정의 및 적용 대상
A2: 속성 | B2: 핵심 성질 | E2: 공격 속성 적용 | I2: 방어 속성 적용 | M2: 대표 표현
A3: 안정 | B3: 형태와 에너지의 상태를 고정하고 과도한 진동을 억제하는 파장 | E3: 공명 주기 고정, 흔들림 억제, 변이체의 움직임 안정화 | I3: 공명·진동 피해 완화, 밀려남과 흔들림을 억제하는 방호 상태 | M3: 청색 고정선, 입자가 한 지점으로 모이는 연출
A4: 공명 | B4: 파동을 반복·중첩하여 내부 진동과 에너지 증폭을 일으키는 파장 | E4: 반복 타격과 파동 중첩, 차단 한계 초과, 균열 확대 | I4: 외부 파장을 되울리거나 분산하여 충격을 흘려보내는 상태 | M4: 보라색 파문, 동심원과 진동 잔상
A5: 차단 | B5: 에너지·파장·오염의 전달 경로와 연결을 끊는 파장 | E5: 능력 연결 절단, 침식 확산 중단, 유지 에너지 공급 방해 | I5: 외부 에너지 유입과 상태이상 전이를 막는 방호 상태 | M5: 짙은 회색 단절선, 벽 형태의 끊김 연출
A6: 침식 | B6: 조직과 구조의 결합을 약화하고 형태를 점진적으로 붕괴시키는 파장 | E6: 고정 구조 붕괴, 방어 상태 약화, 균열 부위 확대 | I6: 공격 에너지를 분해·흡수하며 일부 피해를 약화하는 상태 | M6: 자홍색 번짐, 표면이 부식되듯 퍼지는 연출
A8: 2. 속성 대차대조표 및 피해 계산 검증
A9: 피해 매개 상수표 K | G9: 상성 순환
A10: 공격자＼방어자 | B10: 안정 | C10: 공명 | D10: 차단 | E10: 침식 | L10: 안정 → 공명 → 차단 → 침식 → 안정은 ×1.7의 강한 우위 관계이며, 반대 방향은 ×0.3의 강한 열위 관계로 적용함.
A11: 안정 | B11: 1 | C11: 1.7 | D11: 0.8 | E11: 0.3
A12: 공명 | B12: 0.3 | C12: 1 | D12: 1.7 | E12: 1.2
A13: 차단 | B13: 1.2 | C13: 0.3 | D13: 1 | E13: 1.7
A14: 침식 | B14: 1.7 | C14: 0.8 | D14: 0.3 | E14: 1
A16: 3. 수치 근거표
A17: 공격 속성 | B17: 방어 속성 | C17: 관계 유형 | E17: 매개 상수 | G17: 수치 적용 근거 | L17: 전투 표현
A18: 안정 | B18: 안정 | C18: 동일 | E18: 1 | G18: 동일한 파장끼리는 서로 우위가 없으므로 기존 피해식에 영향을 주지 않음. | L18: 기본 피해 수치와 기본 속성 이펙트 적용
A19: 안정 | B19: 공명 | C19: 강한 우위 | E19: 1.7 | G19: 안정 파장이 진동 주기를 고정하여 공명의 반복·증폭 작용을 직접 억제함. | L19: 파동이 멈추고 약점 적중 이펙트 강조
A20: 안정 | B20: 차단 | C20: 약한 열위 | E20: 0.8 | G20: 차단 상태가 안정 파장의 전달 경로를 일부 끊어 고정 효과가 충분히 도달하지 못함. | L20: 안정선이 끊기며 피해 표시를 약하게 표현
A21: 안정 | B21: 침식 | C21: 강한 열위 | E21: 0.3 | G21: 이미 침식된 구조는 고정할 원형과 기준이 약해 안정화 효과가 크게 감소함. | L21: 고정선이 번짐에 흡수되는 연출
A22: 공명 | B22: 안정 | C22: 강한 열위 | E22: 0.3 | G22: 안정된 구조가 진동의 확산과 파동 중첩을 막아 공명 증폭이 발생하기 어려움. | L22: 파문이 짧게 사라지는 연출
A23: 공명 | B23: 공명 | C23: 동일 | E23: 1 | G23: 동일한 파장끼리는 서로 우위가 없으므로 기존 피해식에 영향을 주지 않음. | L23: 기본 피해 수치와 기본 속성 이펙트 적용
A24: 공명 | B24: 차단 | C24: 강한 우위 | E24: 1.7 | G24: 반복되는 공명 파동이 차단 상태의 처리 한계를 넘어 과부하를 발생시킴. | L24: 차단벽에 균열이 번지고 파동이 관통하는 연출
A25: 공명 | B25: 침식 | C25: 약한 우위 | E25: 1.2 | G25: 침식으로 약해진 구조의 미세 균열을 진동이 확대하여 붕괴를 촉진함. | L25: 침식 부위가 파동에 따라 넓어지는 연출
A26: 차단 | B26: 안정 | C26: 약한 우위 | E26: 1.2 | G26: 안정 상태를 유지하는 에너지 공급과 연결을 끊어 구조의 유지력을 약화함. | L26: 고정선 일부가 끊기며 약점 이펙트 표시
A27: 차단 | B27: 공명 | C27: 강한 열위 | E27: 0.3 | G27: 공명은 파동이 누적된 뒤에도 영향이 남아 단일 연결 차단만으로 완전히 제거하기 어려움. | L27: 차단선 너머로 파문이 이어지는 연출
A28: 차단 | B28: 차단 | C28: 동일 | E28: 1 | G28: 동일한 파장끼리는 서로 우위가 없으므로 기존 피해식에 영향을 주지 않음. | L28: 기본 피해 수치와 기본 속성 이펙트 적용
A29: 차단 | B29: 침식 | C29: 강한 우위 | E29: 1.7 | G29: 침식 에너지의 접촉·전이·확산 경로를 끊어 핵심 작용을 직접 무력화함. | L29: 번짐이 절단되고 약점 적중 이펙트 강조
... A33: 침식 | B33: 침식 | C33: 동일 | E33: 1 | G33: 동일한 파장끼리는 서로 우위가 없으므로 기존 피해식에 영향을 주지 않음. | L33: 기본 피해 수치와 기본 속성 이펙트 적용

Sheet 밸런스 팩터
B2: 밸런스 팩터
B3: 게임 「넌 착해!」의 플레이 경험 조절 요소. 핵심 연결은 ① 권장 대표 경로 미들 3시간 40분·전체 선택 포함 4시간 이내, ② 선의 수치 96·836·999 ERROR와 836 청년의 특혜 상실 공포·거짓 소문·희생 선동, ③ 메인 60%·선택 최대 100% 도시 인연과 1장 어르신 선택, ④ 변혜서의 우정 반지·별 펜던트·폐교 기억, ⑤ 클릭헌터와 조회수는 못 참지의 동일 개체 연결, ⑥ 초기 변이체의 전신 보라 단세포형과 일반 이상 비인간형 실루엣, ⑦ 보스 6종+정예 균열 수호체 1종, 괴물 43종·아이템 42종, ⑧ 연구시설의 권한이 없습니다와 생체 인증 모듈 획득 흐름임
B5: 진행·콘텐츠 | J5: 서사·상태 | R5: 전투 | Z5: 가이드·편의 | AH5: 크기: 핵심(대) · 반복 조정(중) · 장면 조정(소)
B70: 큰 원은 플레이 전반에 미치는 영향이 큰 핵심 팩터이며, 작은 원은 장면·미션 단위에서 조정하는 세부 팩터임

Sheet 작성 기준
A1: 게임 「넌 착해!」 밸런스 문서 작성 기준
A2: 모든 시트가 7챕터·콘텐츠 진행 순서 1~306, 문서 전체·대표 경로 시간, 자아마모도, 도시·예쁜 고양이 인연, PC 성장·장비 변화와 다중 엔딩 조건을 동일하게 사용하도록 검증하는 기준표 | D2: 7챕터·콘텐츠 306개·권장 대표 경로 미들 3시간 40분·괴물 43종·아이템 42종·보스 6종+정예 1종을 모든 시트가 동일하게 사용. 스킬 DATA는 PC·NPC 지원·상태/시스템·몬스터/보스 총 211개 데이터를 하나의 표에서 관리
A3: 1. 밸런스 문서 핵심 항목
A4: 항목 | B4: 작성 방식 | C4: 값/형식 | D4: 우리 게임 적용 기준
A5: 플레이 난이도 | B5: 플레이어가 실제 입력을 수행할 때 느끼는 조작 난도 | C5: 1~10 정수 | D5: 1은 단순 확인·대화, 10은 빠른 보스 패턴과 복합 입력
A6: 플레이 흥미도 | B6: 기획자가 해당 구간에서 기대하는 재미의 목표값 | C6: 1~10 정수 | D6: 탐색·긴장·감정·반전·성취를 포함하며 실제 테스트값과 구분
A7: 콘텐츠 진행 순서 | B7: 게임 시작부터 엔딩까지 해금되는 모든 플레이 내용을 순서대로 기록 | C7: 1부터 연속 넘버링 | D7: 이동·조사·대화·전투·연출·선택 콘텐츠·장비 변화를 포함한 총 306개·7챕터. 연구시설 보안 전투는 265번에 편입
A8: 플레이 목표 | B8: 제목만 읽어도 플레이어가 해야 할 행동이 보이도록 작성 | C8: 행동형 제목 | D8: 예: 신상 과자 진열대 찾기, 아파트 계단에서 괴물을 피해 숨기
A9: 플레이 난관 | B9: 목표를 바로 달성하지 못하게 만드는 맵·NPC·시간·정보·전투 요소 | C9: 구체적 서술 | D9: 후보 수·시야 차단·시간 압박·감정적 부담 등을 기록
A10: 공략 방법 | B10: 플레이 난관을 해결하기 위해 관찰·판단·조작해야 하는 절차 | C10: 구체적 플레이 절차 | D10: 표에서 가장 핵심적인 항목으로 작성
A11: 체감 난이도 | B11: 플레이 난관 자체의 어려움과 원인을 함께 기록 | C11: 숫자/10 + 원인 | D11: 정보량·후보 수·패턴 수·시간 압박을 함께 평가
A12: 수행 과제 수 | B12: 해당 행을 완료하기 위해 필요한 행동·대상·단계의 수 | C12: 정수 | D12: 수거 8개, 단서 5개, 보스 패턴 3회 등
A13: 목표 달성 조건 | B13: 시스템이 완료를 판정할 수 있는 명확한 조건 | C13: 구체적 판정 조건 | D13: 목표 수량·트리거·퍼즐·보스 기믹 완료 등
A14: 실패 결과 | B14: 실패 시 재시작 지점이나 보상 감소 등 결과를 기록 | C14: 구체적 결과 또는 - | D14: 체력 0·시민 피해·오답 누적·시간 초과 등을 반영
A15: 예상 소요 시간 | B15: 라이트 유저가 초회 플레이에서 완료하는 기준 시간 | C15: 분·초 텍스트 | D15: 라이트 유저 열과 동일하게 작성
... A30: 전투 숙련 단계 | B30: 해당 전투를 안정적으로 공략하기 위한 조작·판단 수준 | C30: 1~9 또는 — | D30: PC DATA 기본 공격력 상승 시점과 전투 복잡도 검증에 사용
A31: 2. PC DATA 작성 기준
A32: 항목 | B32: 작성 방식 | C32: 값/형식 | D32: 우리 게임 적용 기준
A33: 플레이어 고유명(CLASS) | B33: 주인공의 고유명 또는 클래스 정체성 | C33: 텍스트 | D33: 닉네임이 아니라 차한해를 기록
A34: 콘텐츠 진행 순서 | B34: 능력치·장비·스킬이 최초 변화하는 시점 | C34: 밸런스 문서 번호 | D34: PC DATA는 능력치·장비·스킬이 처음 변하는 시점만 기록하고, PC DATA(대차대조표)는 1~306 모든 콘텐츠의 챕터·콘텐츠명·전투 상태·현재 기본 수치와 변화 근거를 기록
A35: 기본 공격력 | B35: 장비를 제외한 차한해의 전투 숙련 공격력 | C35: 10~560 정수 | D35: 일반인 기본 공격력 10. 79번에서 일회성 +990으로 순간 출력 1000, 118번부터 정식 전투 공격력 80→560 계단형 상승
A36: 공격력 합산 요소 | B36: 무기·공명 등 공격력에 더해지는 요소 | C36: 이름 + 보정값 | D36: 무기·공명·일회성 출력 변화는 최초 획득 또는 종료 시점만 기록
A37: 기본 방어력 | B37: 장비를 제외한 차한해의 피해 대응 숙련도 | C37: 10~220 정수 | D37: 일반인 기본 방어력 10. 정식 전투 개방 시 100으로 상승하고 공격 예측·충격 흘리기 숙련에 따라 220까지 증가
A38: 방어력 합산 요소 | B38: 방어구·보호 장비의 획득·파손·보정 변화 | C38: 이름 + 보정값 또는 변화값 | D38: 방어구는 획득·손상·성능 감소·완전 파손 시점만 기록
A39: 스킬 | B39: 지속 해금되는 PC 조작·판단 스킬의 이름을 최초 해금 시점에만 기록 | C39: 이름만 기록 | D39: 수치·발동 조건·상태이상·연계는 스킬 DATA에서 관리. 아이템 고유 행동과 엔딩 전용 강제 이벤트 스킬은 PC DATA에 반복 기입하지 않고 해당 콘텐츠와 스킬 DATA에서 연결
A40: 최초 등장·변화 원칙 | B40: 무기·스킬은 최초 등장, 방어구는 획득·성능 변화 시 기록 | C40: 변화 시점만 기록 | D40: PC DATA와 대차대조표 모두 무기·방어구·스킬을 매 행 누적 반복하지 않음. 변화 열은 최초 획득·교체·손상·파손 시점만 쓰고 나머지는 공란으로 유지
A41: 3. 우리 게임에서 제외한 항목
A42: 항목 | B42: 작성 방식 | C42: 값/형식 | D42: 우리 게임 적용 기준
A43: Lv·레벨업 필요 경험치·전직 퀘스트 | B43: 레벨과 전직 시스템이 없음 | C43: 챕터·스테이지·진행 관문 | D43: 삭제
A44: 몬스터 1체 경험치·퀘스트 보상 경험치 | B44: 처치 반복으로 성장하는 구조가 아님 | C44: 콘텐츠 진행 포인트 | D44: 삭제
A45: 레벨업 전투시간·필요 처치 수 | B45: 반복 사냥과 레벨업 루프가 없음 | C45: 전투 예상 시간·전투 숙련 단계 | D45: 삭제
A46: 파티플레이 보상 경험치 비율 | B46: 파티 경험치 분배 시스템이 없음 | C46: 인연 변화·다인 협력 기믹 | D46: 삭제
A47: 아이템 구매 기준가격·필요 처치 수 | B47: 전투 파밍 상점 경제가 핵심이 아님 | C47: 필요 시 별도 경제 시트 | D47: 전투 파밍 상점 경제는 제외. 정식 명칭의 아이템 42종에 획득·사용 콘텐츠를 연결하고, 연구시설의 권한이 없습니다까지 괴물 43종의 배치 번호를 추적
A48: 보스 경험치·레벨별 보스 분포 수 | B48: 보스가 레벨업 보상을 제공하지 않음 | C48: 보스 스테이지 수·스테이지 점수 | D48: 삭제
A49: 보스 타입 A/B 공통 시간 | B49: 보스마다 서사·기믹·페이즈가 달라 평균이 부정확함 | C49: 보스별 실제 페이즈 합 | D49: 삭제
A50: 퀘스트 레벨별 분포 개수 | B50: 퀘스트 레벨 구간이 없음 | C50: 챕터별 콘텐츠 수·진행 순서 | D50: 삭제
A51: 이동속도 A/B 고정 열 | B51: 일부 추격·호위에서만 필요해 대부분 공란 | C51: 난관·난이도 조절·밸런스 팩터 | D51: 필요 시 별도 시트
A52: 4. 시트 간 통일성 검증
A53: 항목 | B53: 작성 방식 | C53: 값/형식 | D53: 우리 게임 적용 기준
A54: 누적 플레이 시간 | B54: 예상 소요 시간 합계와 일치하는지 확인 | C54: 오차 0초 | D54: 문서 전체 라이트 4시간 15분 40초 · 미들 3시간 53분 35초 · 헤비 3시간 32분 20초 / 권장 대표 진엔딩 경로 라이트 4시간 · 미들 3시간 40분 · 헤비 3시간 20분
A55: 보스 시간 | B55: 밸런스 문서 보스 페이즈 합과 보스 설계 요약이 일치 | C55: 오차 0초 | D55: 나만 살아서 다행 6분/5분30초/5분 · 합치면 강해진댔잖아 7분/6분30초/6분 · 박수 없인 못 살아 8분/7분30초/7분 · 그날의 오답노트 8분30초/8분/7분30초 · 별을 삼킨 강당 10분/9분30초/9분 · 너만 무한이잖아 12분30초/12분/11분30초 · 정예 선의 압류관 10분30초/10분/9분30초
A56: 자아마모도 | B56: 밸런스 문서 변화량과 보스 요약 합계 일치 | C56: 증가 +, 회복 - | D56: 첫 보스 0%에서 시작해 여론·한도윤 사망·폐교 친구 소멸·균열 진실로 누적 100%. 대장 고양이 퀘스트에서 -2% 일시 회복
A57: 인연 변화 | B57: 대상별 누적이 0~100% 범위를 벗어나지 않음 | C57: 0~100% | D57: 도시 기본 60%·최대 100% · 예쁜 고양이 0~100% · 차우선·한도윤·이용익·강재한·나대진 관계를 별도 관리
A58: 진행 관문 | B58: HP 0·처치 표현이 서사적 승리 조건과 충돌하지 않음 | C58: 완료 조건 서술 | D58: 폐교 친구 변혜서는 인간으로 생존 복원되지 않으며, 포옹 후 잠깐 인간 모습으로 돌아와 감사한 뒤 완전히 소멸
A59: PC DATA | B59: PC DATA·대차대조표 변화 시점과 밸런스 문서의 콘텐츠 번호가 일치 | C59: 콘텐츠 번호 일치 | D59: 일반인 수치 1번 · 첫 힘 [펑!] 79번 · 정식 전투 118번 · 심층 장비 196번 · 최종 수치 288번을 포함한 PC 변화 시점과 스킬 DATA 최초 사용 콘텐츠가 일치하는지 확인
A60: 밸런스 팩터 | B60: 원 하나에 요소 하나만 기재하고 크기로 영향도 표현 | C60: 대/중/소 3단계 | D60: 핵심·반복·장면 단위 팩터를 구분
A61: 5. 콘텐츠 유형별 예상 시간 산정 기준
A62: 항목 | B62: 작성 방식 | C62: 값/형식 | D62: 우리 게임 적용 기준
A63: 대화·연출·확인 | B63: 초회 대사·연출 전체 확인 | C63: 읽기 속도 차이만 소폭 반영 | D63: 필수 연출 이후 빠른 넘김·다시보기 허용
A64: 이동·탐색·퍼즐 | B64: 길찾기·관찰·오답을 포함한 초회 시간 | C64: 동선 이해와 오답 감소 반영 | D64: 정체 시간에 따라 목표 표시·힌트 강화
A65: 일반·회피·정예 전투 | B65: 몬스터 수·패턴·시민 보호를 직접 산정 | C65: 패턴 이해와 조준 숙련 반영 | D65: 전조 강화와 체크포인트로 재시도 시간 제한
A66: 보스 기믹 | B66: 보스전의 개별 페이즈 시간 | C66: 페이즈 숙련 단축 반영 | D66: 마지막 페이즈 행에 전체 보스전 합계 병기
A67: 보스 | B67: 여러 페이즈 합으로 전체 시간을 산정 | C67: 첫 보스 헤비 5분·이후 주요 보스 8분 이상 | D67: 첫 보스 헤비 5분. 이후 실제 보스는 헤비 6분 이상으로 점증하며, 균열 수호체는 9분30초의 정예전으로 보스 수에서 제외
A68: 공통 | B68: 라이트 ≥ 미들 ≥ 헤비 | C68: 5초 단위 | D68: 권장 대표 진엔딩 경로 미들 3시간 40분. 모든 선택 콘텐츠·상호 배타 엔딩 행을 포함한 문서 전체 합산과 구분
A69: 6. 인연 시스템 대상별 기준값
A70: 대상 | B70: 초기값 → 최종값 | C70: 주요 상승 요인 | D70: 주요 하락 요인·포트폴리오 역할
A71: 도시 | B71: 0% → 기본 60% / 최대 100% | C71: 메인 구조 11개로 60% 보장·선택 콘텐츠 8개×5%로 최대 100% | D71: 메인 구조로 기본 60% 보장·1장 어르신 돕기 등 선택 콘텐츠 8개×5%로 최대 100%. 수치는 시민의 직접 기억·증언이며 75%·100%가 엔딩 임계치
A72: 예쁜 고양이 | B72: 0% → 0/25/50/75/100% | C72: 츄르 4개입 구매 후 선택 만남 4회×25% | D72: 0~49% 두 고양이 간식·50~69% 대장 고양이 간식·70~99% 헤드번팅 없음·100% 전용 애교
A73: 차우선 | B73: 45% → 엔딩별 변동 | C73: 초반 심부름·가족 대피·마지막 대면·생존 엔딩 재회 | D73: 영웅화 질투·한도윤 사망 이후 원망·희생 엔딩 추모 편지
A74: 한도윤 | B74: 75% → 100% 고정 | C74: 공원 협력·재난 합류·비공개 통화·회사 구조 | D74: 사망 이후 100% 고정, 예약 음성과 폐교·최종부 감정 축으로 사용
A75: 이용익 | B75: 50% → 0% | C75: 초기 대응 브리핑에서 일시적 신뢰 | D75: 고등급자 특혜·여론 조작·임시 대통령 취임·균열 단독 진입 명령·비리 공개
A76: 강재한 | B76: 45% → 0% | C76: 초기 국가 책임 요구에 대한 공감 | D76: 구조 지연 질타·한도윤 책임론·폭력시위·균열 진입 선동, 진엔딩에서 시민에게 설득됨
A77: 나대진 | B77: 50% → 100% | C77: 측정 안전·장비 지원·비상 계획·개인 기록 보존 | D77: 하락 없이 지속 상승, 차한해를 균열 자원보다 사람으로 대하는 조력자
A78: 7. 자아마모도 누적 설계
A79: 핵심 사건 | B79: 변화량 | C79: 누적값 | D79: 설계 의도
A80: 나만 살아서 다행 보스전 | B80: 0% | C80: 0% | D80: 자발적으로 시민을 구하는 첫 보스이므로 마모 없음
A81: 첫 구조 지연 항의 | B81: +3% | C81: 3% | D81: 환호가 무한 책임 요구로 바뀌는 첫 균열
A82: 고등급자의 선의 소모 거짓 주장 | B82: +4% | C82: 7% | D82: 특혜를 유지하려 차한해에게 출동을 떠넘김
A83: 합치면 강해진댔잖아 보스전 | B83: +5% | C83: 12% | D83: 폭력과 희생 기억을 마주하는 심리 부담
A84: 이용익 임시 대통령 취임·국가 우선 출동 | B84: +4% | C84: 16% | D84: 개인 판단보다 권력과 여론이 우선됨
A85: 박수 없인 못 살아 보스전 | B85: +8% | C85: 24% | D85: 선행이 영웅 소비와 특혜 유지 수단으로 변질됨
A86: 카메라 없는 구조를 의심하는 여론 | B86: +4% | C86: 28% | D86: 실제 구조보다 방송 화면과 지연 시간만으로 비난함
A87: 한도윤 사망 | B87: +12% | C87: 40% | D87: 가장 가까운 조력자를 구조 현장에서 잃음
A88: 강재한 책임론·차우선 원망 | B88: +10% | C88: 50% | D88: 위로 대신 책임 전가와 가족 원망이 연속됨
A89: 대장 고양이 영역 통과 | B89: -2% | C89: 48% | D89: 플레이어와 차한해를 위한 짧은 휴식·이전 인연의 보상
A90: 친구의 학교폭력 기억 체험 | B90: +5% | C90: 53% | D90: 급식실·강당 폭력을 친구의 시점으로 직접 체험
... A98: 차한해·너만 무한이잖아의 동일 근원 확인 | B98: +3% | C98: 100% | D98: 태생과 두 해결책을 알며 최종 선택 한계치 도달
A99: 8. 최종 엔딩 조건
A100: 선택 | B100: 도시 인연 조건 | C100: 시민 반응 | D100: 결과
A101: 진실 공개 | B101: 100% | C101: 일부 시민의 희생 반대가 확산되어 고등급자·폭력시위단체까지 설득 | D101: 모두 공동 진입·차한해 생존·균열 소멸·변이체 전원 복원·진엔딩
A102: 진실 공개 | B102: 0~99% | C102: 차한해 혼자 희생하는 것이 옳다고 강요 | D102: 강요된 희생 경로 · 균열 진입 직전 [눈물] 강제 발동→도시 전체 [죄책감]→차한해 소멸
A103: 진실 은폐+공동 진입 요청 | B103: 75~100% | C103: 전체 이유를 몰라도 차한해를 믿고 함께 진입 | D103: 차한해 생존·변이체 복원·선의의 거짓말 엔딩
A104: 진실 은폐+공동 진입 요청 | B104: 0~74% | C104: 두려움과 불신으로 공동 진입 거부 | D104: 공동 진입 거부 후 희생 요구 · 균열 진입 직전 [눈물] 강제 발동→도시 전체 [죄책감]→차한해 소멸
A105: 진실 은폐+단독 희생 | B105: 무관 | C105: 시민은 다른 해결책의 전체 진실을 모름 | D105: [눈물] 강제 발동→도시 전체 [죄책감]→차한해 소멸·균열 소멸·변이체 전원 복원
A106: 너만 무한이잖아의 거짓말 | B106: 공동 진입 성공 시 | C106: 변이체가 소멸한다는 설명은 인간의 선택을 시험하기 위한 거짓말 | D106: 실제로는 공동 진입에서도 변이체 전원 복원

Sheet 밸런스 곡선
A1: 전체 밸런스 곡선 요약
A2: 문서 전체 라이트 4시간 15분 40초 · 미들 3시간 53분 35초 · 헤비 3시간 32분 20초 / 권장 대표 진엔딩 경로 라이트 4시간 · 미들 3시간 40분 · 헤비 3시간 20분 — 1장 자발적 선행 선택, 836 청년의 변질, 변혜서·클릭헌터, 연구시설 보안 전투, 괴물 43종·아이템 42종을 통합함
A3: 총 콘텐츠 수 | B3: 306 | C3: 평균 플레이 난이도 | D3: 2.88 | E3: 평균 플레이 흥미도 | F3: 8.29 | G3: 보스 스테이지 수 | H3: 6 | I3: 대표 진엔딩 예상 시간(미들 기준) | J3: 0.15277778
A4: 콘텐츠 진행 순서 | B4: 콘텐츠 진행 포인트 누적 | C4: 상위 스테이지 해금 요구 포인트 | D4: 누적 플레이 시간(라이트)
A5: 1 | B5: 3 | C5: 0 | D5: 0.00052083333
A6: 2 | B6: 5 | C6: 0 | D6: 0.00081018519
A7: 3 | B7: 8 | C7: 0 | D7: 0.0012731481
A8: 4 | B8: 11 | C8: 0 | D8: 0.0018518519
A9: 5 | B9: 13 | C9: 0 | D9: 0.0023726852
A10: 6 | B10: 15 | C10: 0 | D10: 0.0027777778
A11: 7 | B11: 18 | C11: 15 | D11: 0.0031828704
A12: 8 | B12: 22 | C12: 15 | D12: 0.003587963
A13: 9 | B13: 25 | C13: 15 | D13: 0.0039351852
A14: 10 | B14: 28 | C14: 15 | D14: 0.0047453704
A15: 11 | B15: 31 | C15: 28 | D15: 0.0052662037
A16: 12 | B16: 34 | C16: 28 | D16: 0.005787037
... A27: 23 | B27: 75 | C27: 53 | D27: 0.010763889
A28: 24 | B28: 81 | C28: 53 | D28: 0.011574074 | F28: 챕터 | G28: 콘텐츠 수 | H28: 라이트 | I28: 미들 | J28: 헤비
A29: 25 | B29: 84 | C29: 53 | D29: 0.012210648 | F29: 1 | 평범한 하루 | G29: 37 | H29: 0.017071759 | I29: 0.014525463 | J29: 0.012673611
A30: 26 | B30: 87 | C30: 84 | D30: 0.012673611 | F30: 2 | 금이 간 일상 | G30: 32 | H30: 0.0097800926 | I30: 0.0089699074 | J30: 0.0087384259
A31: 27 | B31: 91 | C31: 87 | D31: 0.012962963 | F31: 3 | 선택된 선의 | G31: 45 | H31: 0.017766204 | I31: 0.016608796 | J31: 0.014583333
A32: 28 | B32: 96 | C32: 87 | D32: 0.013541667 | F32: 4 | 영웅의 시작 | G32: 39 | H32: 0.018518519 | I32: 0.016782407 | J32: 0.01568287
A33: 29 | B33: 102 | C33: 87 | D33: 0.013946759 | F33: 5 | 영웅의 대가 | G33: 41 | H33: 0.028587963 | I33: 0.026099537 | J33: 0.024537037
A34: 30 | B34: 107 | C34: 87 | D34: 0.014293981 | F34: 6 | 남겨진 친구 | G34: 63 | H34: 0.039409722 | I34: 0.036168981 | J34: 0.032465278
A35: 31 | B35: 110 | C35: 87 | D35: 0.014583333 | F35: 7 | 강요된 희생 | G35: 49 | H35: 0.046412037 | I35: 0.043055556 | J35: 0.038773148
A36: 32 | B36: 113 | C36: 87 | D36: 0.014988426
A37: 33 | B37: 116 | C37: 113 | D37: 0.015335648
A38: 34 | B38: 120 | C38: 113 | D38: 0.015798611 | F38: 인연 대상 | G38: 초기값 | H38: 최종/범위 | I38: 설계 방향 | J38: 엔딩 조건
A39: 35 | B39: 125 | C39: 113 | D39: 0.016087963 | F39: 도시 | G39: 0 | H39: 기본 60%·최대 100% | I39: 메인 구조로 기본 인연을 보장하고 1장 어르신 돕기를 포함한 선택 콘텐츠 8개로 최대치 달성 | J39: 75%: 진실 은폐 공동 진입 신뢰 / 100%: 진실 공개 진엔딩
A40: 36 | B40: 128 | C40: 113 | D40: 0.016724537 | F40: 예쁜 고양이 | G40: 0 | H40: 0~100% | I40: 츄르 4개입과 선택 만남 4회로 25%씩 상승 | J40: 0~49% 두 고양이 간식 / 50~69% 대장 고양이 간식 / 70~99% 헤드번팅 없음 / 100% 전용 애교
A41: 37 | B41: 132 | C41: 128 | D41: 0.017071759 | F41: 차우선 | G41: 45 | H41: 엔딩별 변동 | I41: 심부름·대피·질투·원망·마지막 대면을 거쳐 관계 결산 | J41: 생존·희생 엔딩 후일담 분기
A42: 38 | B42: 135 | C42: 132 | D42: 0.017303241 | F42: 한도윤 | G42: 75 | H42: 100% 고정 | I42: 공원 협력·회사 구조 후 사망, 예약 음성으로 후반 감정 축 유지 | J42: 100%: 예약 음성·후일담 강화
A43: 39 | B43: 138 | C43: 132 | D43: 0.017418981 | F43: 이용익 | G43: 50 | H43: 0% | I43: 영웅화·고등급자 특혜·여론 조작·균열 진입 명령으로 하락 | J43: 비리 공개 선택 시 도시 인연 +5%
A44: 40 | B44: 140 | C44: 132 | D44: 0.017534722 | F44: 강재한 | G44: 45 | H44: 0% | I44: 정부 비판에서 폭력시위·희생 선동으로 적대화 | J44: 진엔딩에서 시민 증언으로 최종 설득 가능
A45: 41 | B45: 143 | C45: 132 | D45: 0.017766204 | F45: 나대진 | G45: 50 | H45: 100% | I45: 측정 안전·장비 지원·비상 계획·개인 기록 보존 | J45: 차한해를 자원이 아닌 사람으로 대하는 고정 조력자
A46: 42 | B46: 148 | C46: 132 | D46: 0.017939815
A47: 43 | B47: 151 | C47: 132 | D47: 0.018113426
A48: 44 | B48: 156 | C48: 132 | D48: 0.018576389
A49: 45 | B49: 160 | C49: 132 | D49: 0.018981481
A50: 46 | B50: 163 | C50: 132 | D50: 0.019386574
A51: 47 | B51: 166 | C51: 132 | D51: 0.019791667
A52: 48 | B52: 169 | C52: 132 | D52: 0.020196759
A53: 49 | B53: 174 | C53: 132 | D53: 0.020601852
A54: 50 | B54: 177 | C54: 132 | D54: 0.020891204
A55: 51 | B55: 181 | C55: 132 | D55: 0.021238426
A56: 52 | B56: 187 | C56: 132 | D56: 0.021759259
A57: 53 | B57: 191 | C57: 132 | D57: 0.021990741
... A310: 306 | B310: 1566 | C310: 1534 | D310: 0.1775463

Sheet 보스 설계 요약
A1: 보스 밸런스 설계 요약
A2: 보스전은 개별 페이즈 합으로 계산하며 권장 대표 경로 미들 3시간 40분 안에서 6종 보스와 정예 수호체 1종의 규칙이 겹치지 않게 배치함. 보스 스킬명은 각 존재의 상황·목표·서사가 읽히도록 대사형·행동형으로 구성하고 실제 효과는 스킬 DATA의 상태·연계 값으로 공용화함. 변혜서는 포옹 뒤 잠깐 인간 모습으로 돌아와 감사한 후 완전히 소멸하며, 너만 무한이잖아는 차한해와 같은 균열 태생 존재임.
A4: 순서 | B4: 챕터·스테이지 | C4: 보스명 | D4: 인간 시절 핵심 서사 | E4: 선의 0 도달 원인 | F4: 전투 구조 | G4: 핵심 공략 | H4: 권장 전투 숙련도 | I4: 보스전 예상 시간(라이트) | J4: 보스전 예상 시간(미들) | K4: 보스전 예상 시간(헤비) | L4: 핵심 패턴 수 | M4: 실패·재시작 기준 | N4: 난이도 보정 | O4: 자아마모도 변화 | P4: 스테이지 점수 S | Q4: 서사적 승리 조건 | R4: 전후 완급 조절 | S4: 콘텐츠 소모율 조절 | T4: 검증
A5: 1 | B5: 4-E | 첫 보스·봉쇄 대피소 | C5: 나만 살아서 다행 | D5: 문밖 구조 요청이 진짜 사람임을 알았지만 괴물 소리와 자기보존 욕망 때문에 문을 닫은 대피소 관리자 | E5: 사람들이 사라진 뒤 ‘난 살아서 다행’이라고 안도한 순간 선의 0, 곧바로 균열에 들어가 변이 | F5: 연속 폐문·존재 무시·통로 봉쇄·잠금 핵 노출형 [문 닫습니다! / 밖에 있어. / 너도 밖으로. / 잠금 해제? 잠깐.] | G5: 방화문 재개방→문밖 시민 전원 구조→전 문 개방 유지→잠금 핵 무력화. 필요 시 PC [잠깐만!] 1회로 1초 경직 | H5: 6 | I5: 6분 | J5: 5분 30초 | K5: 5분 | L5: 4 | M5: 주인공 또는 시민 체력 0·시민 소멸·문 2개 이상 재폐쇄 시 현재 페이즈 재시작 | N5: 잠금 순서·시민 음성 방향·재폐쇄 예고·핵 노출 시간 표시 | O5: 0% (누적 0%) | P5: 4200 | Q5: 닫힌 문을 모두 열고 문밖 시민까지 구조한 뒤 잠금 핵을 무력화 | R5: 전: 경찰 방패·시민 제작 나무판 보호대 / 후: 장비 파손·구조 지연 비난 | S5: 3페이즈 체크포인트·실패한 페이즈부터 재시작 | T5: 일치 (146~148번, 6분·5분30초·5분, 자아마모 0%)
A6: 2 | B6: 5-C | 융합 보스·폭력의 순환 | C6: 합치면 강해진댔잖아 | D6: 폭력을 대신 받아낸 자와 살아남기 위해 폭력을 행사한 자의 기억이 하나의 외피에 갇힘 | E6: 희생과 복종이 폭력을 끝내지 못했다는 절망으로 인간에 대한 신뢰를 잃음 | F6: 융합 부위 교대·흡수·재생·폭주형 [한꺼번에 쾅! / 너도 붙어! / 하나 더 붙이면 돼 / 왜 더 약해져?!] | G6: 받아낼 공격·피할 공격 구분→시민 대피→연결 핵 동시 파괴 | H6: 8 | I6: 7분 | J6: 6분 30초 | K6: 6분 | L6: 6 | M6: 시민 체력 0·공격 규칙 오판 누적·시간 초과 시 현재 페이즈 재시작 | N6: 공격 전조·안전 방향·시민 이동 예상선 강화 | O6: +5% (누적 12%) | P6: 7600 | Q6: 때리는 자와 맞는 자를 연결한 폭력 순환 구조 자체 파괴 | R6: 전: 836 청년의 거짓 소문·차한해 단독 출동 / 후: 군용 방탄판 지원 | S6: 공격 규칙 교대와 시민 보호를 결합하고 전조만 단계 강화 | T6: 일치 (163~168번, 7분·6분30초·6분, 자아마모 +5%)
A7: 3 | B7: 5-F | 보스전·박수 없인 못 살아 | C7: 박수 없인 못 살아 | D7: 고등급자 특혜를 잃기 싫어 긴급 구조 알림을 끈 인물. 다른 고등급자도 출동하지 않아 대규모 사상자가 발생 | E7: 참사 뉴스를 보면서도 ‘내 수치를 지키려면 어쩔 수 없었다’고 합리화해 선의 0 | F7: 갈채 보호막·카메라 시야·실제 시민 판별형 [나 찍고 있지? / 박수 더! / 진짜 시민 맞아? / 박수 먹기] | G7: 카메라 사각 이동→중계 차단→실제 시민 판별→카메라 없는 구조 | H7: 8 | I7: 8분 | J7: 7분 30초 | K7: 7분 | L7: 4 | M7: 갈채 수치 최대·가짜 구조 오답 누적·시민 또는 주인공 체력 0 시 재시작 | N7: 카메라 시야·전원선·실제 시민 행동 단서 강화 | O7: +8% (누적 24%) | P7: 4800 | Q7: 아무도 보지 않는 곳에서 시민을 구조해 갈채 보호막 제거 | R7: 전: 긴급 알림 차단·연쇄 불출동 / 후: 구조 영상 부재로 여론 악화 | S7: 판별·환경 제어 중심, 오답만 체크포인트화 | T7: 일치 (178~181번, 8분·7분30초·7분, 자아마모 +8%)
A8: 4 | B8: 6-F | 폐교 본관 3층·환영전 | C8: 그날의 오답노트 | D8: 인간 출신이 아니라 변혜서의 기억 조각과 차한해의 죄책감을 재료로 균열이 만든 군체 | E8: 해당 없음 — 책상·칠판·보랏빛 세포막이 엉킨 비인간형 균열 구성체 | F8: 왜곡 장면·거짓 단서·죄책감 증폭·진실 닻 교체형 [그날은 이랬어. / 교실 다시 쓰기 / 네가 틀렸잖아. / 정답 바꾸기] | G8: 수집 증거로 왜곡 장면 판별→포위 해체→별 문양·보랏빛 진실 닻 확인→거짓 닻 3개 파괴 | H8: 8 | I8: 8분 30초 | J8: 8분 | K8: 7분 30초 | L8: 4 | M8: 왜곡 선택 3회·죄책감 최대·주인공 체력 0 시 현재 페이즈 재시작 | N8: 증거 바로 보기·거짓 닻 제거·진실 닻 잔광 강화 | O8: 0% (누적 53%) | P8: 5200 | Q8: 환영을 죽이는 것이 아니라 왜곡을 해체해 강당 열쇠와 진짜 기억 확보 | R8: 전: 졸업앨범·연락 기록 / 후: 강당 장비 준비·변혜서 대면 | S8: 2페이즈 증거 판별과 환경 파괴를 분리 | T8: 일치 (239~240번, 8분30초·8분·7분30초)
A9: 5 | B9: 6-G | 폐교 강당·보스전 | C9: 별을 삼킨 강당 | D9: 변혜서. 어린 시절 선하고 자존감 높아 차한해를 도왔지만 학교폭력으로 무너지고 타인의 고통까지 외면함 | E9: 과거의 자신처럼 괴롭힘당하는 아이를 ‘나도 도움받지 못했다’며 외면한 마지막 선택 | F9: 괴물 외피→기억 개입→별 목걸이 심장→공격 중지·포옹·소멸형 [아직 안 끝났어 / 공은 돌아온다 / 왜 이제 왔어? / 때리지 마.] | G9: 사랑의 매 외피 파괴→농구공 기억 핵 차단→변혜서 확인→[손 내려.]로 공격 중지→포옹 | H9: 9 | I9: 10분 | J9: 9분 30초 | K9: 9분 | L9: 6 | M9: 죄책감 최대·접근 피격 누적·공격 중지 실패 시 해당 페이즈 재시작 | N9: 우정 반지 완료 시 펜던트 식별·약점 경고 강화, 접근 체크포인트 제공 | O9: +27% (누적 80%) | P9: 8900 | Q9: 변혜서를 생존 복원하지 않고 포옹으로 고통에서 해방해 마지막 감사 뒤 완전히 보내 줌 | R9: 전: 우정 반지·졸업앨범·학교폭력 기억 / 후: 변혜서 소멸·인간 기원 공식 확인 | S9: 근·원거리 교대 뒤 공격 중지로 승리 규칙 전환 | T9: 일치 (246~251번, 10분·9분30초·9분, 변혜서 완전 소멸)
A10: 6 | B10: 7-H | 너만 무한이잖아 보스전 | C10: 너만 무한이잖아 | D10: 인간 출신이 아닌 차한해와 같은 균열 근원에서 태어난 존재로, 차한해와 둘이면서 하나임 | E10: 해당 없음 — 인간 변이체가 아니라 균열 태생 존재 | F10: 계량 규칙 변경·무한대 부담 장치·마지막 일격 동기화형 [등급부터 매길게. / 한 명이면 충분해. / 측정합니다. / 마지막은 같이.] | G10: [등급? 됐거든.]→표식 해제→[이번엔 같이.]로 무한대 부담 장치 파괴→핵 노출→마지막 일격 동기화 | H10: 9 | I10: 12분 30초 | J10: 12분 | K10: 11분 30초 | L10: 5 | M10: 차한해 체력 0·계량 장치 재가동 시 현재 페이즈 재시작 | N10: 등급 위험 순서·해제 연결선·핵 공명 주기 강화 | O10: +3% (진실 확인 포함·누적 100%) | P10: 6400 | Q10: 단순 처치가 아니라 마지막 일격으로 동기화해 태생과 두 해결 방법을 체험 | R10: 전: 거울 미로·껍데기의 바다·정예 수호체 / 후: 진실 공개·도시 인연 엔딩 판정 | S10: 전투 뒤 기억 체험으로 진실 전달·최종 선택 재시작 지점 분리 | T10: 일치 (285~288번, 12분30초·12분·11분30초, 기원 진실 290번)
A11: 정예 몬스터인 균열 수호체 ‘선의 압류관’는 인간 변이체가 아니라 균열에서 태어난 존재이며 보스 수에 포함하지 않음. 정예전 시간은 라이트 10분 30초·미들 10분·헤비 9분 30초로 별도 집계함.
A13: 보스명 | B13: 라이트(분) | C13: 미들(분) | D13: 헤비(분)
A14: 나만 살아서 다행 | B14: 6 | C14: 5.5 | D14: 5
A15: 합치면 강해진댔잖아 | B15: 7 | C15: 6.5 | D15: 6
A16: 박수 없인 못 살아 | B16: 8 | C16: 7.5 | D16: 7
A17: 그날의 오답노트 | B17: 8.5 | C17: 8 | D17: 7.5
A18: 별을 삼킨 강당 | B18: 10 | C18: 9.5 | D18: 9
A19: 너만 무한이잖아 | B19: 12.5 | C19: 12 | D19: 11.5

Sheet 시뮬레이터
B1: BATTLE BALANCE SIMULATOR
B2: 몬스터 × 차한해 전투 수치·속성 상성 비교
B4: MONSTER · 적 개체 선택 | M4: PLAYER · 차한해 전투 시점
B5: 별을 삼킨 강당 | M5: 콘텐츠 진행 순서 | P5: 249
M6: =IFERROR(VLOOKUP($P$5,'PC DATA(대차대조표)'!$B$3:$L$308,2,FALSE),"") -> 별을 삼킨 강당가 변혜서임을 확정하고 선의 안정 장치 발동 견디기
B7: MONSTER IMAGE 선택 몬스터 이미지 영역 | M7: PLAYER IMAGE 차한해 이미지 영역
I8: VS
I11: 선택값 변경 시 전투 데이터 자동 갱신
B16: 타입 | D16: =IFERROR(VLOOKUP($B$5,몬스터!$C$7:$X$312,3,FALSE),"") -> 챕터 보스 | M16: 캐릭터 | O16: =IFERROR(VLOOKUP($P$5,'PC DATA(대차대조표)'!$B$3:$L$308,3,FALSE),"") -> 차한해
B17: 출현 콘텐츠 | D17: =IFERROR(INDEX(몬스터!$A$7:$A$312,MATCH($B$5,몬스터!$C$7:$C$312,0)),"") -> 245 | M17: 전투 상태 | O17: =IFERROR(VLOOKUP($P$5,'PC DATA(대차대조표)'!$B$3:$L$308,4,FALSE),"") -> 0
B18: 속성 | D18: =IFERROR(VLOOKUP($B$5,몬스터!$C$7:$X$312,21,FALSE),"") -> 차단 | M18: 신규 해금 | O18: =IFERROR(VLOOKUP($P$5,'PC DATA(대차대조표)'!$B$3:$L$308,9,FALSE),"-") -> 0
B20: COMBAT STATUS · 핵심 능력치 비교
I21: MONSTER | J21: STAT | K21: PLAYER
B22: 생명력 | D22: =IFERROR(VLOOKUP($B$5,몬스터!$C$7:$X$312,4,FALSE),0) -> 6200 | I22: =IFERROR(VLOOKUP($B$5,몬스터!$C$7:$X$312,8,FALSE),0) -> 102 | J22: 최종 공격력 | K22: =IFERROR(VLOOKUP($P$5,'PC DATA(대차대조표)'!$B$3:$L$308,5,FALSE),0) -> 보스 전투 | M22: 현재 공격력 | O22: =IFERROR(VLOOKUP($P$5,'PC DATA(대차대조표)'!$B$3:$L$308,5,FALSE),"-") -> 보스 전투
B23: 기본 공격력 | D23: =IFERROR(VLOOKUP($B$5,몬스터!$C$7:$X$312,5,FALSE),0) -> 84 | I23: =IFERROR(VLOOKUP($B$5,몬스터!$C$7:$X$312,12,FALSE),0) -> 70 | J23: 최종 방어력 | K23: =IFERROR(VLOOKUP($P$5,'PC DATA(대차대조표)'!$B$3:$L$308,7,FALSE),0) -> 0 | M23: 공격 변화 | O23: =IFERROR(VLOOKUP($P$5,'PC DATA(대차대조표)'!$B$3:$L$308,6,FALSE),"-") -> 470
B24: 공격 보정 | D24: =IFERROR(VLOOKUP($B$5,몬스터!$C$7:$X$312,7,FALSE),0) -> 18 | M24: 현재 방어력 | O24: =IFERROR(VLOOKUP($P$5,'PC DATA(대차대조표)'!$B$3:$L$308,7,FALSE),"-") -> 0
B25: 최종 공격력 | D25: =IFERROR(VLOOKUP($B$5,몬스터!$C$7:$X$312,8,FALSE),0) -> 102 | M25: 방어 변화 | O25: =IFERROR(VLOOKUP($P$5,'PC DATA(대차대조표)'!$B$3:$L$308,8,FALSE),"-") -> 165
B26: 기본 방어력 | D26: =IFERROR(VLOOKUP($B$5,몬스터!$C$7:$X$312,9,FALSE),0) -> 54
B27: 방어 보정 | D27: =IFERROR(VLOOKUP($B$5,몬스터!$C$7:$X$312,11,FALSE),0) -> 16
B28: 최종 방어력 | D28: =IFERROR(VLOOKUP($B$5,몬스터!$C$7:$X$312,12,FALSE),0) -> 70
B31: ATTRIBUTE MATCH-UP · 속성 대차대조표 연동
B32: 차한해 공격 속성 | H32: 공격 상성 | M32: 차한해 방어 속성
B33: 공명 | H33: =$B$33&" VS "&IFERROR(VLOOKUP($B$5,몬스터!$C$7:$X$312,21,FALSE),"") -> 공명 VS 차단 | J33: VS | M33: 안정
B35: 차한해 → 몬스터 | H35: 비교 지표 실제 피해량 공식이 문서에 정의되어 있지 않으므로, 최종 공격력 × 속성 K와 상대 방어력의 차이를 ‘밸런스 비교용 지표’로만 표시함. | M35: 몬스터 → 차한해
B36: 상성 매개 상수 K | E36: =IFERROR(INDEX('속성 대차대조표'!$B$11:$E$14,MATCH($B$33,'속성 대차대조표'!$A$11:$A$14,0),MATCH($D$18,'속성 대차대조표'!$B$10:$E$10,0)),1) -> 1.7 | M36: 상성 매개 상수 K | P36: =IFERROR(INDEX('속성 대차대조표'!$B$11:$E$14,MATCH($D$18,'속성 대차대조표'!$A$11:$A$14,0),MATCH($M$33,'속성 대차대조표'!$B$10:$E$10,0)),1) -> 1.2
B37: 상성 적용 공격 지표 | E37: =ROUND($K$22*$E$36,1) -> #VALUE! | M37: 상성 적용 공격 지표 | P37: =ROUND($I$22*$P$36,1) -> 122.4
B38: 상대 방어력 | E38: =$I$23 -> 70 | M38: 상대 방어력 | P38: =$K$23 -> 0
B39: 공격-방어 격차 | E39: =ROUND($E$37-$E$38,1) -> #VALUE! | M39: 공격-방어 격차 | P39: =ROUND($P$37-$P$38,1) -> 122.4
B40: =IF($E$39>0,"공격 우세",IF($E$39=0,"균형","방어 우세")) -> #VALUE! | M40: =IF($P$39>0,"몬스터 공격 우세",IF($P$39=0,"균형","차한해 방어 우세")) -> 몬스터 공격 우세
B43: SKILL LOADOUT · 선택 개체 스킬 구성 및 상세
B44: MONSTER SKILLS | M44: PLAYER CONTEXT
B45: =IFERROR(VLOOKUP($B$5,몬스터!$C$7:$X$312,13,FALSE),"-") -> 아직 안 끝났어 | F45: =IFERROR(VLOOKUP($B$5,몬스터!$C$7:$X$312,14,FALSE),0)&"%" -> 25% | M45: 해당 시점 스킬 | P45: =IFERROR(VLOOKUP($P$5,'PC DATA(대차대조표)'!$B$3:$L$308,9,FALSE),"-") -> 0
B46: =IFERROR(VLOOKUP($B$5,몬스터!$C$7:$X$312,15,FALSE),"-") -> 공은 돌아온다 | F46: =IFERROR(VLOOKUP($B$5,몬스터!$C$7:$X$312,16,FALSE),0)&"%" -> 20% | M46: 공격 변화 | P46: =IFERROR(VLOOKUP($P$5,'PC DATA(대차대조표)'!$B$3:$L$308,6,FALSE),"-") -> 470
B47: =IFERROR(VLOOKUP($B$5,몬스터!$C$7:$X$312,17,FALSE),"-") -> 왜 이제 왔어? | F47: =IFERROR(VLOOKUP($B$5,몬스터!$C$7:$X$312,18,FALSE),0)&"%" -> 25% | M47: 방어 변화 | P47: =IFERROR(VLOOKUP($P$5,'PC DATA(대차대조표)'!$B$3:$L$308,8,FALSE),"-") -> 165
B48: =IFERROR(VLOOKUP($B$5,몬스터!$C$7:$X$312,19,FALSE),"-") -> 때리지 마. | F48: =IFERROR(VLOOKUP($B$5,몬스터!$C$7:$X$312,20,FALSE),0)&"%" -> 30% | M48: 현재 상태 메모 | P48: =IFERROR(VLOOKUP($P$5,'PC DATA(대차대조표)'!$B$3:$L$308,10,FALSE),"-") -> 바꿔가며!
B50: 때리지 마. | M50: 바꿔가며!
B51: 스킬 타입 | D51: =IFERROR(VLOOKUP($B$50,'스킬 DATA'!$G$5:$AD$215,4,FALSE),"-") -> 액티브 | M51: 스킬 타입 | O51: =IFERROR(VLOOKUP($M$50,'스킬 DATA'!$G$5:$AD$215,4,FALSE),"-") -> 액티브
B52: 추가 설명 | D52: =IFERROR(VLOOKUP($B$50,'스킬 DATA'!$G$5:$AD$215,2,FALSE),"-") -> '공격 중지·접근' 행동을 수행해 위치·전투 리듬을 변화시킴. | M52: 추가 설명 | O52: =IFERROR(VLOOKUP($M$50,'스킬 DATA'!$G$5:$AD$215,2,FALSE),"-") -> 근거리 사랑의 매와 원거리 보랏빛 농구공을 빠르게 전환해 보스의 거리별 기억 패턴에 대응함.
B54: 발동 조건 | D54: =IFERROR(VLOOKUP($B$50,'스킬 DATA'!$G$5:$AD$215,8,FALSE),"-") -> 현재 페이즈에서 사용 가능·가중치 판정 | M54: 발동 조건 | O54: =IFERROR(VLOOKUP($M$50,'스킬 DATA'!$G$5:$AD$215,8,FALSE),"-") -> 보유 무기 2종
B55: 피해 계수 | D55: =IFERROR(VLOOKUP($B$50,'스킬 DATA'!$G$5:$AD$215,10,FALSE),"-") -> 0 | M55: 피해 계수 | O55: =IFERROR(VLOOKUP($M$50,'스킬 DATA'!$G$5:$AD$215,10,FALSE),"-") -> 0
B56: 쿨타임(초) | D56: =IFERROR(VLOOKUP($B$50,'스킬 DATA'!$G$5:$AD$215,16,FALSE),"-") -> 8.6 | M56: 쿨타임(초) | O56: =IFERROR(VLOOKUP($M$50,'스킬 DATA'!$G$5:$AD$215,16,FALSE),"-") -> 0.8
B57: 시전 시간(초) | D57: =IFERROR(VLOOKUP($B$50,'스킬 DATA'!$G$5:$AD$215,17,FALSE),"-") -> 0.9 | M57: 시전 시간(초) | O57: =IFERROR(VLOOKUP($M$50,'스킬 DATA'!$G$5:$AD$215,17,FALSE),"-") -> 0.15
B58: 능력 변동 | D58: =IFERROR(VLOOKUP($B$50,'스킬 DATA'!$G$5:$AD$215,18,FALSE),"-") -> 없음 | M58: 능력 변동 | O58: =IFERROR(VLOOKUP($M$50,'스킬 DATA'!$G$5:$AD$215,18,FALSE),"-") -> 장비 슬롯
B59: 변동 수치 | D59: =IFERROR(VLOOKUP($B$50,'스킬 DATA'!$G$5:$AD$215,19,FALSE),"-") -> 0 | M59: 변동 수치 | O59: =IFERROR(VLOOKUP($M$50,'스킬 DATA'!$G$5:$AD$215,19,FALSE),"-") -> 1
B62: BATTLE REVIEW · 기획자 검토 메모
B63: 몬스터 설계 비고 | G63: =IFERROR(VLOOKUP($B$5,몬스터!$C$7:$X$312,22,FALSE),"-") -> 체육 매트·농구 골대 갈비뼈·빈 교복이 강당처럼 융합된 변혜서의 보스체. 별 모양 우정 목걸이만 심장처럼 보랏빛으로 빛난다.
B65: 비교 결과 요약 | G65: =IF($E$39>0,"차한해 공격 지표가 몬스터 방어력을 상회함. ","차한해 공격 지표가 몬스터 방어력 이하임. ")&IF($P$39>0,"몬스터 공격 지표가 차한해 방어력을 상회함.","몬스터 공격 지표가 차한해 방어력 이하임.") -> #VALUE!
B69: ※ ‘공격-방어 격차’는 실제 피해량이 아닌 밸런스 비교용 보조 지표임. 실제 피해 공식이 확정되면 해당 영역만 공식으로 교체할 수 있도록 분리 설계함.
AA100: 보라멍울 | AB100: 1 | AC100: 안정 | AD100: 싫어요. | AE100: =IFERROR(VLOOKUP($B$5,몬스터!$C$7:$X$312,13,FALSE),"") -> 아직 안 끝났어
AA101: 문틈젤리 | AB101: 2 | AC101: 공명 | AD101: 펑! | AE101: =IFERROR(VLOOKUP($B$5,몬스터!$C$7:$X$312,15,FALSE),"") -> 공은 돌아온다
AA102: 질질핵 | AB102: 3 | AC102: 차단 | AD102: 탕! | AE102: =IFERROR(VLOOKUP($B$5,몬스터!$C$7:$X$312,17,FALSE),"") -> 왜 이제 왔어?
AA103: 울음주머니 | AB103: 4 | AC103: 침식 | AD103: 앗, 피해! | AE103: =IFERROR(VLOOKUP($B$5,몬스터!$C$7:$X$312,19,FALSE),"") -> 때리지 마.
AA104: 길치섬모 | AB104: 5 | AD104: 잠깐만!
AA105: 쫓쫓해삼 | AB105: 6 | AD105: 먼저 들었어
AA106: 길막말미잘 | AB106: 7 | AD106: 피했으면 내 차례
AA107: 엉킨세포군 | AB107: 8 | AD107: 보라색, 여기!
AA108: 대장촉수 | AB108: 9 | AD108: 앞은 내가 막아
AA109: 똑똑소라 | AB109: 10 | AD109: 저기 봐!
AA110: 문틈새우 | AB110: 11 | AD110: 이쪽이야!
AA111: 밖으로 나가재 | AB111: 12 | AD111: 핵부터!
AA112: 내자리산호 | AB112: 13 | AD112: 증폭기, 켠다!
AA113: 비상구대게 | AB113: 14 | AD113: 한 줄로 서!
AA114: 나만 살아서 다행 | AB114: 15 | AD114: 둘 중 하나!
AA115: 찰싹진드기 | AB115: 16 | AD115: 하나, 둘—지금!
... AA131: 한 명 빼고 전부 | AB131: 32 | AD131: 무한 선의
AA132: 그날의 오답노트 | AB132: 33
AA133: 별을 삼킨 강당 | AB133: 34
AA134: 권한이 없습니다 | AB134: 35
AA135: 조회수는 못 참지 | AB135: 36
AA136: 네 탓 택배 | AB136: 37
AA137: 납작 엎드려 | AB137: 38
AA138: 아직도 안 구했어? | AB138: 39
AA139: 너만 할 수 있대 | AB139: 40
AA140: 딱 한 명이면 돼 | AB140: 41
AA141: 선의 압류관 | AB141: 42
AA142: 너만 무한이잖아 | AB142: 43
AB143: 44
AB144: 45
AB145: 46
AB146: 47
AB147: 48
AB148: 49
AB149: 50
AB150: 51
AB151: 52
AB152: 53
AB153: 54
AB154: 55
... AB405: 306
