Workbook
Name 몬스터_기본_공격_평균_시간: '[1]몬스터 공격 시간'!$E$4
Name 몬스터_생명력: 몬스터!$H$7:$H$312
Name 몬스터_생명력_가져오기: INDEX(몬스터_생명력,MATCH(시뮬레이터!$B$1,몬스터_이름,0))
Name 몬스터_선공: 몬스터!$C$7:$C$312
Name 몬스터_선공_가져오기: INDEX(몬스터_선공,MATCH(시뮬레이터!$B$1,몬스터_이름,0))
Name 몬스터_속성: 몬스터!$G$7:$G$312
Name 몬스터_속성_가져오기: INDEX(몬스터_속성,MATCH(시뮬레이터!$B$1,몬스터_이름,0))
Name 몬스터_스킬_가져오기: INDEX(몬스터_스킬_시전_시간,MATCH([1]시뮬레이터!$C$49,몬스터_스킬_목록,0))
Name 몬스터_스킬_목록: '[1]몬스터 공격 시간'!$A$1:$A$25
Name 몬스터_스킬_사용자: '스킬 DATA'!$C$56:$C$212
Name 몬스터_스킬_시전_시간: '[1]몬스터 공격 시간'!$B$1:$B$25
Name 몬스터_스킬1: 몬스터!$Q$7:$Q$312
Name 몬스터_스킬1_가져오기: IFERROR(INDEX(몬스터_스킬1,MATCH(시뮬레이터!$B$1,몬스터_이름,0)),"-")
Name 몬스터_스킬2: 몬스터!$S$7:$S$312
Name 몬스터_스킬2_가져오기: IFERROR(INDEX(몬스터_스킬2,MATCH(시뮬레이터!$B$1,몬스터_이름,0)),"-")
Name 몬스터_스킬3: 몬스터!$U$7:$U$312
Name 몬스터_스킬3_가져오기: IFERROR(INDEX(몬스터_스킬3,MATCH(시뮬레이터!$B$1,몬스터_이름,0)),"-")
Name 몬스터_스킬4: 몬스터!$W$7:$W$312
Name 몬스터_스킬4_가져오기: IFERROR(INDEX(몬스터_스킬4,MATCH(시뮬레이터!$B$1,몬스터_이름,0)),"-")
Name 몬스터_스킬목록: '스킬 DATA'!$G$56:$G$212
Name 몬스터_스킬목록_가져오기: INDEX(몬스터_스킬목록,MATCH(시뮬레이터!$B$1,몬스터_이름,0))
Name 몬스터_이름: 몬스터!$A$7:$A$312
Name 몬스터_이미지: 몬스터!$E$7:$E$312
Name 몬스터_이미지_가져오기: INDEX(몬스터_이미지,MATCH(시뮬레이터!$B$1,몬스터_이름,0))
Name 몬스터_콘텐츠번호: 몬스터!$B$7:$B$312
Name 몬스터_콘텐츠번호_가져오기: INDEX(몬스터_콘텐츠번호,MATCH(시뮬레이터!$B$1,몬스터_이름,0))
Name 몬스터_타입: 몬스터!$F$7:$F$312
Name 몬스터_타입_가져오기: INDEX(몬스터_타입,MATCH(시뮬레이터!$B$1,몬스터_이름,0))
Name 스킬_상태이상: '스킬 DATA'!$L$2:$L$55
Name 스킬_상태이상_가져오기: INDEX(스킬_상태이상,MATCH(시뮬레이터!$Q$45,스킬_이름,0))
Name 스킬_시전시간: '스킬 DATA'!$V$2:$V$55
Name 스킬_시전시간_가져오기: INDEX(스킬_시전시간,MATCH(시뮬레이터!$Q$45,스킬_이름,0))
Name 스킬_아이콘: '스킬 DATA'!$I$2:$I$55
Name 스킬_아이콘_가져오기: INDEX(스킬_아이콘,MATCH(시뮬레이터!$Q$45,스킬_이름,0))
Name 스킬_이름: '스킬 DATA'!$G$2:$G$55
Name 스킬_타입: '스킬 DATA'!$J$2:$J$55
Name 스킬_타입_가져오기: INDEX(스킬_타입,MATCH(시뮬레이터!$Q$45,스킬_이름,0))
Name 스킬_피해계수: '스킬 DATA'!$P$2:$P$55
Name 스킬_피해계수_가져오기: INDEX(스킬_피해계수,MATCH(시뮬레이터!$Q$45,스킬_이름,0))
Name 아이템_이름: 아이템!$A$2:$A$43
Name 아이템_이미지: 아이템!$C$2:$C$43
Name 아이템_이미지_가져오기: INDEX(아이템_이미지,MATCH(시뮬레이터!$Q$19,아이템_이름,0))
Name 캐릭터_이름: 'PC DATA(대차대조표)'!$B$2:$B$307
Name 캐릭터_이미지: 'PC DATA(대차대조표)'!$C$2:$C$307
Name 캐릭터_이미지_가져오기: INDEX(캐릭터_이미지,MATCH(시뮬레이터!$Q$12,캐릭터_이름,0))

Sheet 밸런스 문서
A1: 챕터 | B1: 콘텐츠 진행 순서 | C1: 플레이 난이도 | D1: 플레이 흥미도 | E1: 플레이 목표 | F1: 플레이 난관 | G1: 공략 방법 | H1: 체감 난이도 | I1: 수행 과제 수 | J1: 목표 달성 조건 | K1: 실패 결과 | L1: 예상 소요 시간 | M1: 난이도 조절 요소 | N1: 누적 플레이 시간 | O1: 스테이지 | P1: 콘텐츠 진행 포인트 (획득량) | Q1: 콘텐츠 진행 포인트 누적 | R1: 핵심 전투 기믹 | S1: 라이트 유저 (예상 시간 기준) | T1: 미들 유저 | U1: 헤비 유저 | V1: 자아마모도 변화(%) | W1: 인연 변화(%) | X1: 진행 관문 조건 | Y1: 선택·추가 콘텐츠 해금
A2: 1 | 평범한 하루 | B2: 1 | C2: 1 | D2: 8 | E2: 차한해의 과거 오프닝 감상 | F2: 입양 뒤 가족의 몫까지 당연히 떠맡아 온 시간을 짧은 장면으로 이해해야 함 | G2: 가족의 요구와 차한해가 먼저 움직이는 습관을 확인함 | H2: 1/10 – 목표 식별·선택·입력 부담을 종합한 체감 난이도 | I2: 1 | J2: 오프닝 재생 완료 | K2: - | L2: 40초 | M2: 핵심 대상 강조·정체 시 단계별 힌트 제공 | N2: 0.00046296296 | O2: 1-A | 집·가족의 몫 | P2: 3 | Q2: =P2 -> 3 | S2: 40초 | T2: 35초 | U2: 30초
A3: 1 | 평범한 하루 | B3: 2 | C3: 1 | D3: 6 | E3: 아버지 회사 서류를 챙겨 식탁에 올려두기 | F3: 흩어진 서류 중 회사 문서만 골라야 함 | G3: 봉투 표식과 아버지의 메모를 보고 서류를 모아 식탁 지정 칸에 둠 | H3: 1/10 – 목표 식별·선택·입력 부담을 종합한 체감 난이도 | I3: 4 | J3: 회사 서류 4묶음 정리 완료 | K3: - | L3: 25초 | M3: 핵심 대상 강조·정체 시 단계별 힌트 제공 | N3: 0.00075231481 | O3: 1-A | 집·가족의 몫 | P3: 2 | Q3: =Q2+P3 -> 5 | S3: 25초 | T3: 20초 | U3: 15초
A4: 1 | 평범한 하루 | B4: 3 | C4: 1 | D4: 6 | E4: 빨래를 분류해 세탁기에 넣고 작동하기 | F4: 색상과 세탁 표시가 다른 옷이 섞여 있음 | G4: 일반 빨래만 세탁기에 넣고 세제 투입 뒤 표준 코스를 시작함 | H4: 1/10 – 목표 식별·선택·입력 부담을 종합한 체감 난이도 | I4: 3 | J4: 일반 빨래 분류·투입·세탁 시작 | K4: 비싼 블라우스를 넣으면 경고 후 분류 단계로 복귀 | L4: 35초 | M4: 핵심 대상 강조·정체 시 단계별 힌트 제공 | N4: 0.0011574074 | O4: 1-A | 집·가족의 몫 | P4: 3 | Q4: 8 | S4: 35초 | T4: 30초 | U4: 25초
A5: 1 | 평범한 하루 | B5: 4 | C5: 2 | D5: 7 | E5: 어머니의 비싼 블라우스를 손세탁하기 | F5: 강하게 문지르면 옷감 손상 게이지가 오름 | G5: 미지근한 물·중성세제·누르기 세탁 순서를 지킴 | H5: 2/10 – 목표 식별·선택·입력 부담을 종합한 체감 난이도 | I5: 4 | J5: 블라우스 손상 없이 손세탁 완료 | K5: 손상 게이지 최대 시 현재 단계 재시작 | L5: 45초 | M5: 핵심 대상 강조·정체 시 단계별 힌트 제공 | N5: 0.0016782407 | O5: 1-A | 집·가족의 몫 | P5: 3 | Q5: 11 | S5: 45초 | T5: 40초 | U5: 35초
A6: 1 | 평범한 하루 | B6: 5 | C6: 1 | D6: 6 | E6: 건조기 완료음을 듣고 빨래를 꺼내 거실에서 개기 | F6: 건조 완료 시점과 옷별 접는 방향을 확인해야 함 | G6: 완료음 뒤 빨래를 거실로 옮기고 종류별 실루엣에 맞춰 갬 | H6: 1/10 – 목표 식별·선택·입력 부담을 종합한 체감 난이도 | I6: 8 | J6: 빨래 8개를 모두 개어 바구니에 정리 | K6: - | L6: 40초 | M6: 핵심 대상 강조·정체 시 단계별 힌트 제공 | N6: 0.0021412037 | O6: 1-A | 집·가족의 몫 | P6: 2 | Q6: 13 | S6: 40초 | T6: 35초 | U6: 30초
A7: 1 | 평범한 하루 | B7: 6 | C7: 1 | D7: 7 | E7: 동생에게 신상 과자·헤어롤·팝콘 심부름 받기 | F7: 대화에 품목과 목적지가 섞여 있음 | G7: 강조된 품목과 동선을 확인하고 심부름 목록을 등록함 | H7: 1/10 – 목표 식별·선택·입력 부담을 종합한 체감 난이도 | I7: 3 | J7: 심부름 3종 등록 | K7: - | L7: 30초 | M7: 핵심 대상 강조·정체 시 단계별 힌트 제공 | N7: 0.0024884259 | O7: 1-A | 집·가족의 몫 | P7: 2 | Q7: 15 | S7: 30초 | T7: 25초 | U7: 25초 | W7: [차우선] 기준 45%
A8: 1 | 평범한 하루 | B8: 7 | C8: 1 | D8: 7 | E8: 엘리베이터에서 주민 모두에게 인사하며 밖으로 나가기 | F8: 어른·아이·택배기사 등 서로 다른 위치의 주민을 발견해야 함 | G8: 이동·조사 입력으로 만나는 주민에게 자연스럽게 인사함 | H8: 1/10 – 목표 식별·선택·입력 부담을 종합한 체감 난이도 | I8: 5 | J8: 엘리베이터와 로비의 주민 5명에게 인사 후 외출 | K8: - | L8: 30초 | M8: 핵심 대상 강조·정체 시 단계별 힌트 제공 | N8: 0.0028356481 | O8: 1-A | 아파트·인사 튜토리얼 | P8: 3 | Q8: 18 | S8: 30초 | T8: 25초 | U8: 25초 | Y8: 이동·조사 튜토리얼 완료
A9: 1 | 평범한 하루 | B9: 8 | C9: 2 | D9: 7 | E9: 편의점에서 신상 과자가 아직 입고되지 않았음을 확인하기 | F9: 빈 진열대와 입고 안내를 찾아야 함 | G9: 신상 코너와 알바생 대화를 통해 물류 트럭 도착 시간을 확인함 | H9: 2/10 – 목표 식별·선택·입력 부담을 종합한 체감 난이도 | I9: 2 | J9: 신상 과자 입고 전 상태·트럭 시간 확인 | K9: - | L9: 30초 | M9: 핵심 대상 강조·정체 시 단계별 힌트 제공 | N9: 0.0031828704 | O9: 1-B | 편의점·첫 방문 | P9: 4 | Q9: 22 | S9: 30초 | T9: 25초 | U9: 25초
A10: 1 | 평범한 하루 | B10: 9 | C10: 2 | D10: 8 | E10: 알바생의 무거운 음료 박스 진열 부탁을 수락할지 선택하기 | F10: 동생 심부름과 짧은 도움 사이에서 선택해야 함 | G10: 수락하거나 [거절]를 사용해 거절함. 거절해도 메인 진행은 유지되지만 해당 서브 퀘스트의 인연·보상 획득 기회는 사라짐 | H10: 2/10 – 목표 식별·선택·입력 부담을 종합한 체감 난이도 | I10: 1 | J10: 부탁 수락 또는 [거절] 사용 | K10: - | L10: 25초 | M10: 핵심 대상 강조·정체 시 단계별 힌트 제공 | N10: 0.0034722222 | O10: 1-B | 편의점 알바생 부탁 | P10: 3 | Q10: 25 | S10: 25초 | T10: 25초 | U10: 20초 | Y10: 선택 서브 퀘스트 : 편의점 음료 진열
A11: 1 | 평범한 하루 | B11: 10 | C11: 3 | D11: 8 | E11: 음료 박스를 가격표에 맞춰 진열하기 | F11: 비슷한 포장과 무게 때문에 위치를 헷갈릴 수 있음 | G11: 상표·용량·가격표를 대조해 무거운 박스부터 아래 칸에 배치함 | H11: 3/10 – 목표 식별·선택·입력 부담을 종합한 체감 난이도 | I11: 6 | J11: 음료 6박스 진열 완료 | K11: 오배치 3회 시 틀린 가격표를 강조 | L11: 1분 5초 | M11: 핵심 대상 강조·정체 시 단계별 힌트 제공 | N11: 0.004224537 | O11: 1-B | 편의점 알바생 부탁 | P11: 3 | Q11: 28 | S11: 1분 5초 | T11: 55초 | U11: 45초 | Y11: 완료 시 알바생이 신상 과자 1개를 맡아두는 약속
A12: 1 | 평범한 하루 | B12: 11 | C12: 2 | D12: 8 | E12: 골목에서 들리는 예쁜 고양이 울음소리 확인하기 | F12: 심부름 목적지가 따로 있어 작은 울음소리를 무시하고 지나칠 수 있음 | G12: 편의점 주변에서 반복되는 울음소리와 골목 그림자를 확인하되 조사하지 않고 진행할 수도 있음 | H12: 2/10 – 발견 여부와 선택에 따라 진행이 달라짐 | I12: 2 | J12: 울음소리가 들리는 골목 위치 확인 또는 선택적으로 지나침 | K12: - | L12: 40초 | M12: 자동 등록하지 않고 소리·행동·오브젝트로만 암시 | N12: 0.0046875 | O12: 1-B | 편의점·고양이 선택 | P12: 3 | Q12: 31 | S12: 40초 | T12: 35초 | U12: 30초 | Y12: 서브 퀘스트 : 예쁜 고양이 인연 1단계 발견
A13: 1 | 평범한 하루 | B13: 12 | C13: 2 | D13: 8 | E13: 편의점에서 츄르 4개입 세트 구매하기 | F13: 구매 메뉴에는 심부름 물품 외에도 여러 상품이 있어 츄르를 직접 찾아야 함 | G13: 알바생 대화 후 ‘물건 구매하기’를 선택하고 반려동물 간식 칸에서 츄르 4개입을 구매함 | H13: 2/10 – 발견 여부와 선택에 따라 진행이 달라짐 | I13: 2 | J13: 츄르 4개입 세트 구매 완료 | K13: - | L13: 40초 | M13: 자동 등록하지 않고 소리·행동·오브젝트로만 암시 | N13: 0.005150463 | O13: 1-B | 편의점·고양이 선택 | P13: 3 | Q13: 34 | S13: 40초 | T13: 35초 | U13: 30초 | Y13: 서브 퀘스트 : 이후 예쁜 고양이 인연 콘텐츠 4회 수행 가능
A14: 1 | 평범한 하루 | B14: 13 | C14: 2 | D14: 8 | E14: 예쁜 고양이에게 첫 번째 츄르 건네기 | F14: 예쁜 고양이는 처음 만난 차한해를 경계해 바로 가까이 오지 않음 | G14: 일정 거리에 츄르를 내려놓고 뒤로 물러난 뒤 고양이가 스스로 다가올 때까지 기다림 | H14: 2/10 – 발견 여부와 선택에 따라 진행이 달라짐 | I14: 2 | J14: 예쁜 고양이가 츄르를 먹고 도망가지 않은 채 차한해를 바라봄 | K14: - | L14: 40초 | M14: 자동 등록하지 않고 소리·행동·오브젝트로만 암시 | N14: 0.0056134259 | O14: 1-B | 편의점·고양이 선택 | P14: 3 | Q14: 37 | S14: 40초 | T14: 35초 | U14: 30초 | W14: [예쁜 고양이] +25% 선택 (최대 누적 25%) | Y14: 츄르 보유 시 수행 예쁜 고양이 인연 +25%
A15: 1 | 평범한 하루 | B15: 14 | C15: 2 | D15: 5 | E15: 다이소로 이동하기 | F15: 갈림길과 주변 상호작용 오브젝트 때문에 목적지 방향을 놓칠 수 있음 | G15: 표지판·미니맵·NPC 이동 방향을 확인하며 편의점에서 다이소까지 이동함 | H15: 2/10 – 맵 크기·갈림길 수·목적지 표식의 가시성이 난이도를 결정함 | I15: 1 | J15: 편의점에서 다이소의 도착 트리거에 진입 | K15: - | L15: 25초 | M15: 일정 시간 정체 시 목적지 방향 화살표 표시 | N15: 0.0059027778 | O15: 1-C | 다이소 | P15: 3 | Q15: 40 | S15: 25초 | T15: 20초 | U15: 20초
A16: 1 | 평범한 하루 | B16: 15 | C16: 2 | D16: 6 | E16: 헤어롤 진열대 찾기 | F16: 비슷한 오브젝트와 진열대가 많아 목표 대상을 한 번에 찾기 어려움 | G16: 구역별 표지와 상품 외형을 비교하며 생활용품 코너의 헤어롤을 조사함 | H16: 2/10 – 후보 오브젝트 수·외형 유사도·탐색 범위가 난이도를 결정함 | I16: 5 | J16: 생활용품 코너의 헤어롤 발견 및 조사 완료 | K16: - | L16: 30초 | M16: 30초 이상 미발견 시 목표 구역에 약한 반짝임 표시 | N16: 0.00625 | O16: 1-C | 다이소 | P16: 4 | Q16: 44 | S16: 30초 | T16: 25초 | U16: 25초
A17: 1 | 평범한 하루 | B17: 16 | C17: 1 | D17: 5 | E17: 헤어롤 구매하기 | F17: 구매 대상·수량·결제 순서를 잘못 선택할 수 있음 | G17: 요청받은 품목을 확인하고 상품 선택→계산대 상호작용→결제를 순서대로 진행함 | H17: 1/10 – 상품 후보 수·품목 유사도·구매 단계 수가 난이도를 결정함 | I17: 3 | J17: 헤어롤 1개 구매 후 인벤토리에 등록 | K17: 잘못된 품목 구매 시 다시 선택해야 함 | L17: 20초 | M17: 요청 품목에 작은 임무 아이콘 표시 | N17: 0.0064814815 | O17: 1-C | 다이소 | P17: 3 | Q17: 47 | S17: 20초 | T17: 15초 | U17: 15초
A18: 1 | 평범한 하루 | B18: 17 | C18: 1 | D18: 8 | E18: 다이소를 나오자 편의점 물류 트럭이 지나가는 장면 확인하기 | F18: 신상 과자 재입고 기회를 즉시 알아차려야 함 | G18: 트럭 표식과 편의점 방향을 확인함 | H18: 1/10 – 목표 식별·선택·입력 부담을 종합한 체감 난이도 | I18: 1 | J18: 물류 트럭과 편의점 재입고 방향 확인 | K18: - | L18: 20초 | M18: 핵심 대상 강조·정체 시 단계별 힌트 제공 | N18: 0.006712963 | O18: 1-D | 어르신과 신상 과자 | P18: 3 | Q18: 50 | S18: 20초 | T18: 15초 | U18: 15초
A19: 1 | 평범한 하루 | B19: 18 | C19: 2 | D19: 10 | E19: 짐이 많은 어르신을 도울지 신상 과자를 사러 갈지 선택하기 | F19: 도움이 늦어지면 신상 과자가 품절될 수 있음 | G19: 어르신의 구조 요청과 동생의 심부름을 비교해 행동을 선택함 | H19: 2/10 – 목표 식별·선택·입력 부담을 종합한 체감 난이도 | I19: 1 | J19: 어르신 돕기 또는 편의점으로 바로 달리기 | K19: - | L19: 25초 | M19: 핵심 대상 강조·정체 시 단계별 힌트 제공 | N19: 0.0070023148 | O19: 1-D | 어르신과 신상 과자 | P19: 3 | Q19: 53 | S19: 25초 | T19: 25초 | U19: 25초 | Y19: 핵심 선택 : 자발적 선행과 개인 손실
A20: 1 | 평범한 하루 | B20: 19 | C20: 2 | D20: 10 | E20: 어르신의 무거운 짐을 목적지까지 옮기기 | F20: 짐 때문에 이동이 느리고 보행자와 턱을 피해 가야 함 | G20: 무게 중심을 유지하며 안전한 길로 짐을 나누어 운반함 | H20: 2/10 – 목표 식별·선택·입력 부담을 종합한 체감 난이도 | I20: 4 | J20: 짐 4개 운반·어르신 귀가 확인 | K20: - | L20: 1분 5초 | M20: 핵심 대상 강조·정체 시 단계별 힌트 제공 | N20: 0.0077546296 | O20: 1-D | 어르신과 신상 과자 | P20: 3 | Q20: 56 | S20: 1분 5초 | T20: 55초 | U20: 45초 | W20: [도시] +5% 선택 (기본 0% · 최대 5%) | Y20: 어르신을 도운 경우 수행·신상 과자 분기 변화
A21: 1 | 평범한 하루 | B21: 20 | C21: 2 | D21: 8 | E21: 치킨집 앞 두 손님의 주문 대화 듣기 | F21: 서로 다른 주문과 번복 대사에서 확정 내용을 골라야 함 | G21: 치킨·소스·음료·추가 요청을 구분해 기억함 | H21: 2/10 – 목표 식별·선택·입력 부담을 종합한 체감 난이도 | I21: 4 | J21: 두 손님의 최종 주문 확인 | K21: - | L21: 35초 | M21: 핵심 대상 강조·정체 시 단계별 힌트 제공 | N21: 0.0081597222 | O21: 1-E | 치킨집 알바 서브 | P21: 3 | Q21: 59 | S21: 35초 | T21: 30초 | U21: 25초 | Y21: 서브 퀘스트 : 치킨집 알바
A22: 1 | 평범한 하루 | B22: 21 | C22: 2 | D22: 8 | E22: 바쁜 직원의 도움 요청을 확인하기 | F22: 밀린 주문과 손님 대화가 겹침 | G22: 직원의 호출을 확인하고 잠시 도울지 선택함 | H22: 2/10 – 목표 식별·선택·입력 부담을 종합한 체감 난이도 | I22: 1 | J22: 도움 요청 확인 | K22: - | L22: 35초 | M22: 핵심 대상 강조·정체 시 단계별 힌트 제공 | N22: 0.0085648148 | O22: 1-E | 치킨집 알바 서브 | P22: 4 | Q22: 63 | S22: 35초 | T22: 30초 | U22: 25초 | Y22: 거절 시 서브 퀘스트 종료
A23: 1 | 평범한 하루 | B23: 22 | C23: 2 | D23: 8 | E23: 치킨집 알바를 도울지 선택하기 | F23: 심부름 일정과 직원의 부탁 사이에서 선택해야 함 | G23: 돕기를 선택하거나 [거절]를 사용해 알바 부탁을 거절하고 기존 심부름을 계속함 | H23: 2/10 – 목표 식별·선택·입력 부담을 종합한 체감 난이도 | I23: 1 | J23: 알바 수락 또는 [거절] 사용 | K23: - | L23: 30초 | M23: 핵심 대상 강조·정체 시 단계별 힌트 제공 | N23: 0.008912037 | O23: 1-E | 치킨집 알바 서브 | P23: 6 | Q23: 69 | S23: 30초 | T23: 25초 | U23: 25초 | Y23: 수락 시 포장 미니게임 해금
A24: 1 | 평범한 하루 | B24: 23 | C24: 4 | D24: 8 | E24: 주문표의 치킨·소스·음료 확인하기 | F24: 여러 주문표의 번호와 구성품을 혼동하기 쉬움 | G24: 주문 번호별 필수 항목을 순서대로 확인함 | H24: 4/10 – 목표 식별·선택·입력 부담을 종합한 체감 난이도 | I24: 5 | J24: 주문표 필수 항목 5개 확인 | K24: 오답 누적 시 현재 단계 재시작 | L24: 1분 5초 | M24: 핵심 대상 강조·정체 시 단계별 힌트 제공 | N24: 0.0096643519 | O24: 1-E | 치킨집 알바 서브 | P24: 6 | Q24: 75 | S24: 1분 5초 | T24: 55초 | U24: 45초
A25: 1 | 평범한 하루 | B25: 24 | C25: 4 | D25: 8 | E25: 주문에 맞게 치킨 포장하기 | F25: 번복된 대사와 확정 주문을 구분해야 함 | G25: 확정 주문표만 보고 상자·무·소스·음료를 넣음 | H25: 4/10 – 목표 식별·선택·입력 부담을 종합한 체감 난이도 | I25: 5 | J25: 구성품 5종 올바르게 포장 | K25: 오답 누적 시 현재 단계 재시작 | L25: 1분 5초 | M25: 핵심 대상 강조·정체 시 단계별 힌트 제공 | N25: 0.010416667 | O25: 1-E | 치킨집 알바 서브 | P25: 6 | Q25: 81 | S25: 1분 5초 | T25: 55초 | U25: 45초
A26: 1 | 평범한 하루 | B26: 25 | C26: 4 | D26: 8 | E26: 잘못 포장된 주문 수정하기 | F26: 다른 주문의 소스와 음료가 섞여 있음 | G26: 주문표와 포장을 대조해 오류 항목만 교체함 | H26: 4/10 – 목표 식별·선택·입력 부담을 종합한 체감 난이도 | I26: 4 | J26: 오포장 항목 전부 수정 | K26: 오답 누적 시 현재 단계 재시작 | L26: 50초 | M26: 핵심 대상 강조·정체 시 단계별 힌트 제공 | N26: 0.01099537 | O26: 1-E | 치킨집 알바 서브 | P26: 3 | Q26: 84 | S26: 50초 | T26: 40초 | U26: 35초
A27: 1 | 평범한 하루 | B27: 26 | C27: 2 | D27: 8 | E27: 손님에게 주문을 전달하고 보상 받기 | F27: 비슷한 두 손님 중 올바른 주문자를 찾아야 함 | G27: 대화 특징과 주문 번호를 대조해 전달함 | H27: 2/10 – 목표 식별·선택·입력 부담을 종합한 체감 난이도 | I27: 2 | J27: 올바른 손님에게 전달·알바비 획득 | K27: - | L27: 35초 | M27: 핵심 대상 강조·정체 시 단계별 힌트 제공 | N27: 0.011400463 | O27: 1-E | 치킨집 알바 서브 | P27: 3 | Q27: 87 | S27: 35초 | T27: 30초 | U27: 25초 | Y27: 치킨집 알바 서브 퀘스트 완료
A28: 1 | 평범한 하루 | B28: 27 | C28: 2 | D28: 8 | E28: 편의점으로 돌아가 신상 과자 재고 확인하기 | F28: 어르신·알바생 부탁 선택에 따라 결과가 달라짐 | G28: 진열대와 알바생 반응을 확인함 | H28: 2/10 – 목표 식별·선택·입력 부담을 종합한 체감 난이도 | I28: 2 | J28: 재고·예약 여부 확인 | K28: - | L28: 25초 | M28: 핵심 대상 강조·정체 시 단계별 힌트 제공 | N28: 0.011689815 | O28: 1-F | 편의점 결과 분기 | P28: 4 | Q28: 91 | S28: 25초 | T28: 20초 | U28: 20초
A29: 1 | 평범한 하루 | B29: 28 | C29: 2 | D29: 10 | E29: 선택 결과에 따라 신상 과자 확보 여부 확정하기 | F29: 도움을 선택했을 때 앞선 알바생 부탁 수행 여부가 보상을 바꿈 | G29: 어르신 무시 시 구매, 어르신 도움+부탁 완료 시 예약품 수령, 도움+부탁에 [거절] 사용 시 품절 결과를 확인함 | H29: 2/10 – 목표 식별·선택·입력 부담을 종합한 체감 난이도 | I29: 3 | J29: 신상 과자 구매·예약 수령 또는 품절 확정 | K29: - | L29: 45초 | M29: 핵심 대상 강조·정체 시 단계별 힌트 제공 | N29: 0.012210648 | O29: 1-F | 편의점 결과 분기 | P29: 5 | Q29: 96 | S29: 45초 | T29: 35초 | U29: 30초 | Y29: 선택 연쇄 결과 저장
A30: 1 | 평범한 하루 | B30: 29 | C30: 1 | D30: 9 | E30: 동생에게 과자 결과를 알리고 지하철 중고거래 심부름 받기 | F30: 품절 분기에서는 동생의 짜증 섞인 추가 요구를 감정적으로 받아들여야 함 | G30: 결과 대화를 확인하고 거래 상대 단서를 등록함 | H30: 1/10 – 목표 식별·선택·입력 부담을 종합한 체감 난이도 | I30: 2 | J30: 중고거래 장소·상대 특징 등록 | K30: - | L30: 30초 | M30: 핵심 대상 강조·정체 시 단계별 힌트 제공 | N30: 0.01255787 | O30: 1-F | 동생의 추가 심부름 | P30: 6 | Q30: 102 | S30: 30초 | T30: 25초 | U30: 25초 | W30: 과자 확보: [차우선] +5% (50%) / 품절: -5% (40%)
A31: 1 | 평범한 하루 | B31: 30 | C31: 1 | D31: 6 | E31: 영화관으로 이동하기 | F31: 상가 갈림길에서 목적지를 찾아야 함 | G31: 표지판과 심부름 목록을 보고 영화관으로 이동함 | H31: 1/10 – 목표 식별·선택·입력 부담을 종합한 체감 난이도 | I31: 1 | J31: 영화관 도착 | K31: - | L31: 25초 | M31: 핵심 대상 강조·정체 시 단계별 힌트 제공 | N31: 0.012847222 | O31: 1-F | 영화관·지하철 | P31: 5 | Q31: 107 | S31: 25초 | T31: 25초 | U31: 25초
A32: 1 | 평범한 하루 | B32: 31 | C32: 1 | D32: 6 | E32: 동생이 부탁한 팝콘 구매하기 | F32: 맛과 크기를 잘못 고를 수 있음 | G32: 심부름 목록과 메뉴를 대조해 구매함 | H32: 1/10 – 목표 식별·선택·입력 부담을 종합한 체감 난이도 | I32: 3 | J32: 지정 팝콘 구매 | K32: - | L32: 25초 | M32: 핵심 대상 강조·정체 시 단계별 힌트 제공 | N32: 0.013136574 | O32: 1-F | 영화관·지하철 | P32: 3 | Q32: 110 | S32: 25초 | T32: 20초 | U32: 20초
A33: 1 | 평범한 하루 | B33: 32 | C33: 2 | D33: 6 | E33: 지하철 중고거래 장소로 이동하기 | F33: 출구 번호와 약속 위치가 다름 | G33: 역 안내판과 채팅의 출구 번호를 확인함 | H33: 2/10 – 목표 식별·선택·입력 부담을 종합한 체감 난이도 | I33: 2 | J33: 약속 장소 도착 | K33: - | L33: 30초 | M33: 핵심 대상 강조·정체 시 단계별 힌트 제공 | N33: 0.013483796 | O33: 1-F | 영화관·지하철 | P33: 3 | Q33: 113 | S33: 30초 | T33: 25초 | U33: 25초
A34: 1 | 평범한 하루 | B34: 33 | C34: 2 | D34: 7 | E34: 거래 후보 세 명의 특징 관찰하기 | F34: 복장 일부가 비슷해 판매자를 혼동하기 쉬움 | G34: 채팅의 가방·신발·손에 든 물건을 대조함 | H34: 2/10 – 목표 식별·선택·입력 부담을 종합한 체감 난이도 | I34: 3 | J34: 후보 3명 관찰 | K34: - | L34: 25초 | M34: 핵심 대상 강조·정체 시 단계별 힌트 제공 | N34: 0.013773148 | O34: 1-F | 영화관·지하철 | P34: 3 | Q34: 116 | S34: 25초 | T34: 25초 | U34: 20초
A35: 1 | 평범한 하루 | B35: 34 | C35: 3 | D35: 7 | E35: 올바른 중고거래 상대 찾기 | F35: 가짜 후보에게 말을 걸면 시간이 추가됨 | G35: 세 단서가 모두 맞는 사람에게 암구호를 말함 | H35: 3/10 – 목표 식별·선택·입력 부담을 종합한 체감 난이도 | I35: 3 | J35: 정확한 거래 상대 선택 | K35: 오답 후보 선택 시 대화 후 다시 탐색 | L35: 35초 | M35: 핵심 대상 강조·정체 시 단계별 힌트 제공 | N35: 0.014178241 | O35: 1-F | 영화관·지하철 | P35: 4 | Q35: 120 | S35: 35초 | T35: 30초 | U35: 25초
A36: 1 | 평범한 하루 | B36: 35 | C36: 1 | D36: 8 | E36: 중고거래를 마치고 동생에게 완료 연락하기 | F36: 과자 분기와 거래 결과에 따라 동생의 반응이 달라짐 | G36: 물품 상태를 확인하고 송금·완료 메시지를 보냄 | H36: 1/10 – 목표 식별·선택·입력 부담을 종합한 체감 난이도 | I36: 3 | J36: 거래·완료 연락 | K36: - | L36: 25초 | M36: 핵심 대상 강조·정체 시 단계별 힌트 제공 | N36: 0.014467593 | O36: 1-F | 영화관·지하철 | P36: 5 | Q36: 125 | S36: 25초 | T36: 20초 | U36: 20초 | W36: [차우선] +5% (과자 확보 55% / 품절 45%)
A37: 1 | 평범한 하루 | B37: 36 | C37: 2 | D37: 8 | E37: 횡단보도에서 아이가 떨어뜨린 학용품을 주워주기 | F37: 신호가 바뀌기 전 안전한 순서로 물건을 모아야 함 | G37: 차도 가까운 물건부터 회수하고 아이를 인도로 유도함 | H37: 2/10 – 목표 식별·선택·입력 부담을 종합한 체감 난이도 | I37: 5 | J37: 학용품 5개 회수·아이 안전 확인 | K37: 신호 종료 시 남은 물건이 인도 쪽으로 이동 | L37: 50초 | M37: 핵심 대상 강조·정체 시 단계별 힌트 제공 | N37: 0.015046296 | O37: 1-F | 동네의 작은 선행 | P37: 3 | Q37: 128 | S37: 50초 | T37: 40초 | U37: 35초 | Y37: 선택 서브 퀘스트·동네 목격자 스티커 플래그
A38: 1 | 평범한 하루 | B38: 37 | C38: 1 | D38: 9 | E38: 공원에서 모든 심부름 완료와 섬광 이상 현상 확인하기 | F38: 평범한 귀가 직전 소리 없는 번개와 미세 진동이 짧게 겹침 | G38: 세 심부름 물품을 확인하고 하늘의 섬광·땅의 떨림을 기억함 | H38: 1/10 – 목표 식별·선택·입력 부담을 종합한 체감 난이도 | I38: 4 | J38: 심부름 3종 완료·첫 이상 현상 확인 | K38: - | L38: 25초 | M38: 핵심 대상 강조·정체 시 단계별 힌트 제공 | N38: 0.015335648 | O38: 1-G | 공원·첫 전조 | P38: 4 | Q38: 132 | S38: 25초 | T38: 25초 | U38: 25초 | X38: 1챕터 메인 심부름 완료
A39: 2 | 금이 간 일상 | B39: 38 | C39: 1 | D39: 7 | E39: 축제 종료 현장과 남은 이상 징후 관찰하기 | F39: 떠나는 시민·쌓인 쓰레기·간헐적으로 깜빡이는 조명 사이에 섬광의 원인을 추정할 단서가 분산되어 있음 | G39: 시민의 행동과 쓰레기 상태를 살펴본 뒤 조명 깜빡임과 바닥의 미세한 떨림을 차례로 확인함 | H39: 1/10 – 관찰 대상 수·이상 징후의 미세함·단서 분산 정도가 난이도를 결정함 | I39: 5 | J39: 시민·쓰레기·조명·바닥 진동에 관한 필수 관찰 대상 확인 | K39: - | L39: 20초 | M39: 이상 징후가 발생할 때 효과음과 짧은 시선 유도 아이콘 표시 | N39: 0.01556713 | O39: 2-A | 공원 축제·청소 | P39: 3 | Q39: 135 | S39: 20초 | T39: 20초 | U39: 20초
A40: 2 | 금이 간 일상 | B40: 39 | C40: 1 | D40: 6 | E40: 아이가 쓰레기에 걸려 넘어질 뻔한 장면 목격하기 | F40: 짧은 연출 안에서 사건의 원인과 인물의 태도를 동시에 이해해야 함 | G40: 카메라가 강조하는 인물과 오브젝트를 보며 아이와 가족의 행동을 확인함 | H40: 1/10 – 연출 속도·동시에 제시되는 정보량이 난이도를 결정함 | I40: 1 | J40: 사건 연출 종료 | K40: - | L40: 10초 | M40: 핵심 오브젝트에 카메라 줌과 효과음 적용 | N40: 0.01568287 | O40: 2-A | 공원 축제·청소 | P40: 3 | Q40: 138 | S40: 10초 | T40: 10초 | U40: 10초
A41: 2 | 금이 간 일상 | B41: 40 | C41: 1 | D41: 5 | E41: 쓰레기를 치우기로 결정하기 | F41: 두 선택 모두 이후 상황에 영향을 주므로 감정적 판단 부담이 발생함 | G41: 현재 상황과 주인공의 독백을 확인한 뒤 공원을 지나갈지 쓰레기를 치울지 판단에 대한 행동을 결정함 | H41: 1/10 – 정보의 불완전성·결과 예측 가능성·감정적 부담이 난이도를 결정함 | I41: 1 | J41: 선택지 1개 확정 | K41: - | L41: 10초 | M41: 선택 직전 핵심 상황을 한 문장으로 다시 표시 | N41: 0.015798611 | O41: 2-A | 공원 축제·청소 | P41: 2 | Q41: =Q40+P41 -> 140 | S41: 10초 | T41: 10초 | U41: 10초
A42: 2 | 금이 간 일상 | B42: 41 | C42: 2 | D42: 5 | E42: 청소 도구 찾기 | F42: 비슷한 오브젝트와 진열대가 많아 목표 대상을 한 번에 찾기 어려움 | G42: 구역별 표지와 상품 외형을 비교하며 공원 관리함의 집게와 봉투를 조사함 | H42: 2/10 – 후보 오브젝트 수·외형 유사도·탐색 범위가 난이도를 결정함 | I42: 4 | J42: 공원 관리함의 집게와 봉투 발견 및 조사 완료 | K42: - | L42: 20초 | M42: 30초 이상 미발견 시 목표 구역에 약한 반짝임 표시 | N42: 0.016030093 | O42: 2-A | 공원 축제·청소 | P42: 3 | Q42: 143 | S42: 20초 | T42: 20초 | U42: 20초
A43: 2 | 금이 간 일상 | B43: 42 | C43: 4 | D43: 8 | E43: 바람에 날린 비닐봉지 추격하기 | F43: 돌풍이 불 때마다 비닐봉지의 방향이 바뀌고 사람과 벤치가 이동 경로를 막음 | G43: 바람 방향 표시와 봉지의 그림자를 보고 다음 착지 지점을 예측해 세 번 안에 붙잡음 | H43: 4/10 – 방향 전환 빈도·장애물 배치·포획 가능 시간이 난이도를 결정함 | I43: 3 | J43: 비닐봉지를 3번째 착지 이전에 회수 | K43: 공원 출구까지 날아가면 시작 지점에서 다시 추격 | L43: 15초 | M43: 실패 후 바람 방향 예고 시간을 늘리고 봉지 이동속도를 낮춤 | N43: 0.016203704 | O43: 2-A | 공원 축제·청소 | P43: 5 | Q43: 148 | S43: 15초 | T43: 15초 | U43: 15초
A44: 2 | 금이 간 일상 | B44: 43 | C44: 1 | D44: 5 | E44: 첫 쓰레기 줍기 | F44: 수거 대상과 배경 장식의 차이를 처음에는 구별하기 어려움 | G44: 반짝임 표시가 있는 산책로의 첫 쓰레기에 접근해 줍기 입력을 수행함 | H44: 1/10 – 대상 가시성·입력 단계 수가 난이도를 결정함 | I44: 3 | J44: 안내된 수거 행동 3회 완료 | K44: - | L44: 15초 | M44: 수거 대상 반짝임과 상호작용 범위를 크게 설정 | N44: 0.016377315 | O44: 2-A | 공원 축제·청소 | P44: 3 | Q44: 151 | S44: 15초 | T44: 15초 | U44: 15초
A45: 2 | 금이 간 일상 | B45: 44 | C45: 2 | D45: 6 | E45: 잔디 구역 쓰레기 수거하기 | F45: 쓰레기가 넓은 구역과 가려진 틈에 흩어져 있어 남은 대상을 찾기 어려움 | G45: 구역을 일정한 방향으로 순회하고 반짝임·잔여 개수 UI를 확인하며 잔디 구역 쓰레기 8개를 수거함 | H45: 2/10 – 목표 수량·배치 밀도·가림 오브젝트·탐색 범위가 난이도를 결정함 | I45: 8 | J45: 잔디 구역 쓰레기 8개 전부 수거 | K45: 필수 수량을 채우지 못하면 다음 구역 진행 불가 | L45: 35초 | M45: 60초 이상 미발견 시 가장 가까운 미수거 대상 방향 표시 | N45: 0.016782407 | O45: 2-A | 공원 축제·청소 | P45: 5 | Q45: 156 | S45: 35초 | T45: 30초 | U45: 30초
A46: 2 | 금이 간 일상 | B46: 45 | C46: 2 | D46: 6 | E46: 산책로 쓰레기 수거하기 | F46: 쓰레기가 넓은 구역과 가려진 틈에 흩어져 있어 남은 대상을 찾기 어려움 | G46: 구역을 일정한 방향으로 순회하고 반짝임·잔여 개수 UI를 확인하며 산책로 쓰레기 7개를 수거함 | H46: 2/10 – 목표 수량·배치 밀도·가림 오브젝트·탐색 범위가 난이도를 결정함 | I46: 7 | J46: 산책로 쓰레기 7개 전부 수거 | K46: 필수 수량을 채우지 못하면 다음 구역 진행 불가 | L46: 30초 | M46: 60초 이상 미발견 시 가장 가까운 미수거 대상 방향 표시 | N46: 0.01712963 | O46: 2-A | 공원 축제·청소 | P46: 4 | Q46: 160 | S46: 30초 | T46: 25초 | U46: 25초
A47: 2 | 금이 간 일상 | B47: 46 | C47: 2 | D47: 8 | E47: 쓰레기 더미 근처 예쁜 고양이 울음 확인하기 | F47: 필수 청소 구역 밖에서 울음소리가 들려 플레이어가 모른 채 지나갈 수 있음 | G47: 깨진 유리와 빈 캔 사이에서 몸을 웅크린 예쁜 고양이를 선택적으로 발견함 | H47: 2/10 – 발견 여부와 선택에 따라 진행이 달라짐 | I47: 2 | J47: 예쁜 고양이와 위험한 쓰레기 위치 확인 | K47: - | L47: 30초 | M47: 자동 등록하지 않고 소리·행동·오브젝트로만 암시 | N47: 0.017476852 | O47: 2-A | 공원 축제·청소 | P47: 3 | Q47: 163 | S47: 30초 | T47: 25초 | U47: 25초 | Y47: 서브 퀘스트 : 예쁜 고양이 인연 2단계
A48: 2 | 금이 간 일상 | B48: 47 | C48: 2 | D48: 8 | E48: 예쁜 고양이가 지나갈 안전한 길 만들기 | F48: 깨진 유리·찌그러진 캔·비닐 끈이 고양이 이동 경로를 막고 있음 | G48: 위험 쓰레기를 종류별로 치우고 고양이가 빠져나올 수 있는 좁은 통로를 확보함 | H48: 2/10 – 발견 여부와 선택에 따라 진행이 달라짐 | I48: 2 | J48: 위험 쓰레기 5개 제거 및 안전 통로 확보 | K48: - | L48: 30초 | M48: 자동 등록하지 않고 소리·행동·오브젝트로만 암시 | N48: 0.017824074 | O48: 2-A | 공원 축제·청소 | P48: 3 | Q48: 166 | S48: 30초 | T48: 25초 | U48: 25초 | Y48: 첫 만남 완료 시 수행 가능
A49: 2 | 금이 간 일상 | B49: 48 | C49: 2 | D49: 8 | E49: 예쁜 고양이에게 두 번째 츄르 건네기 | F49: 청소 소음 때문에 고양이가 다시 경계해 접근 속도가 느림 | G49: 안전해진 통로 끝에 츄르를 놓고 고양이가 차한해 가까이에서 먹도록 기다림 | H49: 2/10 – 발견 여부와 선택에 따라 진행이 달라짐 | I49: 2 | J49: 두 번째 츄르 급여 완료 | K49: - | L49: 30초 | M49: 자동 등록하지 않고 소리·행동·오브젝트로만 암시 | N49: 0.018171296 | O49: 2-A | 공원 축제·청소 | P49: 3 | Q49: 169 | S49: 30초 | T49: 25초 | U49: 25초 | W49: [예쁜 고양이] +25% 선택 (최대 누적 50%) | Y49: 츄르 보유 시 수행 예쁜 고양이 인연 +25%
A50: 2 | 금이 간 일상 | B50: 49 | C50: 3 | D50: 6 | E50: 벤치 주변 쓰레기 수거하기 | F50: 쓰레기가 넓은 구역과 가려진 틈에 흩어져 있어 남은 대상을 찾기 어려움 | G50: 구역을 일정한 방향으로 순회하고 반짝임·잔여 개수 UI를 확인하며 벤치와 가려진 틈의 쓰레기 6개를 수거함 | H50: 3/10 – 목표 수량·배치 밀도·가림 오브젝트·탐색 범위가 난이도를 결정함 | I50: 6 | J50: 벤치와 가려진 틈의 쓰레기 6개 전부 수거 | K50: 필수 수량을 채우지 못하면 다음 구역 진행 불가 | L50: 30초 | M50: 60초 이상 미발견 시 가장 가까운 미수거 대상 방향 표시 | N50: 0.018518519 | O50: 2-A | 공원 축제·청소 | P50: 5 | Q50: 174 | S50: 30초 | T50: 25초 | U50: 25초
A51: 2 | 금이 간 일상 | B51: 50 | C51: 1 | D51: 5 | E51: 한도윤과 대화하기 | F51: 대화 속에 다음 목적지와 필요한 물품 정보가 섞여 있음 | G51: 강조되는 핵심 단어와 NPC의 요구를 확인하며 대화를 끝까지 진행함 | H51: 1/10 – 대사 길이·핵심 정보의 명확성·선택지 수가 난이도를 결정함 | I51: 1 | J51: 혼자 청소하는 이유와 도움 제안에 관한 대화를 마지막 문장까지 진행 | K51: - | L51: 25초 | M51: 대화 종료 후 핵심 내용을 화면 한쪽에 요약 표시 | N51: 0.01880787 | O51: 2-A | 공원 축제·청소 | P51: 3 | Q51: 177 | S51: 25초 | T51: 20초 | U51: 20초 | W51: [한도윤] 기준 75%
A52: 2 | 금이 간 일상 | B52: 51 | C52: 2 | D52: 5 | E52: 한도윤과 구역 분담하기 | F52: 동료가 담당하는 구역과 플레이어 구역이 겹치면 불필요한 이동이 발생함 | G52: 대화에서 정한 담당 구역을 확인하고 서로 다른 공원 구역를 순서대로 처리함 | H52: 2/10 – 구역 수·동료 행동 예측 가능성·이동 동선이 난이도를 결정함 | I52: 4 | J52: 플레이어 담당 구역의 목표 수량 달성 | K52: - | L52: 25초 | M52: 미니맵에 담당 구역을 서로 다른 테두리로 표시 | N52: 0.019097222 | O52: 2-A | 공원 축제·청소 | P52: 4 | Q52: 181 | S52: 25초 | T52: 25초 | U52: 25초 | W52: [한도윤] +5% (누적 80%)
A53: 2 | 금이 간 일상 | B53: 52 | C53: 4 | D53: 8 | E53: 청소 콤보 유지하기 | F53: 서로 다른 쓰레기를 연속으로 정확히 주워야 콤보가 유지되며 잘못 집으면 게이지가 초기화됨 | G53: 가까운 쓰레기의 종류와 다음 분리수거 위치를 미리 확인해 이동 동선을 끊지 않고 수거함 | H53: 4/10 – 콤보 유지 시간·쓰레기 간 거리·오분류 페널티가 난이도를 결정함 | I53: 12 | J53: 정확 수거 콤보 12회를 달성 | K53: 오분류 시 콤보만 초기화되고 수거 진행도는 유지 | L53: 40초 | M53: 콤보 실패 후 다음 3개 쓰레기의 분류 아이콘을 미리 표시 | N53: 0.019560185 | O53: 2-A | 공원 축제·청소 | P53: 6 | Q53: 187 | S53: 40초 | T53: 35초 | U53: 35초
A54: 2 | 금이 간 일상 | B54: 53 | C54: 2 | D54: 7 | E54: 별 문양 우정 반지와 검은 흔적 단서 발견하기 | F54: 작은 별 문양과 쓰레기 아래 검은 흔적이 배경에 섞여 있음 | G54: 반지의 별 각인과 주변 대사를 확인한 뒤 검은 흔적을 따로 조사함 | H54: 2/10 – 단서 크기·배경 대비·검은 흔적의 노출 시간이 난이도를 결정함 | I54: 4 | J54: 별 문양 우정 반지·검은 흔적 조사 | K54: 단서를 버리려 하면 경고 후 행동 취소 | L54: 20초 | M54: 반지와 검은 흔적에 서로 다른 약한 빛·파동 효과 적용 | N54: 0.019791667 | O54: 2-A | 공원·우정 반지 서브 | P54: 4 | Q54: 191 | S54: 20초 | T54: 20초 | U54: 20초 | Y54: 서브 퀘스트 : 우정 반지 찾기
A55: 2 | 금이 간 일상 | B55: 54 | C55: 4 | D55: 8 | E55: 발자국과 스티커 단서 대조하기 | F55: 비슷한 운동화 자국과 축제 스티커가 여러 방향으로 이어져 잘못된 동선을 선택하기 쉬움 | G55: 반지에 묻은 흙·신발 자국·가방 스티커를 비교해 중학생이 지나간 경로를 좁힘 | H55: 4/10 – 후보 경로 수·단서 유사도·비교 단계 수가 난이도를 결정함 | I55: 4 | J55: 세 단서를 연결해 올바른 탐색 구역 선택 | K55: 오답 경로 선택 시 불필요한 탐색 시간이 추가됨 | L55: 25초 | M55: 오답 후 일치하지 않는 단서 하나에 취소 표시 | N55: 0.020081019 | O55: 2-A | 공원·우정 반지 서브 | P55: 5 | Q55: 196 | S55: 25초 | T55: 25초 | U55: 25초
A56: 2 | 금이 간 일상 | B56: 55 | C56: 3 | D56: 7 | E56: 별 문양 우정 반지 찾기 | F56: 목표물이 작고 수거 가능한 쓰레기 사이에 섞여 있어 탐색 부담이 큼 | G56: 목격 위치와 반짝임 주기로 쓰레기 사이의 작은 별 문양 반지를 찾음 | H56: 3/10 – 목표물 크기·탐색 범위·가짜 후보 수가 난이도를 결정함 | I56: 5 | J56: 별 문양 우정 반지 발견·획득 | K56: - | L56: 30초 | M56: 90초 이상 미발견 시 탐색 범위를 단계적으로 축소 | N56: 0.020428241 | O56: 2-A | 공원·우정 반지 서브 | P56: 5 | Q56: 201 | S56: 30초 | T56: 25초 | U56: 25초 | Y56: 폐교에서 변혜서 목걸이 펜던트·약점 경고를 판별하는 단서
A57: 2 | 금이 간 일상 | B57: 56 | C57: 1 | D57: 8 | E57: 중학생에게 우정 반지를 돌려주고 반지의 의미 듣기 | F57: 비슷한 복장의 NPC가 있어 물건의 주인을 잘못 선택할 수 있음 | G57: 의뢰 대사와 위치를 확인한 뒤 반지의 주인에게 전달함 | H57: 1/10 – NPC 후보 수·위치 이동 여부·의뢰 단서 명확성이 난이도를 결정함 | I57: 2 | J57: 주인에게 전달·친구끼리 나눈 별 문양이라는 설명 확인 | K57: 오답 NPC 선택 시 전달이 취소되고 다시 선택 | L57: 15초 | M57: 의뢰 NPC 머리 위에 약한 대화 아이콘 표시 | N57: 0.020601852 | O57: 2-A | 공원·우정 반지 서브 | P57: 3 | Q57: 204 | S57: 15초 | T57: 15초 | U57: 15초 | Y57: 우정 반지 서브 퀘스트 완료·폐교 단서 플래그 저장
A58: 2 | 금이 간 일상 | B58: 57 | C58: 2 | D58: 8 | E58: 남은 쓰레기와 갑작스러운 공원 정적 확인하기 | F58: 잔여 쓰레기를 확인하는 순간 새들이 한꺼번에 날아가고 휴대전화 통신이 끊겨 미완료 항목과 이상 징후를 함께 확인해야 함 | G58: 잔여 수량과 구역 상태를 점검하면서 새가 날아간 방향·멈춘 배경음·통신 불가 표시를 확인함 | H58: 2/10 – 점검 항목 수·이상 징후의 동시 발생·정보 분산 정도가 난이도를 결정함 | I58: 5 | J58: 잔여 수량 0·오류 항목 0 및 공원 정적·통신 장애 확인 | K58: 조건 미달 시 완료 상호작용이 비활성화됨 | L58: 20초 | M58: 배경음을 단계적으로 줄이고 통신 불가 아이콘을 화면에 고정 표시 | N58: 0.020833333 | O58: 2-A | 공원 축제·청소 | P58: 4 | Q58: 208 | S58: 20초 | T58: 20초 | U58: 20초 | X58: 공원 청소 구역·반지 전달 완료
A59: 2 | 금이 간 일상 | B59: 58 | C59: 3 | D59: 8 | E59: 진동이 커지는 분리수거장으로 이동하기 | F59: 분리수거장에 가까워질수록 바닥 진동과 금속 마찰음이 강해져 목적지 방향과 위험 구역을 동시에 판단해야 함 | G59: 표지판과 진동의 세기를 비교하며 갈라진 바닥과 흔들리는 수거함을 피해 분리수거장까지 이동함 | H59: 3/10 – 진동 구역 수·시야 흔들림·목적지 표식의 가시성이 난이도를 결정함 | I59: 3 | J59: 진동 구역을 피해 분리수거장의 도착 트리거에 진입 | K59: 진동 구역에 3회 진입하면 공원 입구 체크포인트에서 재시작 | L59: 15초 | M59: 위험 바닥의 파동을 강조하고 실패 후 안전 경로를 표시 | N59: 0.021006944 | O59: 2-B | 분리수거장 | P59: 4 | Q59: 212 | S59: 15초 | T59: 15초 | U59: 15초
A60: 2 | 금이 간 일상 | B60: 59 | C60: 2 | D60: 6 | E60: 일반쓰레기 분류하기 | F60: 외형이 비슷하거나 내용물이 남은 쓰레기는 분류 기준을 혼동하기 쉬움 | G60: 재질·오염 여부·남은 내용물을 확인하고 일반쓰레기 8개를 올바른 수거함에 넣음 | H60: 2/10 – 분류 종류 수·외형 유사도·오답 허용 횟수가 난이도를 결정함 | I60: 8 | J60: 일반쓰레기 8개 전부 올바르게 분류 | K60: 오분류 5회 누적 시 해당 분류 단계 재시작 | L60: 30초 | M60: 오답 2회 후 분류 기준 그림 표시 | N60: 0.021354167 | O60: 2-B | 분리수거장 | P60: 4 | Q60: 216 | S60: 30초 | T60: 25초 | U60: 25초
A61: 2 | 금이 간 일상 | B61: 60 | C61: 3 | D61: 7 | E61: 재활용품 분류하기 | F61: 외형이 비슷하거나 내용물이 남은 쓰레기는 분류 기준을 혼동하기 쉬움 | G61: 재질·오염 여부·남은 내용물을 확인하고 플라스틱·캔·종이 10개를 올바른 수거함에 넣음 | H61: 3/10 – 분류 종류 수·외형 유사도·오답 허용 횟수가 난이도를 결정함 | I61: 10 | J61: 플라스틱·캔·종이 10개 전부 올바르게 분류 | K61: 오분류 5회 누적 시 해당 분류 단계 재시작 | L61: 40초 | M61: 오답 2회 후 분류 기준 그림 표시 | N61: 0.02181713 | O61: 2-B | 분리수거장 | P61: 5 | Q61: 221 | S61: 40초 | T61: 35초 | U61: 35초
A62: 2 | 금이 간 일상 | B62: 61 | C62: 3 | D62: 7 | E62: 오염된 쓰레기 분류하기 | F62: 외형이 비슷하거나 내용물이 남은 쓰레기는 분류 기준을 혼동하기 쉬움 | G62: 재질·오염 여부·남은 내용물을 확인하고 내용물이 남거나 오염된 쓰레기 6개를 올바른 수거함에 넣음 | H62: 3/10 – 분류 종류 수·외형 유사도·오답 허용 횟수가 난이도를 결정함 | I62: 6 | J62: 내용물이 남거나 오염된 쓰레기 6개 전부 올바르게 분류 | K62: 오분류 5회 누적 시 해당 분류 단계 재시작 | L62: 30초 | M62: 오답 2회 후 분류 기준 그림 표시 | N62: 0.022164352 | O62: 2-B | 분리수거장 | P62: 5 | Q62: 226 | S62: 30초 | T62: 25초 | U62: 25초
A63: 2 | 금이 간 일상 | B63: 62 | C63: 5 | D63: 8 | E63: 분리수거 라인 막힘 해소하기 | F63: 한꺼번에 들어온 쓰레기로 컨베이어가 막히고 오염물이 다른 분류함으로 번짐 | G63: 막힘 원인을 먼저 제거한 뒤 제한 시간 동안 재활용·일반·세척 대상을 우선순위대로 분류함 | H63: 5/10 – 동시 등장 수·오염 확산 속도·우선순위 판단이 난이도를 결정함 | I63: 10 | J63: 막힘 제거 후 쓰레기 10개를 오분류 없이 처리 | K63: 오염도 게이지가 최대가 되면 구간 시작부터 재시작 | L63: 30초 | M63: 재시도 시 컨베이어 속도를 낮추고 오염 확산 대상에 경고 테두리 표시 | N63: 0.022511574 | O63: 2-B | 분리수거장 | P63: 6 | Q63: 232 | S63: 30초 | T63: 25초 | U63: 25초
A64: 2 | 금이 간 일상 | B64: 63 | C64: 2 | D64: 9 | E64: 분리수거를 완료하고 바닥의 균열 흔적 확인하기 | F64: 마지막 쓰레기를 치운 뒤 수거함 아래에서 검은 선이 퍼지지만 오염 자국과 비슷해 균열 전조임을 놓칠 수 있음 | G64: 잔여 수량과 오분류 여부를 점검한 뒤 수거함을 움직여 바닥의 검은 선과 미세한 빛을 조사함 | H64: 2/10 – 검사 항목 수·흔적의 가시성·연출 발생 시점이 난이도를 결정함 | I64: 4 | J64: 잔여 수량 0·오류 항목 0 및 바닥의 균열 흔적 조사 | K64: 조건 미달 시 완료 상호작용이 비활성화됨 | L64: 15초 | M64: 미완료 구역을 표시하고 완료 후 수거함 아래의 검은 선을 단계적으로 밝힘 | N64: 0.022685185 | O64: 2-B | 분리수거장 | P64: 5 | Q64: 237 | S64: 15초 | T64: 15초 | U64: 15초 | X64: 분리수거 4단계 완료
A65: 2 | 금이 간 일상 | B65: 64 | C65: 1 | D65: 10 | E65: 비가 오지 않는데 이어지는 소리 없는 번개 목격하기 | F65: 시민에게는 이상 기상처럼 보이지만 차한해에게만 섬광 뒤 보랏빛 잔상이 보임 | G65: 하늘의 번개와 차한해 시야의 보랏빛 균열 아우라를 구분함 | H65: 1/10 – 목표 식별·선택·입력 부담을 종합한 체감 난이도 | I65: 3 | J65: 소리 없는 번개·차한해만 보는 보랏빛 잔상 확인 | K65: - | L65: 10초 | M65: 핵심 대상 강조·정체 시 단계별 힌트 제공 | N65: 0.022800926 | O65: 2-C | 자연재해로 보이는 균열 전조 | P65: 4 | Q65: 241 | S65: 10초 | T65: 10초 | U65: 10초
A66: 2 | 금이 간 일상 | B66: 65 | C66: 2 | D66: 9 | E66: 미세 지진과 도로의 금을 확인하기 | F66: 사람들은 노후 도로 균열로 여기지만 차한해에게만 금 사이 보랏빛 아우라가 보임 | G66: 흔들림이 멈춘 뒤 도로 금과 보랏빛 반응을 관찰함 | H66: 2/10 – 목표 식별·선택·입력 부담을 종합한 체감 난이도 | I66: 3 | J66: 미세 진동·도로 균열·보랏빛 반응 확인 | K66: - | L66: 25초 | M66: 핵심 대상 강조·정체 시 단계별 힌트 제공 | N66: 0.023090278 | O66: 2-C | 자연재해로 보이는 균열 전조 | P66: 4 | Q66: 245 | S66: 25초 | T66: 25초 | U66: 20초
A67: 2 | 금이 간 일상 | B67: 66 | C67: 2 | D67: 8 | E67: 시민과 상인의 자연재해 추측 듣기 | F67: 싱크홀·지진·이상 기상이라는 서로 다른 설명이 제시됨 | G67: 공통으로 확인되는 현상과 추측을 구분함 | H67: 2/10 – 목표 식별·선택·입력 부담을 종합한 체감 난이도 | I67: 3 | J67: 시민 추측 3종 확인 | K67: - | L67: 25초 | M67: 핵심 대상 강조·정체 시 단계별 힌트 제공 | N67: 0.02337963 | O67: 2-C | 자연재해로 보이는 균열 전조 | P67: 4 | Q67: 249 | S67: 25초 | T67: 25초 | U67: 20초
A68: 2 | 금이 간 일상 | B68: 67 | C68: 1 | D68: 8 | E68: 정부의 도로 크랙·싱크홀 통제 안내 확인하기 | F68: 정부도 균열을 알지 못해 일반 재난으로 통제함 | G68: 안내 방송에 따라 통제선 밖으로 이동하며 공식 분류를 확인함 | H68: 1/10 – 목표 식별·선택·입력 부담을 종합한 체감 난이도 | I68: 2 | J68: 도로 재난 통제·접근 금지 안내 확인 | K68: - | L68: 25초 | M68: 핵심 대상 강조·정체 시 단계별 힌트 제공 | N68: 0.023668981 | O68: 2-C | 자연재해로 보이는 균열 전조 | P68: 4 | Q68: 253 | S68: 25초 | T68: 25초 | U68: 25초
A69: 2 | 금이 간 일상 | B69: 68 | C69: 1 | D69: 9 | E69: 밤이 되자 사라진 보랏빛 잔상 확인하고 귀가하기 | F69: 현상이 멈춰 평범한 사고처럼 보이지만 차한해만 잔류 파장을 느낌 | G69: 도로 상태와 잔광을 마지막으로 확인하고 귀가함 | H69: 1/10 – 목표 식별·선택·입력 부담을 종합한 체감 난이도 | I69: 2 | J69: 잔류 파장 확인·공원 이탈 | K69: - | L69: 25초 | M69: 핵심 대상 강조·정체 시 단계별 힌트 제공 | N69: 0.023958333 | O69: 2-D | 전조 잠잠·귀가 | P69: 3 | Q69: 256 | S69: 25초 | T69: 20초 | U69: 20초
A70: 2 | 금이 간 일상 | B70: 69 | C70: 1 | D70: 9 | E70: 괴물 없이 끝난 이상 현상 보도를 확인하고 잠자기 | F70: 뉴스는 지진·싱크홀·이상 번개로만 설명함 | G70: 확정된 자연재해 정보와 차한해만 본 보랏빛 아우라를 구분함 | H70: 1/10 – 목표 식별·선택·입력 부담을 종합한 체감 난이도 | I70: 2 | J70: 뉴스 확인·취침 | K70: - | L70: 25초 | M70: 핵심 대상 강조·정체 시 단계별 힌트 제공 | N70: 0.024247685 | O70: 2-D | 전조 잠잠·귀가 | P70: 4 | Q70: 260 | S70: 25초 | T70: 25초 | U70: 25초 | Y70: 1~2챕터 괴물 미등장·균열 전조만 확정
A71: 3 | 선택된 선의 | B71: 70 | C71: 1 | D71: 6 | E71: 새벽 재난 문자 확인하기 | F71: 재난 문자와 주변 효과음이 동시에 출력되어 핵심 행동을 놓칠 수 있음 | G71: 균열 인근 대피 안내의 대피 위치와 위험 지역을 먼저 확인함 | H71: 1/10 – 동시 정보량·경고 문구의 명확성이 난이도를 결정함 | I71: 2 | J71: 재난 문자 핵심 항목 확인 | K71: - | L71: 10초 | M71: 문자를 닫은 뒤 화면에 대피 목표를 고정 표시 | N71: 0.024363426 | O71: 3-A | 아파트 재난 | P71: 3 | Q71: 263 | S71: 10초 | T71: 10초 | U71: 10초
A72: 3 | 선택된 선의 | B72: 71 | C72: 2 | D72: 8 | E72: 가족 찾기 | F72: 대화 속에 다음 목적지와 필요한 물품 정보가 섞여 있음 | G72: 강조되는 핵심 단어와 NPC의 요구를 확인하며 대화를 끝까지 진행함 | H72: 2/10 – 대사 길이·핵심 정보의 명확성·선택지 수가 난이도를 결정함 | I72: 3 | J72: 부모와 동생에 관한 대화를 마지막 문장까지 진행 | K72: - | L72: 15초 | M72: 대화 종료 후 핵심 내용을 화면 한쪽에 요약 표시 | N72: 0.024537037 | O72: 3-A | 아파트 재난 | P72: 4 | Q72: 267 | S72: 15초 | T72: 15초 | U72: 15초 | W72: [차우선] +5% (누적 60%)
A73: 3 | 선택된 선의 | B73: 72 | C73: 3 | D73: 7 | E73: 비상 물품 챙기기 | F73: 제한된 가방 칸 때문에 모든 물품을 챙길 수 없고 우선순위 판단이 필요함 | G73: 대피 상황에 필요한 물품을 비교해 가방·물·손전등·구급품 중 필수 물품를 선택함 | H73: 3/10 – 후보 물품 수·인벤토리 제한·필수 조합 수가 난이도를 결정함 | I73: 5 | J73: 필수 물품이 포함된 상태로 준비 완료 | K73: 필수 물품이 없으면 확인 단계에서 진행 불가 | L73: 25초 | M73: 필수 물품 누락 시 용도 힌트 표시 | N73: 0.024826389 | O73: 3-A | 아파트 재난 | P73: 5 | Q73: 272 | S73: 25초 | T73: 25초 | U73: 25초
A74: 3 | 선택된 선의 | B74: 73 | C74: 4 | D74: 9 | E74: 가족들 대피시키기 | F74: 동행 NPC가 장애물에 걸리거나 플레이어와 멀어지면 대피가 중단됨 | G74: 동행자 속도에 맞춰 이동하고 위험 구역 앞에서 부모와 동생를 기다림 | H74: 4/10 – 동행 인원·속도 차이·장애물 수·허용 거리가 난이도를 결정함 | I74: 3 | J74: 모든 동행 NPC가 대피 지점 도착 | K74: 동행 NPC가 위험 구역에 8초 이상 고립되면 재시작 | L74: 30초 | M74: 동행 NPC가 멀어지면 화면 가장자리에 방향 표시 | N74: 0.025173611 | O74: 3-A | 아파트 재난 | P74: 6 | Q74: 278 | S74: 30초 | T74: 30초 | U74: 30초
A75: 3 | 선택된 선의 | B75: 74 | C75: 2 | D75: 8 | E75: 아파트 계단으로 이동하며 ‘나부터’을 피해 숨기 | F75: 나부터의 느린 할퀴기·비틀거리며 접근 패턴과 가족과 이웃의 대피 동선을 들키지 않게 확보해야 함 | G75: 균열 주변을 배회하다가 가까이 접근한 대상을 짧게 추격함을 관찰한 뒤 회피·관찰 방식으로 안전 지점까지 이동함 | H75: 2/10 – 시야 범위·우회 경로 수·발각 후 추격 시간이 난이도를 결정함 | I75: 1 | J75: 나부터에게 발각되거나 피격되지 않고 목표 지점 도달 | K75: 피격·발각 시 직전 안전 지점에서 재시작 | L75: 20초 | M75: 시야 범위 표시·공격 전조 길이·안전 지점 간격 조절 | N75: 0.025405093 | O75: 3-B | 대피 경로 | P75: 5 | Q75: 283 | R75: 느린 할퀴기→비틀거리며 접근→회피·관찰 | S75: 20초 | T75: 20초 | U75: 20초
A76: 3 | 선택된 선의 | B76: 75 | C76: 5 | D76: 9 | E76: 이웃 주민 구조하기 | F76: 위험이 지속되는 동안 대상 상태를 확인하고 구조 행동을 여러 번 수행해야 함 | G76: 위험 패턴이 멈춘 순간에 접근해 계단에 쓰러진 이웃 주민을 안전 지점으로 옮김 | H76: 5/10 – 위험 주기·대상 체력·이동 거리·구조 단계 수가 난이도를 결정함 | I76: 3 | J76: 구조 대상이 안전 지점 도착 | K76: 구조 대상 체력이 0이 되면 체크포인트 재시작 | L76: 40초 | M76: 대상 체력 경고와 안전 경로 표시 | N76: 0.025868056 | O76: 3-B | 대피 경로 | P76: 6 | Q76: 289 | S76: 40초 | T76: 35초 | U76: 35초
A77: 3 | 선택된 선의 | B77: 76 | C77: 2 | D77: 5 | E77: 가족과 이웃 주민을 건물 밖으로 먼저 내보내기 | F77: 출구가 좁고 주민들이 공포에 빠져 한꺼번에 몰리면 대피가 지연됨 | G77: 차한해가 뒤에 남아 주민을 순서대로 내보내고 마지막까지 계단과 현관을 확인함 | H77: 2/10 – 목적지와 우회 동선을 파악해야 함 | I77: 1 | J77: 가족·이웃 주민 전원 건물 밖 대피 | K77: - | L77: 25초 | M77: 목적지 방향 표시·정체 시 우회 경로 안내 | N77: 0.026157407 | O77: 3-B | 아파트 대피·첫 힘 | P77: 3 | Q77: 292 | S77: 25초 | T77: 20초 | U77: 20초 | W77: [도시] +5% (기본 5% · 최대 5%) [차우선] +5% (누적 65%) | X77: 가족·이웃 주민 대피 완료
A78: 3 | 선택된 선의 | B78: 77 | C78: 2 | D78: 7 | E78: 건물 안에 남은 어린아이의 울음소리 찾기 | F78: 괴물 소리와 경보음 사이에 아이의 작은 울음이 섞여 위치를 알아차리기 어려움 | G78: 현관을 나가기 전 멈춰 울음 방향을 듣고 계단 아래 사각지대의 아이를 발견함 | H78: 2/10 – 시각·음향 단서를 연결해야 함 | I78: 3 | J78: 숨어 있는 어린아이 발견 | K78: - | L78: 25초 | M78: 중요 오브젝트 미세 점멸·정체 시 음향 방향 강화 | N78: 0.026446759 | O78: 3-B | 아파트 대피·첫 힘 | P78: 4 | Q78: 296 | S78: 25초 | T78: 25초 | U78: 20초
A79: 3 | 선택된 선의 | B79: 78 | C79: 1 | D79: 10 | E79: 나 먼저와 정면으로 마주치기 | F79: 나 먼저의 돌진이 퇴로를 막지만, 차한해는 아직 자신의 힘을 알지 못함 | G79: 회피 불가능한 연출에서 반사적으로 양손을 뻗어 다음 접촉 소멸 장면으로 이어짐 | H79: 1/10 – 연출 정보량·단서 강조 정도가 난이도를 결정함 | I79: 2 | J79: 나 먼저의 덮치기 직전 차한해가 양손을 뻗는 연출 진입 | K79: - | L79: 50초 | M79: 공격 연출 속도·시선 유도·입력 유예 시간 조절 | N79: 0.027025463 | O79: 3-B | 아파트 대피·첫 힘 | P79: 5 | Q79: 301 | R79: 강제 덮치기→반사적 접촉→다음 콘텐츠에서 소멸 | S79: 50초 | T79: 45초 | U79: 35초 | W79: [도시] +5% (기본 5% · 최대 10%)
A80: 3 | 선택된 선의 | B80: 79 | C80: 1 | D80: 10 | E80: 두 눈을 감고 양손으로 괴물을 막기 | F80: 차한해는 공격 방법도 힘의 존재도 모르며 괴물의 돌진을 몸으로 막아야 한다고 생각함 | G80: 괴물이 덮치기 직전 전용 UI에 나타난 [펑!]을 1회 발동함. 차한해가 두 눈을 감고 양손을 뻗는 순간 무의식적 선의 폭발이 발생함 | H80: 2/10 – 감정 정보와 인물 관계를 이해해야 함 | I80: 2 | J80: [펑!] 1회 발동·괴물이 차한해에게 접촉 | K80: - | L80: 25초 | M80: 일시정지·다시 보기·핵심 기억 요약 제공 | N80: 0.027314815 | O80: 3-B | 아파트 대피·첫 힘 | P80: 8 | Q80: 309 | R80: [펑!] → 무의식적 선의 폭발(+990) → 접촉 소멸 | S80: 25초 | T80: 25초 | U80: 25초
A81: 3 | 선택된 선의 | B81: 80 | C81: 2 | D81: 7 | E81: 먼지처럼 사라진 괴물의 흔적 확인하기 | F81: 눈을 감고 충돌 감각도 느끼지 못해 차한해는 괴물이 어디로 사라졌는지 이해하지 못함 | G81: [펑!]의 연계 효과인 접촉 소멸이 끝난 뒤 눈을 뜨고 비어 있는 복도와 먼지 같은 보랏빛 잔광만 확인함 | H81: 2/10 – 시각·음향 단서를 연결해야 함 | I81: 3 | J81: 괴물이 사라진 복도 확인 | K81: - | L81: 25초 | M81: 중요 오브젝트 미세 점멸·정체 시 음향 방향 강화 | N81: 0.027604167 | O81: 3-B | 아파트 대피·첫 힘 | P81: 4 | Q81: 313 | S81: 25초 | T81: 25초 | U81: 20초
A82: 3 | 선택된 선의 | B82: 81 | C82: 2 | D82: 5 | E82: 어린아이를 공주님 안기로 구출하기 | F82: 차한해가 괴물의 행방에 당황하는 사이 아이가 다시 위험 구역에 남아 있음 | G82: 괴물의 원인을 추측하는 대신 아이를 안아 들고 즉시 건물 밖으로 달려 나감 | H82: 2/10 – 목적지와 우회 동선을 파악해야 함 | I82: 1 | J82: 어린아이와 함께 건물 밖 도착 | K82: - | L82: 25초 | M82: 목적지 방향 표시·정체 시 우회 경로 안내 | N82: 0.027893519 | O82: 3-B | 아파트 대피·첫 힘 | P82: 3 | Q82: 316 | S82: 25초 | T82: 20초 | U82: 20초 | W82: [도시] +5% (기본 10% · 최대 15%) | X82: 어린아이 구조 완료
A83: 3 | 선택된 선의 | B83: 82 | C83: 1 | D83: 8 | E83: 아이의 ‘괴물 펑’ 목격담 듣기 | F83: 아이는 흥분한 상태로 짧고 불완전한 말만 해 차한해가 의미를 이해하기 어려움 | G83: 아이의 ‘언니, 괴물. 펑! 없어져써!’라는 말을 듣지만 놀라서 횡설수설한다고 판단함 | H83: 2/10 – 핵심 정보와 감정의 연결을 이해해야 함 | I83: 2 | J83: 아이의 목격담 확인 | K83: - | L83: 25초 | M83: 핵심 문장 강조·대화 다시 보기·선택 시간 제한 없음 | N83: 0.02818287 | O83: 3-B | 아파트 대피·첫 힘 | P83: 4 | Q83: 320 | S83: 25초 | T83: 25초 | U83: 25초
A84: 3 | 선택된 선의 | B84: 83 | C84: 2 | D84: 8 | E84: 1등 나와을 우회해 안전 구역으로 이동하기 | F84: 1등 나와의 몸통 내려찍기·느린 추격 패턴과 느린 추격이 좁은 대피 경로를 막음 | G84: 느리게 직선 접근하며 공격 직전에 몸을 크게 들어 올림을 관찰한 뒤 회피·우회 방식으로 안전 지점까지 이동함 | H84: 2/10 – 시야 범위·우회 경로 수·발각 후 추격 시간이 난이도를 결정함 | I84: 1 | J84: 1등 나와에게 발각되거나 피격되지 않고 목표 지점 도달 | K84: 피격·발각 시 직전 안전 지점에서 재시작 | L84: 25초 | M84: 시야 범위 표시·공격 전조 길이·안전 지점 간격 조절 | N84: 0.028472222 | O84: 3-B | 대피 경로 | P84: 5 | Q84: 325 | R84: 몸통 내려찍기→느린 추격→회피·우회 | S84: 25초 | T84: 25초 | U84: 25초
A85: 3 | 선택된 선의 | B85: 84 | C85: 2 | D85: 8 | E85: 놀잇감의 울음 파동을 피해 새벽 괴물 습격 구간 벗어나기 | F85: 놀잇감의 울음 파동·뒤로 물러나기 패턴과 울음이 다른 괴물의 시선을 끌어 안전 경로가 계속 바뀜 | G85: 제자리에서 울음소리를 내며 주변 개체의 시선을 끌고 접근 시 도망침을 관찰한 뒤 거리 유지 방식으로 안전 지점까지 이동함 | H85: 2/10 – 시야 범위·우회 경로 수·발각 후 추격 시간이 난이도를 결정함 | I85: 4 | J85: 놀잇감에게 발각되거나 피격되지 않고 목표 지점 도달 | K85: 피격·발각 시 직전 안전 지점에서 재시작 | L85: 1분 5초 | M85: 시야 범위 표시·공격 전조 길이·안전 지점 간격 조절 | N85: 0.029224537 | O85: 3-B | 대피 경로 | P85: 10 | Q85: 335 | R85: 울음 파동→뒤로 물러나기→멈춰 서기→거리 유지 | S85: 1분 5초 | T85: 55초 | U85: 55초
A86: 3 | 선택된 선의 | B86: 85 | C86: 2 | D86: 8 | E86: 내 창고의 배회 경로를 피해 한도윤과 합류하기 | F86: 내 창고의 배회·짧은 밀치기 패턴과 반복 배회 구간을 읽으며 합류 지점까지 이동해야 함 | G86: 정해진 구역을 반복 이동하며 시야 안에서 오래 머물 때만 반응함을 관찰한 뒤 은폐·우회 방식으로 안전 지점까지 이동함 | H86: 2/10 – 시야 범위·우회 경로 수·발각 후 추격 시간이 난이도를 결정함 | I86: 2 | J86: 내 창고에게 발각되거나 피격되지 않고 목표 지점 도달 | K86: 피격·발각 시 직전 안전 지점에서 재시작 | L86: 20초 | M86: 시야 범위 표시·공격 전조 길이·안전 지점 간격 조절 | N86: 0.029456019 | O86: 3-B | 대피 경로 | P86: 4 | Q86: 339 | R86: 배회→짧은 밀치기→주변 살피기→은폐·우회 | S86: 20초 | T86: 20초 | U86: 20초 | W86: [한도윤] +5% (누적 85%) | X86: 가족 대피·아파트 탈출 완료 | Y86: 한도윤 인연 85% 이상 : 대피소 작전 힌트 대화 해금
A87: 3 | 선택된 선의 | B87: 86 | C87: 3 | D87: 8 | E87: 임시 대피소 도착하기 | F87: 갈림길과 주변 상호작용 오브젝트 때문에 목적지 방향을 놓칠 수 있음 | G87: 표지판·미니맵·NPC 이동 방향을 확인하며 임시 대피소까지 이동함 | H87: 3/10 – 맵 크기·갈림길 수·목적지 표식의 가시성이 난이도를 결정함 | I87: 1 | J87: 임시 대피소의 도착 트리거에 진입 | K87: - | L87: 25초 | M87: 일정 시간 정체 시 목적지 방향 화살표 표시 | N87: 0.02974537 | O87: 3-C | 대피소·선의관리국 | P87: 4 | Q87: 343 | S87: 25초 | T87: 20초 | U87: 20초
A88: 3 | 선택된 선의 | B88: 87 | C88: 1 | D88: 8 | E88: 맨몸으로 할머니를 구해 유명해진 청년의 뉴스 확인하기 | F88: 영웅 서사와 실제 구조 행동을 구분해야 함 | G88: 원본 구조 영상에서 청년이 먼저 위험에 뛰어든 장면을 확인함 | H88: 2/10 – 핵심 정보와 감정의 연결을 이해해야 함 | I88: 2 | J88: 청년의 구조 행동·대중적 유명세 확인 | K88: - | L88: 25초 | M88: 핵심 문장 강조·대화 다시 보기·선택 시간 제한 없음 | N88: 0.030034722 | O88: 3-C | 임시 대피소·선의 발견 | P88: 4 | Q88: 347 | S88: 25초 | T88: 25초 | U88: 25초
A89: 3 | 선택된 선의 | B89: 88 | C89: 1 | D89: 8 | E89: 선행으로 유명해진 청년의 인터뷰와 밈 확인하기 | F89: 진심 어린 인터뷰가 영웅 상품으로 소비되는 변화를 읽어야 함 | G89: 원본 인터뷰와 편집 영상·밈을 비교함 | H89: 2/10 – 핵심 정보와 감정의 연결을 이해해야 함 | I89: 2 | J89: 원본 인터뷰·영웅화 반응 확인 | K89: - | L89: 25초 | M89: 핵심 문장 강조·대화 다시 보기·선택 시간 제한 없음 | N89: 0.030324074 | O89: 3-C | 임시 대피소·선의 발견 | P89: 4 | Q89: 351 | S89: 25초 | T89: 25초 | U89: 20초
A90: 3 | 선택된 선의 | B90: 89 | C90: 1 | D90: 8 | E90: 악질 채널 ‘클릭헌터’의 균열 접근 생방송 시청하기 | F90: 조회수를 위해 통제선을 넘는 과장 방송에서 실제 현장을 구분해야 함 | G90: 삼각대 화면·통제선 침입 경로·눈썹 흉터와 피어싱을 확인함 | H90: 2/10 – 핵심 정보와 감정의 연결을 이해해야 함 | I90: 2 | J90: 클릭헌터의 균열 접근·외형 특징 확인 | K90: - | L90: 25초 | M90: 핵심 문장 강조·대화 다시 보기·선택 시간 제한 없음 | N90: 0.030613426 | O90: 3-C | 클릭헌터 첫 생방송 | P90: 4 | Q90: 355 | S90: 25초 | T90: 25초 | U90: 20초
A91: 3 | 선택된 선의 | B91: 90 | C91: 2 | D91: 7 | E91: 클릭헌터에게 나타난 선의 수치 96 확인하기 | F91: 숫자가 방송 화면과 실제 현장에 동시에 떠올라 영상 조작인지 이상 현상인지 논란이 발생함 | G91: 다른 각도의 영상과 현장 목격담을 대조해 수치 96이 실제로 나타났음을 확인함 | H91: 2/10 – 시각·음향 단서를 연결해야 함 | I91: 3 | J91: 클릭헌터의 수치 96 측정 확인 | K91: - | L91: 25초 | M91: 중요 오브젝트 미세 점멸·정체 시 음향 방향 강화 | N91: 0.030902778 | O91: 3-C | 클릭헌터 첫 생방송 | P91: 4 | Q91: 359 | S91: 25초 | T91: 25초 | U91: 20초
A92: 3 | 선택된 선의 | B92: 91 | C92: 1 | D92: 8 | E92: 기계가 정상 작동하는 균열 연구 현장 확인하기 | F92: 초기에는 고장 나던 장비가 정상으로 돌아와 현상 변화의 원인을 알기 어려움 | G92: 연구원들이 카메라·센서·측정 장비를 다시 설치하는 과정과 균열 반응을 관찰함 | H92: 2/10 – 핵심 정보와 감정의 연결을 이해해야 함 | I92: 2 | J92: 균열 주변 장비 정상 작동 및 연구 시작 확인 | K92: - | L92: 25초 | M92: 핵심 문장 강조·대화 다시 보기·선택 시간 제한 없음 | N92: 0.03119213 | O92: 3-C | 임시 대피소·선의 발견 | P92: 4 | Q92: 363 | S92: 25초 | T92: 25초 | U92: 20초
A93: 3 | 선택된 선의 | B93: 92 | C93: 1 | D93: 10 | E93: 유명 청년의 선의 수치 836 측정하기 | F93: 높은 수치가 곧 변하지 않는 인격 보증처럼 받아들여짐 | G93: 측정 결과와 고등급자 특혜 발표를 함께 확인함 | H93: 2/10 – 감정 정보와 인물 관계를 이해해야 함 | I93: 2 | J93: 선의 수치 836·고등급자 편입 확인 | K93: - | L93: 50초 | M93: 일시정지·다시 보기·핵심 기억 요약 제공 | N93: 0.031770833 | O93: 3-C | 임시 대피소·선의 발견 | P93: 5 | Q93: 368 | S93: 50초 | T93: 45초 | U93: 35초
A94: 3 | 선택된 선의 | B94: 93 | C94: 1 | D94: 8 | E94: 새로운 수치를 ‘선의 수치’라고 부르는 과정 확인하기 | F94: 공식 명칭이 정해지기 전 언론·연구자·시민이 서로 다른 이름을 사용함 | G94: 청년의 구조 동기와 수치의 전투 효과를 연결한 보도를 통해 ‘선의 수치’ 명칭이 확산되는 과정을 확인함 | H94: 2/10 – 핵심 정보와 감정의 연결을 이해해야 함 | I94: 2 | J94: 선의 수치 명칭의 공식 채택 확인 | K94: - | L94: 25초 | M94: 핵심 문장 강조·대화 다시 보기·선택 시간 제한 없음 | N94: 0.032060185 | O94: 3-C | 임시 대피소·선의 발견 | P94: 4 | Q94: 372 | S94: 25초 | T94: 25초 | U94: 20초
A95: 3 | 선택된 선의 | B95: 94 | C95: 1 | D95: 8 | E95: 전국민 선의 수치 의무 측정 발표 듣기 | F95: 괴물 대응 인력을 찾는다는 명분과 개인의 내면을 국가가 수치화한다는 불안이 동시에 존재함 | G95: 측정 대상·요일제·고등급 기준·미측정 시 조치를 확인함 | H95: 2/10 – 핵심 정보와 감정의 연결을 이해해야 함 | I95: 2 | J95: 전국민 측정 의무와 700 이상 고등급 기준 확인 | K95: - | L95: 25초 | M95: 핵심 문장 강조·대화 다시 보기·선택 시간 제한 없음 | N95: 0.032349537 | O95: 3-C | 임시 대피소·선의 발견 | P95: 4 | Q95: 376 | S95: 25초 | T95: 25초 | U95: 20초
A96: 3 | 선택된 선의 | B96: 95 | C96: 1 | D96: 8 | E96: 출생연도 끝자리 6의 월요일 측정 일정 확인하기 | F96: 재난 안내와 가족 요청이 겹쳐 차한해 자신의 측정 일정을 놓치기 쉬움 | G96: 1996년생 차한해가 월요일 대상임을 확인하고 접수 마감 시간을 기록함 | H96: 2/10 – 핵심 정보와 감정의 연결을 이해해야 함 | I96: 2 | J96: 차한해 측정 요일·마감 시간 확인 | K96: - | L96: 25초 | M96: 핵심 문장 강조·대화 다시 보기·선택 시간 제한 없음 | N96: 0.032638889 | O96: 3-C | 임시 대피소·선의 발견 | P96: 4 | Q96: 380 | S96: 25초 | T96: 25초 | U96: 20초
A97: 3 | 선택된 선의 | B97: 96 | C97: 1 | D97: 8 | E97: 구호 음식이 질렸다는 가족의 부탁 받기 | F97: 가족들은 차한해의 측정 일정에도 불구하고 맛있는 음식을 구해 오라고 요구함 | G97: 측정소와 음식점의 위치·마감 시간을 비교하지만 결국 가족 부탁을 먼저 처리함 | H97: 2/10 – 핵심 정보와 감정의 연결을 이해해야 함 | I97: 2 | J97: 가족이 원하는 음식 목록 확인 | K97: - | L97: 25초 | M97: 핵심 문장 강조·대화 다시 보기·선택 시간 제한 없음 | N97: 0.032928241 | O97: 3-D | 대피소 가족 심부름 | P97: 4 | Q97: 384 | S97: 25초 | T97: 25초 | U97: 20초
A98: 3 | 선택된 선의 | B98: 97 | C98: 3 | D98: 8 | E98: 여깄었네과 싸우는 고등급자 곁을 지나 따뜻한 음식 구해오기 | F98: 여깄었네과 고등급자의 교전 구역에서 고등급자 교전 구역과 시민 이동 동선이 겹침 | G98: 회피·고등급자 교전 구간 통과을 적용해 고등급자 전투에 직접 개입하지 않고 원래 심부름 목표를 수행함 | H98: 3/10 – 시야 범위·우회 경로 수·발각 후 추격 시간이 난이도를 결정함 | I98: 1 | J98: 교전 범위를 통과하고 기존 심부름·이동 목표 완료 | K98: 몬스터의 공격 범위에 오래 머물러 피격하면 직전 대피 지점에서 재시작 | L98: 1분 10초 | M98: NPC 제압 속도·몬스터 시선 유지 시간·우회 경로 수 조절 | N98: 0.033738426 | O98: 3-D | 대피소 가족 심부름 | P98: 5 | Q98: 389 | R98: 연속 할퀴기→추격 돌진→목표 전환→회피·고등급자 교전 구간 통과 | S98: 1분 10초 | T98: 1분 | U98: 50초
A99: 3 | 선택된 선의 | B99: 98 | C99: 3 | D99: 8 | E99: 잠깐인데이 점거한 보급로에서 노인의 약주머니 찾아주기 | F99: 고등급자 교전 구역을 우회하며 비슷한 약 봉투를 구분해야 함 | G99: 처방전의 이름·복용 시간·주머니 자수를 대조해 약을 회수함 | H99: 3/10 – 시야 범위·우회 경로 수·발각 후 추격 시간이 난이도를 결정함 | I99: 4 | J99: 약주머니 단서 3개 일치·노인에게 전달 | K99: 몬스터의 공격 범위에 오래 머물러 피격하면 직전 대피 지점에서 재시작 | L99: 30초 | M99: NPC 제압 속도·몬스터 시선 유지 시간·우회 경로 수 조절 | N99: 0.034085648 | O99: 3-D | 대피소 보급로·약주머니 서브 | P99: 3 | Q99: 392 | R99: 통로 밀치기→앞길 막기→짧은 충격파→우회·보급 동선 확보 | S99: 30초 | T99: 25초 | U99: 25초 | W99: [도시] +5% 선택 (기본 10% · 최대 20%) | Y99: 도시 인연 선택 콘텐츠 +5%
A100: 3 | 선택된 선의 | B100: 99 | C100: 1 | D100: 8 | E100: 딱딱한 바닥 때문에 토퍼를 가져오라는 부탁 받기 | F100: 괴물 출현 지역인 집으로 돌아가야 하지만 가족은 불편함을 이유로 부탁을 반복함 | G100: 집까지의 위험도와 측정 마감 시간을 확인한 뒤 토퍼를 가져오기로 결정함 | H100: 2/10 – 핵심 정보와 감정의 연결을 이해해야 함 | I100: 2 | J100: 토퍼 위치와 귀환 경로 확인 | K100: - | L100: 25초 | M100: 핵심 문장 강조·대화 다시 보기·선택 시간 제한 없음 | N100: 0.034375 | O100: 3-D | 대피소 가족 심부름 | P100: 4 | Q100: 396 | S100: 25초 | T100: 25초 | U100: 20초
...

Sheet 밸런스 팩터
B2: 밸런스 팩터
B3: 게임 「넌 착해!」의 플레이 경험 조절 요소. 핵심 연결은 ① 문서 전체 미들 3시간 53분 35초·대표 진엔딩 3시간 40분, ② 선의 수치·자아마모도·도시 인연, ③ 사람 1명→나쁜 부분 총합 1개→몬스터 1개·인간 껍데기 1개 원칙, ④ 초기 변이체만 보라 단세포형이고 일반 이상은 인간 서사·행동 잔재를 외형과 패턴으로 변환, ⑤ 비보스 서사는 선택형 잔류 기억으로 공개, ⑥ 유인 파동은 늦은 밤~이른 새벽 선의 0 인간만 유인, ⑦ 균열 태생체는 내부 생태계의 자연 생물이며 수호체와 일반 전투를 하지 않음, ⑧ 최종 분기는 진실 공개/은폐와 도시 인연 100% 여부로 진엔딩·희생·공존 엔딩을 결정함.
B5: 진행·콘텐츠 | J5: 서사·상태 | R5: 전투 | Z5: 가이드·편의 | AH5: 크기: 핵심(대) · 반복 조정(중) · 장면 조정(소)
B70: 큰 원은 플레이 전반에 미치는 영향이 큰 핵심 팩터이며, 작은 원은 장면·미션 단위에서 조정하는 세부 팩터임

Sheet PC DATA(대차대조표)
A1: 콘텐츠 진행 순서 | B1: 이름 | C1: 이미지 | D1: 콘텐츠명 | E1: 전투 상태 | F1: 기본 공격력 | G1: 공격력 변화(최초·일회성) | H1: 기본 방어력 | I1: 방어력 변화(획득·손상·파손) | J1: 스킬(최초 해금) | K1: 변경 근거·현재 상태
A2: 1 | B2: 차한해 | D2: 차한해의 과거 오프닝 감상 | E2: 전투 시스템 미개방 | F2: 10 | H2: 10 | J2: 거절 | K2: 기본 공격력 10 / 기본 방어력 10
A3: 2 | B3: 차한해 | D3: 아버지 회사 서류를 챙겨 식탁에 올려두기 | E3: 전투 시스템 미개방 | F3: 10 | H3: 10 | K3: 일반인 신체 능력 유지
A4: 3 | B4: 차한해 | D4: 빨래를 분류해 세탁기에 넣고 작동하기 | E4: 전투 시스템 미개방 | F4: 10 | H4: 10
A5: 4 | B5: 차한해 | D5: 어머니의 비싼 블라우스를 손세탁하기 | E5: 전투 시스템 미개방 | F5: 10 | H5: 10
A6: 5 | B6: 차한해 | D6: 건조기 완료음을 듣고 빨래를 꺼내 거실에서 개기 | E6: 전투 시스템 미개방 | F6: 10 | H6: 10
A7: 6 | B7: 차한해 | D7: 동생에게 신상 과자·헤어롤·팝콘 심부름 받기 | E7: 전투 시스템 미개방 | F7: 10 | H7: 10
A8: 7 | B8: 차한해 | D8: 엘리베이터에서 주민 모두에게 인사하며 밖으로 나가기 | E8: 전투 시스템 미개방 | F8: 10 | H8: 10
A9: 8 | B9: 차한해 | D9: 편의점에서 신상 과자가 아직 입고되지 않았음을 확인하기 | E9: 전투 시스템 미개방 | F9: 10 | H9: 10
A10: 9 | B10: 차한해 | D10: 알바생의 무거운 음료 박스 진열 부탁을 수락할지 선택하기 | E10: 전투 시스템 미개방 | F10: 10 | H10: 10
A11: 10 | B11: 차한해 | D11: 음료 박스를 가격표에 맞춰 진열하기 | E11: 전투 시스템 미개방 | F11: 10 | H11: 10
A12: 11 | B12: 차한해 | D12: 골목에서 들리는 예쁜 고양이 울음소리 확인하기 | E12: 전투 시스템 미개방 | F12: 10 | H12: 10
A13: 12 | B13: 차한해 | D13: 편의점에서 츄르 4개입 세트 구매하기 | E13: 전투 시스템 미개방 | F13: 10 | H13: 10
A14: 13 | B14: 차한해 | D14: 예쁜 고양이에게 첫 번째 츄르 건네기 | E14: 전투 시스템 미개방 | F14: 10 | H14: 10
A15: 14 | B15: 차한해 | D15: 다이소로 이동하기 | E15: 전투 시스템 미개방 | F15: 10 | H15: 10
... A79: 78 | B79: 차한해 | D79: 나 먼저와 정면으로 마주치기 | E79: 전투 시스템 미개방 | F79: 10 | H79: 10
A80: 79 | B80: 차한해 | D80: 두 눈을 감고 양손으로 괴물을 막기 | E80: 무의식적 일회성 발현 | F80: 10 | G80: [펑!] 연계 : 무의식적 선의 폭발 +990 순간 출력 1000 | H80: 10 | J80: 펑! | K80: 기본 공격력 10 / 무의식적 선의 폭발 +990 · 순간 출력 1000 / 기본 방어력 10
A81: 80 | B81: 차한해 | D81: 먼지처럼 사라진 괴물의 흔적 확인하기 | E81: 미개방·힘 재현 불가 | F81: 10 | G81: [펑!] 연계 종료 : +990 → 0 | H81: 10 | K81: 무의식적 선의 폭발 종료 : +990 → 0
A82: 81 | B82: 차한해 | D82: 어린아이를 공주님 안기로 구출하기 | E82: 미개방·힘 재현 불가 | F82: 10 | H82: 10 | K82: 첫 힘의 존재와 발동 방법을 인식하지 못함
A83: 82 | B83: 차한해 | D83: 아이의 ‘괴물 펑’ 목격담 듣기 | E83: 미개방·힘 재현 불가 | F83: 10 | H83: 10
A84: 83 | B84: 차한해 | D84: 1등 나와을 우회해 안전 구역으로 이동하기 | E84: 미개방·힘 재현 불가 | F84: 10 | H84: 10
A85: 84 | B85: 차한해 | D85: 놀잇감의 울음 파동을 피해 새벽 괴물 습격 구간 벗어나기 | E85: 미개방·힘 재현 불가 | F85: 10 | H85: 10
A86: 85 | B86: 차한해 | D86: 내 창고의 배회 경로를 피해 한도윤과 합류하기 | E86: 미개방·힘 재현 불가 | F86: 10 | H86: 10
A87: 86 | B87: 차한해 | D87: 임시 대피소 도착하기 | E87: 미개방·힘 재현 불가 | F87: 10 | H87: 10
A88: 87 | B88: 차한해 | D88: 맨몸으로 할머니를 구해 유명해진 청년의 뉴스 확인하기 | E88: 미개방·힘 재현 불가 | F88: 10 | H88: 10
A89: 88 | B89: 차한해 | D89: 선행으로 유명해진 청년의 인터뷰와 밈 확인하기 | E89: 미개방·힘 재현 불가 | F89: 10 | H89: 10
A90: 89 | B90: 차한해 | D90: 악질 채널 ‘클릭헌터’의 균열 접근 생방송 시청하기 | E90: 미개방·힘 재현 불가 | F90: 10 | H90: 10
A91: 90 | B91: 차한해 | D91: 클릭헌터에게 나타난 선의 수치 96 확인하기 | E91: 미개방·힘 재현 불가 | F91: 10 | H91: 10
A92: 91 | B92: 차한해 | D92: 기계가 정상 작동하는 균열 연구 현장 확인하기 | E92: 미개방·힘 재현 불가 | F92: 10 | H92: 10
A93: 92 | B93: 차한해 | D93: 유명 청년의 선의 수치 836 측정하기 | E93: 미개방·힘 재현 불가 | F93: 10 | H93: 10
A94: 93 | B94: 차한해 | D94: 새로운 수치를 ‘선의 수치’라고 부르는 과정 확인하기 | E94: 미개방·힘 재현 불가 | F94: 10 | H94: 10
... A118: 117 | B118: 차한해 | D118: 선의 수치 836 청년의 초기 구조 원칙 듣기 | E118: 미개방·힘 재현 불가 | F118: 10 | H118: 10
A119: 118 | B119: 차한해 | D119: 관리국 표준 대응 장비 8종·응급품 2종을 수령하고 상태 UI 확인하기 | E119: 전투 가능·비전투 콘텐츠 | F119: 80 | G119: 관리국 지급 권총 +20 관리국 대응 장갑 +3 비살상 충격탄 사용 시 +6 | H119: 100 | I119: 기본 보호 조끼 +30 관리국 방진 고글 +4 관리국 대응 장갑 +5 관리국 전술화 +6 관리국 방진 마스크 +3 | J119: 탕! 앗, 피해! 행동 제한 | K119: 관리국 표준 대응 세트 8종·응급 주사·비살상 충격탄 획득
A120: 119 | B120: 차한해 | D120: 관리국 지급 권총·비살상 충격탄·관리국 전술화를 이용해 사격과 회피 연습하기 | E120: 전투 가능 | F120: 100 | H120: 100 | K120: 기본 공격력 100 / 스킬 : 조준 사격 · 긴급 회피
A121: 120 | B121: 차한해 | D121: 출동 차량을 향해 환호하는 시민들 지나가기 | E121: 전투 가능·비전투 콘텐츠 | F121: 100 | H121: 100 | K121: 전투 수치 변화 없이 탐색·대화·이동 진행
A122: 121 | B122: 차한해 | D122: 도심 잔해 구역으로 이동하며 관리국 보급 상자에서 소형 방진 필터 챙기기 | E122: 전투 가능·비전투 콘텐츠 | F122: 100 | H122: 100 | K122: 소형 방진 필터 1개 획득
A123: 122 | B123: 차한해 | D123: 고립 시민 찾기 | E123: 전투 가능·비전투 콘텐츠 | F123: 100 | H123: 100
A124: 123 | B124: 차한해 | D124: 관리국 대응 장갑을 착용하고 잔해 제거하기 | E124: 전투 가능·비전투 콘텐츠 | F124: 100 | H124: 100
A125: 124 | B125: 차한해 | D125: 시민 대피 유도하기 | E125: 전투 가능·비전투 콘텐츠 | F125: 100 | H125: 100
A126: 125 | B126: 차한해 | D126: 관리국 무전 이어피스로 내 몫의 공격 예고 신호 파악하기 | E126: 전투 가능 | F126: 100 | H126: 100 | J126: 먼저 들었어 | K126: 스킬 : 공격 예고 판독
A127: 126 | B127: 차한해 | D127: 나부터 살아의 후방 기습을 피하고 반격 타이밍 맞추기 | E127: 전투 가능 | F127: 120 | H127: 100 | J127: 피했으면 내 차례 | K127: 기본 공격력 120 / 스킬 : 회피 반격
A128: 127 | B128: 차한해 | D128: 관리국 지급 권총의 낮은 피해 확인하기 | E128: 전투 가능 | F128: 120 | H128: 100 | K128: 현재 전투 숙련·장비 상태 적용
A129: 128 | B129: 차한해 | D129: 관리국 방진 고글로 공명 흔적을 추적하고 소형 방진 필터 교체하기 | E129: 전투 가능·비전투 콘텐츠 | F129: 120 | H129: 100 | I129: 관리국 방진 마스크 내구도 +30 | K129: 소형 방진 필터 1개 사용·관리국 방진 마스크 내구도 30 회복
A130: 129 | B130: 차한해 | D130: 차한해에게만 보랏빛 아우라가 보이는 표지판 철봉 회수하기 | E130: 전투 가능·비전투 콘텐츠 | F130: 120 | G130: 보랏빛 철봉 +80 | H130: 100 | K130: 보랏빛 철봉 +80
A131: 130 | B131: 차한해 | D131: 보랏빛 철봉으로 내꺼 챙겨 제압하기 | E131: 전투 가능 | F131: 160 | H131: 100 | J131: 보라색, 여기! | K131: 기본 공격력 160 / 스킬 : 공명 약점 타격
A132: 131 | B132: 차한해 | D132: 관리국 상태 측정기로 기본 보호 조끼의 손상 확인하기 | E132: 전투 가능·비전투 콘텐츠 | F132: 160 | H132: 110 | I132: 기본 보호 조끼 손상: +30 → +15 | K132: 기본 방어력 110 / 기본 보호 조끼 손상 : +30 → +15 / 스킬 : 장비 내구도 확인
A133: 132 | B133: 차한해 | D133: 공명 무기가 보랏빛 재로 소멸하는 현상 확인하기 | E133: 전투 가능·비전투 콘텐츠 | F133: 160 | H133: 110 | K133: 전투 수치 변화 없이 탐색·대화·이동 진행
A134: 133 | B134: 차한해 | D134: 구조 임무 완료 보고하기 | E134: 전투 가능·비전투 콘텐츠 | F134: 160 | H134: 110 | K134: 전투 수치 변화 없이 탐색·대화·이동 진행
A135: 134 | B135: 차한해 | D135: 구조한 경찰에게 깨진 경찰 방패와 휴대용 섬광 신호기 받기 | E135: 전투 가능·비전투 콘텐츠 | F135: 160 | H135: 110 | I135: 깨진 경찰 방패 +20 | J135: 앞은 내가 막아 저기 봐! | K135: 깨진 경찰 방패·휴대용 섬광 신호기 획득
A136: 135 | B136: 차한해 | D136: 편의점 알바생 가족의 대피소 위치를 확인해 전달하기 | E136: 전투 가능·비전투 콘텐츠 | F136: 160 | H136: 110 | K136: 전투 수치 변화 없이 탐색·대화·이동 진행
A137: 136 | B137: 차한해 | D137: 카메라가 없는 골목의 구조 요청을 확인하고 시민 구출하기 | E137: 전투 가능·비전투 콘텐츠 | F137: 160 | H137: 110
A138: 137 | B138: 차한해 | D138: 숙소 귀환길에 예쁜 고양이와 다시 만나기 | E138: 전투 가능·비전투 콘텐츠 | F138: 160 | H138: 110
A139: 138 | B139: 차한해 | D139: 예쁜 고양이에게 네 번째 츄르 건네기 | E139: 전투 가능·비전투 콘텐츠 | F139: 160 | H139: 110
A140: 139 | B140: 차한해 | D140: 지하 주차장 구조 요청 받기 | E140: 전투 가능·비전투 콘텐츠 | F140: 160 | H140: 110
A141: 140 | B141: 차한해 | D141: 차한해에게만 보이는 보랏빛 공명으로 차단기 막대 회수하기 | E141: 전투 가능·비전투 콘텐츠 | F141: 160 | G141: 차단기 막대 +90 | H141: 110 | K141: 차단기 막대 +90·현장 회수 및 무기 등록 완료
A142: 141 | B142: 차한해 | D142: 휴대용 섬광 신호기와 차단기 막대로 내 자리야 유인하기 | E142: 전투 가능 | F142: 160 | H142: 110 | J142: 이쪽이야! | K142: 스킬 : 환경 유인
A143: 142 | B143: 차한해 | D143: 차단기 막대로 여기도 내 집 제압하기 | E143: 전투 가능 | F143: 180 | H143: 110 | K143: 기본 공격력 180
A144: 143 | B144: 차한해 | D144: 괴물 발생 지역에서 실종자의 소지품을 찾아 가족에게 전달하기 | E144: 전투 가능 | F144: 180 | H144: 110 | K144: 현재 전투 숙련·장비 상태 적용
A145: 144 | B145: 차한해 | D145: 봉쇄된 임시 대피소의 구조 요청을 확인하고 응급 압박 붕대 챙기기 | E145: 전투 가능·비전투 콘텐츠 | F145: 180 | H145: 110 | K145: 전투 수치 변화 없이 탐색·대화·이동 진행
A146: 145 | B146: 차한해 | D146: 대피소 시민과 나무판 보호대 만들기 | E146: 전투 가능·비전투 콘텐츠 | F146: 180 | H146: 110 | I146: 나무판 보호대 +10 | K146: 나무판 보호대 +10 / 스킬 : 임시 장비 제작
A147: 146 | B147: 차한해 | D147: 닫힌 문지기가 연속으로 닫는 방화문 다시 열기 | E147: 전투 가능 | F147: 180 | H147: 110 | K147: 현재 전투 숙련·장비 상태 적용
A148: 147 | B148: 차한해 | D148: 문밖에서 지워지는 시민의 존재를 확인하고 전원 구조하기 | E148: 전투 가능 | F148: 180 | H148: 110 | K148: 현재 전투 숙련·장비 상태 적용
A149: 148 | B149: 차한해 | D149: 모든 문을 열린 채 고정하고 잠금 핵 무력화하기 | E149: 전투 가능 | F149: 220 | H149: 120 | I149: 나무판 보호대 파손: 사용 불가 | J149: 핵부터! | K149: 기본 공격력 220 / 기본 방어력 120 / 나무판 보호대 파손: 사용 불가 / 스킬 : 보스 핵 집중 공격
A150: 149 | B150: 차한해 | D150: 관리인의 마지막 출입 기록 확인하기 | E150: 전투 가능·비전투 콘텐츠 | F150: 220 | H150: 120 | K150: 전투 수치 변화 없이 탐색·대화·이동 진행
A151: 150 | B151: 차한해 | D151: 구조 지연 항의 현장 통과하기 | E151: 전투 가능·비전투 콘텐츠 | F151: 220 | H151: 120 | K151: 전투 수치 변화 없이 탐색·대화·이동 진행
A152: 151 | B152: 차한해 | D152: 강재한에게 늦은 출동을 질타받기 | E152: 전투 가능·비전투 콘텐츠 | F152: 220 | H152: 120 | K152: 전투 수치 변화 없이 탐색·대화·이동 진행
A153: 152 | B153: 차한해 | D153: 부상당한 시민의 원망을 끝까지 들을지 선택하기 | E153: 전투 가능·비전투 콘텐츠 | F153: 220 | H153: 120 | K153: 전투 수치 변화 없이 탐색·대화·이동 진행
A154: 153 | B154: 차한해 | D154: 나대진에게 충격 보호대·공명 보호 장갑·고등급자 공명 증폭기 수령하기 | E154: 전투 가능·비전투 콘텐츠 | F154: 220 | G154: 고등급자 공명 증폭기 +15 | H154: 120 | I154: 충격 보호대 +20 관리국 대응 장갑 해제 : +5 → 0 공명 보호 장갑 +15 | J154: 증폭기, 켠다! | K154: [나대진] 75% 이상에서 충격 보호대·공명 보호 장갑·고등급자 공명 증폭기 획득
A155: 154 | B155: 차한해 | D155: 시민들의 연속 부탁 처리하기 | E155: 전투 가능·비전투 콘텐츠 | F155: 220 | H155: 120 | K155: 전투 수치 변화 없이 탐색·대화·이동 진행
A156: 155 | B156: 차한해 | D156: 836 청년을 포함한 고등급자들의 선의 수치 하락 보고 확인하기 | E156: 전투 가능·비전투 콘텐츠 | F156: 220 | H156: 120
A157: 156 | B157: 차한해 | D157: 836 청년이 특혜 상실을 두려워하는 비공개 대화 확인하기 | E157: 전투 가능·비전투 콘텐츠 | F157: 220 | H157: 120
A158: 157 | B158: 차한해 | D158: 836 청년이 퍼뜨린 ‘괴물 처치가 선의를 깎는다’는 헛소문 확인하기 | E158: 전투 가능 | F158: 220 | H158: 120 | K158: 현재 전투 숙련·장비 상태 적용
A159: 158 | B159: 차한해 | D159: 836 청년이 무한대인 차한해에게 모든 출동을 맡기라고 요구하는 장면 확인하기 | E159: 전투 가능·비전투 콘텐츠 | F159: 220 | H159: 120 | K159: 전투 수치 변화 없이 탐색·대화·이동 진행
A160: 159 | B160: 차한해 | D160: 보랏빛 아우라가 흐르는 전광판 쇠막대 회수하기 | E160: 전투 가능·비전투 콘텐츠 | F160: 220 | G160: 전광판 쇠막대 +100 | H160: 120 | K160: 전광판 쇠막대 +100
A161: 160 | B161: 차한해 | D161: 공명 증폭기와 전광판 쇠막대로 승강장의 소개비 제압하기 | E161: 전투 가능 | F161: 250 | H161: 120 | J161: 한 줄로 서! | K161: 고등급자 공명 증폭기와 전광판 쇠막대 동시 사용
A162: 161 | B162: 차한해 | D162: 상품가치 제압 후 작은 대피 구역의 수동 발전기 복구하기 | E162: 전투 가능·비전투 콘텐츠 | F162: 250 | H162: 120 | K162: 전투 수치 변화 없이 탐색·대화·이동 진행
A163: 162 | B163: 차한해 | D163: 대피소의 아이에게 사탕 건네기 | E163: 전투 가능·비전투 콘텐츠 | F163: 250 | H163: 120 | K163: 전투 수치 변화 없이 탐색·대화·이동 진행
A164: 163 | B164: 차한해 | D164: 부품 수집가의 단일 외피 공략하기 | E164: 전투 가능 | F164: 250 | H164: 120 | J164: 둘 중 하나! | K164: 스킬 : 상반 전조 판별
A165: 164 | B165: 차한해 | D165: 위조 서류의 몸통 방패 공격을 시민 대신 막기 | E165: 전투 가능 | F165: 250 | H165: 120 | K165: 현재 전투 숙련·장비 상태 적용
A166: 165 | B166: 차한해 | D166: 배송 건가 흡수한 부하의 돌격을 끝까지 피하기 | E166: 전투 가능 | F166: 250 | H166: 120 | K166: 현재 전투 숙련·장비 상태 적용
A167: 166 | B167: 차한해 | D167: 군인의 트라우마 폭주에서 시민 대피시키기 | E167: 전투 가능 | F167: 250 | H167: 120 | I167: 깨진 경찰 방패 파손: 사용 불가 | K167: 깨진 경찰 방패 파손 : 사용 불가
A168: 167 | B168: 차한해 | D168: 엄마의 화염 폭주 경로 차단하기 | E168: 전투 가능 | F168: 250 | H168: 120 | K168: 현재 전투 숙련·장비 상태 적용
A169: 168 | B169: 차한해 | D169: 관리국 응급 주사를 사용하고 폭력의 순환 핵 파괴하기 | E169: 전투 가능 | F169: 300 | H169: 135 | J169: 하나, 둘—지금! | K169: 관리국 응급 주사 1개 사용·부품 수집가 보스전 완료
A170: 169 | B170: 차한해 | D170: 구조된 군인에게 군용 방탄판 받기 | E170: 전투 가능·비전투 콘텐츠 | F170: 300 | H170: 135 | I170: 군용 방탄판 +35 | J170: 버텨! | K170: 군용 방탄판 +35 / 스킬 : 강한 공격 방어
A171: 170 | B171: 차한해 | D171: 청와대 괴물 습격 속보 확인하기 | E171: 전투 가능 | F171: 300 | H171: 135 | K171: 현재 전투 숙련·장비 상태 적용
A172: 171 | B172: 차한해 | D172: 이용익의 임시 대통령 취임 담화 듣기 | E172: 전투 가능·비전투 콘텐츠 | F172: 300 | H172: 135 | K172: 전투 수치 변화 없이 탐색·대화·이동 진행
A173: 172 | B173: 차한해 | D173: 국가 우선 출동 명령 체계 확인하기 | E173: 전투 가능·비전투 콘텐츠 | F173: 300 | H173: 135
A174: 173 | B174: 차한해 | D174: 고등급자와 폭력시위단체의 공동 기자회견 확인하기 | E174: 전투 가능·비전투 콘텐츠 | F174: 300 | H174: 135
A175: 174 | B175: 차한해 | D175: 자아마모도 16% 누적 변화 확인하기 | E175: 전투 가능·비전투 콘텐츠 | F175: 300 | H175: 135
A176: 175 | B176: 차한해 | D176: 다음 출동을 준비하던 중 베스트 컷의 강화 차단하기 | E176: 전투 가능·비전투 콘텐츠 | F176: 300 | H176: 135
A177: 176 | B177: 차한해 | D177: 최초의 영웅가 긴급 구조 알림을 껐던 기억 확인하기 | E177: 전투 가능·비전투 콘텐츠 | F177: 300 | H177: 135
A178: 177 | B178: 차한해 | D178: 최초의 영웅가 참사 뉴스를 보며 책임을 합리화한 장면 확인하기 | E178: 전투 가능·비전투 콘텐츠 | F178: 300 | H178: 135
A179: 178 | B179: 차한해 | D179: 우리 오빠 최고의 추격을 피해 촬영 무대 진입하기 | E179: 보스 전투 | F179: 300 | H179: 135 | K179: 보스 기믹 진행
A180: 179 | B180: 차한해 | D180: 미담 전문의 보호막 부여를 차단하고 중계 카메라 끄기 | E180: 보스 전투 | F180: 300 | H180: 135 | J180: 안 찍히면 돼 | K180: 스킬 : 카메라 사각지대 이동
A181: 180 | B181: 차한해 | D181: 역시 돈이지의 집단 강화를 끊으며 실제 시민 구분하기 | E181: 보스 전투 | F181: 300 | H181: 135 | K181: 보스 기믹 진행
A182: 181 | B182: 차한해 | D182: 아무도 보지 않는 곳에서 시민을 구하고 최초의 영웅 제압하기 | E182: 보스 전투 | F182: 340 | H182: 150 | I182: 군용 방탄판 균열: +35 → +15 | J182: 아무도 안 봐도 | K182: 기본 공격력 340 / 기본 방어력 150 / 군용 방탄판 균열: +35 → +15 / 스킬 : 비공개 구조
A183: 182 | B183: 차한해 | D183: 구조 영상의 빈 장면 때문에 차한해를 의심하는 보도 확인하기 | E183: 보스 전투 | F183: 340 | H183: 150 | K183: 보스 기믹 진행
A184: 183 | B184: 차한해 | D184: 한도윤과 비공개 안부 통화하기 | E184: 전투 가능·비전투 콘텐츠 | F184: 340 | H184: 150 | K184: 전투 수치 변화 없이 탐색·대화·이동 진행
A185: 184 | B185: 차한해 | D185: 한도윤의 회사 긴급 구조 요청 받기 | E185: 전투 가능·비전투 콘텐츠 | F185: 340 | H185: 150
A186: 185 | B186: 차한해 | D186: 회사로 우회하며 소방 보급 상자에서 진압 도끼·안전모·로프 발사기 확보하기 | E186: 전투 가능·비전투 콘텐츠 | F186: 340 | G186: 소방용 진압 도끼 +75 구조용 로프 발사기 +12 | H186: 150 | I186: 구조대 안전모 +8 | J186: 도움 요청 길 하나 만들게! | K186: 재난 구조 세트 3종 임시 대여
...

Sheet 아이템
A1: 이름 | B1: 타입 | C1: 참고 이미지 | D1: 사용 권한 | 획득 방식 | 획득 조건 | G1: 거래 제한 | H1: 사용 조건 | I1: 공격 수치 | 공격 보정 | K1: 방어 수치 | 방어 보정 | M1: 기타 수치 | N1: 세트 이름 | 효과 | 내용 | Q1: 수치 | R1: 최소 공격력 | S1: 최대 공격력 | T1: 아이템 속성
A2: 관리국 지급 권총 | B2: 무기 | D2: 선의관리국 요원 | E2: 퀘스트 | F2: 118번 | 관리국 표준 대응 장비 8종·응급품 2종을 수령하고 상태 UI 확인하기 | G2: 획득 시 귀속 | H2: 119번 이후 | 균열 대응 원거리 전투에서 사용 | I2: 20 | J2: 원거리 공격 보정 +5 | K2: 0 | N2: 관리국 표준 대응 세트 | O2: 2세트: 장비 교체 시간 -10% 5세트: 균열 오염 저항 +10 8세트: 자아 마모 누적량 -15% | P2: 물리·관통 | Q2: 100 | R2: 18 | S2: 22 | T2: 안정
A3: 기본 보호 조끼 | B3: 상의 | D3: 선의관리국 요원 | E3: 퀘스트 | F3: 118번 | 관리국 표준 대응 장비 8종·응급품 2종을 수령하고 상태 UI 확인하기 | G3: 획득 시 귀속 | H3: 130번 사용·131번 손상·188번 완전 파손 | I3: 0 | K3: 30 | L3: 충격 저항 +8 | N3: 관리국 표준 대응 세트 | P3: 충격 저항 | Q3: 100 | R3: 0 | S3: 0 | T3: 공명
A4: 관리국 방진 고글 | B4: 얼굴 | D4: 선의관리국 요원 | E4: 퀘스트 | F4: 118번 | 관리국 표준 대응 장비 8종·응급품 2종을 수령하고 상태 UI 확인하기 | G4: 획득 시 귀속 | H4: 128번 공명 흔적 추적·192번 먼지 보호 안경으로 교체 | I4: 0 | K4: 4 | L4: 분진·시야 방해 저항 +10 | M4: 균열 감지 범위 +2m | N4: 관리국 표준 대응 세트 | P4: 균열 감지 패시브 | Q4: +2m | R4: 0 | S4: 0
A5: 관리국 대응 장갑 | B5: 손 | D5: 선의관리국 요원 | E5: 퀘스트 | F5: 118번 | 관리국 표준 대응 장비 8종·응급품 2종을 수령하고 상태 UI 확인하기 | G5: 획득 시 귀속 | H5: 123번 잔해 제거·153번 공명 보호 장갑으로 교체 | I5: 3 | J5: 근접 공격 보정 +2 | K5: 5 | L5: 접촉 피해 감소 +5% | M5: 상호작용 속도 +5% | N5: 관리국 표준 대응 세트 | P5: 접촉 안정 패시브 | Q5: 피해 -5% | R5: 2 | S5: 4 | T5: 안정
A6: 관리국 전술화 | B6: 신발 | D6: 선의관리국 요원 | E6: 퀘스트 | F6: 118번 | 관리국 표준 대응 장비 8종·응급품 2종을 수령하고 상태 UI 확인하기 | G6: 획득 시 귀속 | H6: 119·126번 회피 훈련·196번 고밀도 충격 흡수 장화로 교체 | I6: 0 | K6: 6 | L6: 넘어짐 저항 +10% | M6: 회피 이동 거리 +5% | N6: 관리국 표준 대응 세트 | P6: 기동 보정 | Q6: +5% | R6: 0 | S6: 0 | T6: 안정
A7: 관리국 방진 마스크 | B7: 얼굴 | D7: 선의관리국 요원 | E7: 퀘스트 | F7: 118번 | 관리국 표준 대응 장비 8종·응급품 2종을 수령하고 상태 UI 확인하기 | G7: 획득 시 귀속 | H7: 128번 필터 교체 후 공명 흔적 추적·192번 균열 보호 마스크로 교체 | I7: 0 | K7: 3 | L7: 균열 오염 저항 +8 | M7: 자아 마모 저항 +3% | N7: 관리국 표준 대응 세트 | P7: 오염 저항 | Q7: 108 | R7: 0 | S7: 0
A8: 관리국 무전 이어피스 | B8: 액세서리 | D8: 선의관리국 요원 | E8: 퀘스트 | F8: 118번 | 관리국 표준 대응 장비 8종·응급품 2종을 수령하고 상태 UI 확인하기 | G8: 획득 시 귀속 | H8: 125번 공격 예고 판독에 사용 | I8: 0 | K8: 0 | M8: 공격 예고 판독 시간 +0.3초 | N8: 관리국 표준 대응 세트 | P8: 전술 정보 패시브 | Q8: +0.3초 | R8: 0 | S8: 0
A9: 관리국 상태 측정기 | B9: 액세서리 | D9: 선의관리국 요원 | E9: 퀘스트 | F9: 118번 | 관리국 표준 대응 장비 8종·응급품 2종을 수령하고 상태 UI 확인하기 | G9: 획득 시 귀속 | H9: 131번 장비 손상 확인·임무 종료 시 자동 동기화 | I9: 0 | K9: 0 | M9: 장비 내구도·자아 마모도 표시 | N9: 관리국 표준 대응 세트 | P9: 상태 확인 패시브 | Q9: UI 표시 | R9: 0 | S9: 0
A10: 보랏빛 철봉 | B10: 무기 | D10: 일반인 / 모든 선의 등급자 | E10: 콘텐츠 | F10: 129번 | 차한해에게만 보이는 보랏빛 아우라가 흐르는 철봉 회수 | H10: 130번 내꺼 챙겨 제압 후 132번 소멸 | I10: 80 | J10: 근접 강공격 보정 +10 | K10: 0 | M10: 경직 유발 +12% | P10: 충격 | Q10: 115 | R10: 72 | S10: 88 | T10: 공명
A11: 깨진 경찰 방패 | B11: 보조 장비 | D11: 일반인 / 모든 선의 등급자 | E11: 콘텐츠 | F11: 134번 | 구조한 경찰에게 깨진 경찰 방패와 휴대용 섬광 신호기 받기 | H11: 146번 닫힌 문지기 보스전·166번 파손 | I11: 0 | K11: 20 | L11: 전방 피해 감소 +12% | M11: 전방 방어 해금 | P11: 물리 저항 | Q11: 112 | R11: 0 | S11: 0 | T11: 차단
A12: 차단기 막대 | B12: 무기 | D12: 일반인 / 모든 선의 등급자 | E12: 콘텐츠 | F12: 140번 | 차한해에게만 보이는 보랏빛 공명의 차단기 막대 회수 | H12: 141번 유인·142번 여기도 내 집 제압 | I12: 90 | J12: 근접 공격 보정 +12 | K12: 0 | M12: 환경 유인 효과 +10% | P12: 전기·충격 | Q12: 120 | R12: 81 | S12: 99 | T12: 차단
A13: 나무판 보호대 | B13: 팔 방어구 | D13: 일반인 / 모든 선의 등급자 | E13: 제작 | F13: 145번 | 대피소 시민과 나무판 보호대 제작 | H13: 146~148번 닫힌 문지기 보스전 사용 후 파손 | I13: 0 | K13: 10 | L13: 근접 피해 감소 +5% | M13: 임시 장비 제작 | P13: 물리 저항 | Q13: 105 | R13: 0 | S13: 0 | T13: 차단
A14: 소방용 진압 도끼 | B14: 무기 | D14: 고등급자 / 선의관리국 요원 | E14: 콘텐츠 | F14: 185번 | 회사로 우회하며 소방 보급 상자에서 확보 | G14: 획득 시 귀속 | H14: 188번 붕괴 잔해 3개 파괴 후 반납 | I14: 75 | J14: 구조물 공격 보정 +30 | K14: 0 | M14: 구조 행동 속도 +15% | N14: 재난 구조 세트 | O14: 2세트: 구조 행동 속도 +10% 4세트: 화염·연기 피해 -15% | P14: 화염 대응 | Q14: 115 | R14: 68 | S14: 82
A15: 소방 방열복 | B15: 상의 | D15: 고등급자 / 선의관리국 요원 | E15: 퀘스트 | F15: 187번 | 부상당한 소방관 구조 후 임시 대여 | G15: 획득 시 귀속 | H15: 188번 고열·낙하물 구간 통과 후 반납 | I15: 0 | K15: 22 | L15: 화염 피해 감소 +20% | M15: 이동 속도 -5% | N15: 재난 구조 세트 | P15: 화염 저항 | Q15: 120 | R15: 0 | S15: 0
A16: 구조대 안전모 | B16: 머리 | D16: 일반인 / 모든 선의 등급자 | E16: 콘텐츠 | F16: 185번 | 회사로 우회하며 소방 보급 상자에서 확보 | H16: 186~188번 낙하물 피해 대응 후 반납 | I16: 0 | K16: 8 | L16: 낙하물 피해 감소 +15% | M16: 기절 시간 -10% | N16: 재난 구조 세트 | P16: 낙하 충격 저항 | Q16: 115 | R16: 0 | S16: 0
A17: 구조용 로프 발사기 | B17: 보조 장비 | D17: 고등급자 / 선의관리국 요원 | E17: 퀘스트 | F17: 185번 | 회사로 우회하며 소방 보급 상자에서 확보 | G17: 획득 시 귀속 | H17: 186번 1회·188번 1회 사용 후 2회분 소진 | I17: 12 | J17: 원거리 경직 보정 +5 | K17: 0 | M17: 구조 이동 경로 해금 | N17: 재난 구조 세트 | P17: 이동 보조 패시브 | Q17: 2회 | R17: 10 | S17: 14
A18: 오염 차단 전신복 | B18: 상의 | D18: 고등급자 | E18: 퀘스트 | F18: 196번 | 관리국 현장 보급함에서 수령·장착 | G18: 획득 시 귀속 | H18: 213~217번 폐교 오염 조사·270번 최종 장비로 교체 | I18: 0 | K18: 35 | L18: 균열 오염 저항 +20 | M18: 자아 마모 누적량 -8% | N18: 심층 균열 탐사 세트 | O18: 2세트: 균열 감지 범위 +3m 4세트: 자아 마모 누적량 -12% | P18: 균열 저항 | Q18: 120 | R18: 0 | S18: 0 | T18: 차단
A19: 심층 균열 탐사 헬멧 | B19: 머리 | D19: 고등급자 | E19: 퀘스트 | F19: 196번 | 관리국 현장 보급함에서 수령·장착 | G19: 획득 시 귀속 | H19: 213·217번 흔적·퍼즐 단서 탐지 | I19: 0 | K19: 12 | L19: 정신 피해 저항 +10 | M19: 균열 감지 범위 +4m | N19: 심층 균열 탐사 세트 | P19: 균열 감지 패시브 | Q19: +4m | R19: 0 | S19: 0
A20: 선의 안정 장치 | B20: 액세서리 | D20: 차한해 전용 | E20: 업적 | F20: 196번 | 시민 구조 누적 30회 달성 후 관리국 현장 보급함에서 추가 수령 | G20: 획득 시 귀속 | H20: 249번 친구 정체 확인 시 1회 자동 발동 | I20: 0 | K20: 0 | M20: 자아마모 수치 유지·입력 흔들림 10초 완화 | N20: 심층 균열 탐사 세트 | P20: 입력 안정 | Q20: 10초 | R20: 0 | S20: 0
A21: 고밀도 충격 흡수 장화 | B21: 신발 | D21: 고등급자 | E21: 퀘스트 | F21: 196번 | 관리국 현장 보급함에서 수령·장착 | G21: 획득 시 귀속 | H21: 215번 밀치기 방어·251번 친구 접근·270번 강화 전투화로 교체 | I21: 0 | K21: 10 | L21: 넘어짐·밀쳐짐 저항 +20% | M21: 회피 후 경직 시간 -10% | N21: 심층 균열 탐사 세트 | P21: 기동 안정 | Q21: 120 | R21: 0 | S21: 0 | T21: 안정
A22: 응급 압박 붕대 | B22: 소모품 | D22: 일반인 / 모든 선의 등급자 | E22: 보급 | F22: 144번 | 봉쇄 대피소 보급 상자에서 획득 | H22: 146번 닫힌 문지기 보스전에서 1회 사용 | I22: 0 | K22: 0 | M22: 체력 20% 회복 | P22: 회복 | Q22: 20 | R22: 0 | S22: 0
A23: 관리국 응급 주사 | B23: 소모품 | D23: 선의관리국 요원 | E23: 퀘스트 | F23: 118번 | 관리국 표준 대응 장비와 함께 지급 | G23: 획득 시 귀속 | H23: 168번 부품 수집가 보스전에서 1회 사용 | I23: 0 | K23: 0 | M23: 체력 35% 회복, 이동 속도 5초간 -10% | P23: 회복 | Q23: 35 | R23: 0 | S23: 0
A24: 안정 앰플 | B24: 소모품 | D24: 고등급자 / 차한해 전용 | E24: 퀘스트 | F24: 192번 | 나대진에게 환경 장비와 함께 수령 | G24: 획득 시 귀속 | H24: 250번 공격 중지 생존 구간에서 1회 사용 | I24: 0 | K24: 0 | M24: 자아마모 수치 유지·UI 간섭 8초 완화 | P24: UI 안정 | Q24: 8초 | R24: 0 | S24: 0
A25: 소형 방진 필터 | B25: 소모품 | D25: 일반인 / 모든 선의 등급자 | E25: 보급 | F25: 121번 | 도심 잔해 구역 이동 중 관리국 보급 상자에서 획득 | H25: 128번 관리국 방진 마스크에 1회 사용 | I25: 0 | K25: 0 | M25: 마스크 내구도 30 회복 | P25: 장비 회복 | Q25: 30 | R25: 0 | S25: 0
A26: 휴대용 섬광 신호기 | B26: 소모품 | D26: 일반인 / 모든 선의 등급자 | E26: 콘텐츠 | F26: 134번 | 구조한 경찰에게 깨진 방패와 함께 받기 | H26: 141번 내 자리야 유인에 1회 사용 | I26: 0 | K26: 0 | M26: 일반 괴물 주의 분산 4초 | P26: 시야 교란 | Q26: 4 | R26: 0 | S26: 0
A27: 비살상 충격탄 | B27: 탄약 | D27: 선의관리국 요원 | E27: 퀘스트 | F27: 118번 | 관리국 표준 대응 장비와 함께 지급 | G27: 획득 시 귀속 | H27: 119번 사격 훈련·125번 비살상 제압에 사용 | I27: 6 | J27: 경직 피해 +20% | K27: 0 | M27: 처치 대신 제압 게이지 증가 | P27: 비살상 충격 | Q27: 120 | R27: 5 | S27: 7 | T27: 안정
A28: 고등급자 공명 증폭기 | B28: 액세서리 | D28: 고등급자 | E28: 나대진 지급 | F28: 153번 | [나대진] 75% 이상에서 장비 지원으로 수령 | G28: 획득 시 귀속 | H28: 159번 공명 탐지·160번 소개비 제압 | I28: 15 | J28: 균열 개체 대상 피해 +8% | K28: 0 | M28: 공명 피해 증가·UI 간섭 +3% | P28: 공명 증폭 | Q28: 108 | R28: 13 | S28: 17 | T28: 공명
A29: 연구실 최고 권한 키카드 | B29: 접근 도구 | D29: 연구실 최고 권한자 | E29: 나대진 안내·현장 회수 | F29: 265번 | [나대진] 85% 이상에서 암호 경로를 따라 연구시설 책임자 단말에서 회수 | G29: 획득 시 귀속 | H29: 266번 | 첫 번째 연구시설 보안문 해제 | I29: 0 | K29: 0 | M29: 최고 보안 구역 접근 | P29: 접근 권한 | Q29: 최고 | R29: 0 | S29: 0
A30: 보안 요원 생체 인증 모듈 | B30: 접근 도구 | D30: 차한해 | E30: 몬스터 제압·회수 | F30: 265번 | 우리 쓸 것도 없어 제압 후 노출된 생체 인증 모듈 회수 | G30: 획득 시 귀속 | H30: 266번 | 두 번째 연구시설 생체 인식문 1회 해제 | I30: 0 | K30: 0 | M30: 보안 구역 접근 | P30: 생체 인증 | Q30: 1회 | R30: 0 | S30: 0
A31: 충격 보호대 | B31: 보조 장비 | D31: 차한해 | E31: 나대진 지급 | F31: 153번 | 충격 보호대·공명 보호 장갑·공명 증폭기 수령 | G31: 획득 시 귀속 | H31: 164~168번 부품 수집가 보스전에서 사용 | I31: 0 | K31: 20 | L31: 피격 경직 감소 | P31: 충격 보호 | Q31: 20 | R31: 0 | S31: 0 | T31: 공명
A32: 공명 보호 장갑 | B32: 손 | D32: 차한해 | E32: 나대진 지급 | F32: 153번 | 충격 보호대·공명 보호 장갑·공명 증폭기 수령 | G32: 획득 시 귀속 | H32: 159~168번 공명 무기·증폭기 사용 부담 완화 | I32: 0 | K32: 15 | L32: 공명 반동 감소 | P32: 공명 보호 | Q32: 15 | R32: 0 | S32: 0 | T32: 공명
A33: 전광판 쇠막대 | B33: 무기 | D33: 차한해 | E33: 현장 획득 | F33: 159번 | 차한해에게만 보이는 보랏빛 아우라와 공명 증폭기 반응이 겹치는 쇠막대 회수 | H33: 160번 소개비 제압 | I33: 100 | J33: 다수 정렬 타격 | K33: 0 | P33: 충격 | Q33: 100 | R33: 90 | S33: 110 | T33: 공명
A34: 군용 방탄판 | B34: 상의 | D34: 차한해 | E34: 군인 지원 | F34: 169번 | 구조된 군인에게 지원받기 | G34: 획득 시 귀속 | H34: 178~181번 최초의 영웅 보스전·181번 균열 | I34: 0 | K34: 35 | L34: 강한 공격 방어 | P34: 물리 저항 | Q34: 35 | R34: 0 | S34: 0 | T34: 안정
A35: 화염 보호복 | B35: 상의 | D35: 차한해 | E35: 소방관 지원 | F35: 187번 | 도시 인연 50% 이상에서 부상당한 소방관 구조 보상으로 획득 | G35: 획득 시 귀속 | H35: 188번 회사 화재 구조·손상 후 +10 유지 | I35: 0 | K35: 20 | L35: 화염 피해 대응 | P35: 화염 저항 | Q35: 20 | R35: 0 | S35: 0
A36: 먼지 보호 안경 | B36: 얼굴 | D36: 차한해 | E36: 나대진 지급 | F36: 192번 | 폐교 환경 장비 수령 | G36: 획득 시 귀속 | H36: 213~217번 폐교 분진·시야 방해 구간 | I36: 0 | K36: 10 | L36: 분진 시야 확보 | P36: 분진 저항 | Q36: 10 | R36: 0 | S36: 0
A37: 균열 보호 마스크 | B37: 얼굴 | D37: 차한해 | E37: 나대진 지급 | F37: 192번 | 폐교 환경 장비 수령 | G37: 획득 시 귀속 | H37: 213~217번 폐교 균열 오염 구간 | I37: 0 | K37: 15 | L37: 균열 오염 차단 | P37: 균열 저항 | Q37: 15 | R37: 0 | S37: 0 | T37: 차단
A38: 철판 보호대 | B38: 보조 장비 | D38: 차한해 | E38: 정비공 지원 | F38: 194번 | 구조받은 정비공에게 획득 | G38: 획득 시 귀속 | H38: 246~251번 변혜서전·251번 파손 | I38: 0 | K38: 25 | L38: 충격 보호 | P38: 물리 저항 | Q38: 25 | R38: 0 | S38: 0 | T38: 공명
A39: 사랑의 매 | B39: 무기 | D39: 차한해 | E39: 현장 획득 | F39: 237번 | 변혜서의 기억과 공명해 차한해에게만 보랏빛으로 보이는 사랑의 매 회수 | H39: 238번 시험·246번 변혜서 외피 파괴 | I39: 140 | J39: 공명 외피 파괴 | K39: 0 | P39: 공명 | Q39: 140 | R39: 126 | S39: 154 | T39: 공명
A40: 매트 보호대 | B40: 보조 장비 | D40: 차한해 | E40: 현장 제작 | F40: 242번 | 체육관 매트로 제작 | G40: 획득 시 귀속 | H40: 246~251번 변혜서전·251번 파손 | I40: 0 | K40: 15 | L40: 충격 완화 | P40: 물리 저항 | Q40: 15 | R40: 0 | S40: 0 | T40: 공명
A41: 보랏빛 농구공 | B41: 무기 | D41: 차한해 | E41: 현장 획득 | F41: 243번 | 변혜서의 기억과 공명해 차한해에게만 보랏빛으로 보이는 농구공 회수 | H41: 244번 투척 훈련·247~248번 기억 개입 패턴 차단 | I41: 120 | J41: 반사 투척 | K41: 0 | P41: 공명 | Q41: 120 | R41: 108 | S41: 132 | T41: 공명
A42: 공명 보호 외투 | B42: 상의 | D42: 차한해 | E42: 나대진 지급 | F42: 270번 | 최종 균열 장비 수령 | G42: 획득 시 귀속 | H42: 276~288번 균열 내부·최종 보스전 | I42: 0 | K42: 30 | L42: 공명 부담 감소 | P42: 공명 보호 | Q42: 30 | R42: 0 | S42: 0 | T42: 안정
A43: 강화 전투화 | B43: 신발 | D43: 차한해 | E43: 나대진 지급 | F43: 270번 | 최종 균열 장비 수령 | G43: 획득 시 귀속 | H43: 276·280번 반전·공간 도약 통로와 최종 보스전 | I43: 0 | K43: 20 | L43: 밀쳐짐·미끄러짐 저항 | P43: 기동 안정 | Q43: 20 | R43: 0 | S43: 0 | T43: 안정

Sheet 속성 대차대조표
A1: 1. 속성 정의 및 적용 대상
A2: 속성 | B2: 핵심 성질 | E2: 공격 속성 적용 | I2: 방어 속성 적용 | M2: 대표 표현
A3: 안정 | B3: 형태와 에너지의 상태를 고정하고 과도한 진동을 억제하는 파장 | E3: 공명 주기 고정, 흔들림 억제, 변이체의 움직임 안정화 | I3: 공명·진동 피해 완화, 밀려남과 흔들림을 억제하는 방호 상태 | M3: 청색 고정선, 입자가 한 지점으로 모이는 연출
A4: 공명 | B4: 파동을 반복·중첩하여 내부 진동과 에너지 증폭을 일으키는 파장 | E4: 반복 타격과 파동 중첩, 차단 한계 초과, 균열 확대 | I4: 외부 파장을 되울리거나 분산하여 충격을 흘려보내는 상태 | M4: 보라색 파문, 동심원과 진동 잔상
A5: 차단 | B5: 에너지·파장·오염의 전달 경로와 연결을 끊는 파장 | E5: 능력 연결 절단, 침식 확산 중단, 유지 에너지 공급 방해 | I5: 외부 에너지 유입과 상태이상 전이를 막는 방호 상태 | M5: 짙은 회색 단절선, 벽 형태의 끊김 연출
A6: 침식 | B6: 조직과 구조의 결합을 약화하고 형태를 점진적으로 붕괴시키는 파장 | E6: 고정 구조 붕괴, 방어 상태 약화, 균열 부위 확대 | I6: 공격 에너지를 분해·흡수하며 일부 피해를 약화하는 상태 | M6: 자홍색 번짐, 표면이 부식되듯 퍼지는 연출
A8: 2. 속성 대차대조표 및 피해 계산 검증
A9: 피해 매개 상수표 K | G9: 상성 순환
A10: 공격자＼방어자 | B10: 안정 | C10: 공명 | D10: 차단 | E10: 침식 | L10: 안정 → 공명 → 차단 → 침식 → 안정은 ×1.7의 강한 우위 관계이며, 반대 방향은 ×0.3의 강한 열위 관계로 적용함.
A11: 안정 | B11: 1 | C11: 1.7 | D11: 0.8 | E11: 0.3
A12: 공명 | B12: 0.3 | C12: 1 | D12: 1.7 | E12: 1.2
A13: 차단 | B13: 1.2 | C13: 0.3 | D13: 1 | E13: 1.7
A14: 침식 | B14: 1.7 | C14: 0.8 | D14: 0.3 | E14: 1
A16: 3. 수치 근거표
A17: 공격 속성 | B17: 방어 속성 | C17: 관계 유형 | E17: 매개 상수 | G17: 수치 적용 근거 | L17: 전투 표현
A18: 안정 | B18: 안정 | C18: 동일 | E18: 1 | G18: 동일한 파장끼리는 서로 우위가 없으므로 기존 피해식에 영향을 주지 않음. | L18: 기본 피해 수치와 기본 속성 이펙트 적용
A19: 안정 | B19: 공명 | C19: 강한 우위 | E19: 1.7 | G19: 안정 파장이 진동 주기를 고정하여 공명의 반복·증폭 작용을 직접 억제함. | L19: 파동이 멈추고 약점 적중 이펙트 강조
A20: 안정 | B20: 차단 | C20: 약한 열위 | E20: 0.8 | G20: 차단 상태가 안정 파장의 전달 경로를 일부 끊어 고정 효과가 충분히 도달하지 못함. | L20: 안정선이 끊기며 피해 표시를 약하게 표현
A21: 안정 | B21: 침식 | C21: 강한 열위 | E21: 0.3 | G21: 이미 침식된 구조는 고정할 원형과 기준이 약해 안정화 효과가 크게 감소함. | L21: 고정선이 번짐에 흡수되는 연출
A22: 공명 | B22: 안정 | C22: 강한 열위 | E22: 0.3 | G22: 안정된 구조가 진동의 확산과 파동 중첩을 막아 공명 증폭이 발생하기 어려움. | L22: 파문이 짧게 사라지는 연출
A23: 공명 | B23: 공명 | C23: 동일 | E23: 1 | G23: 동일한 파장끼리는 서로 우위가 없으므로 기존 피해식에 영향을 주지 않음. | L23: 기본 피해 수치와 기본 속성 이펙트 적용
A24: 공명 | B24: 차단 | C24: 강한 우위 | E24: 1.7 | G24: 반복되는 공명 파동이 차단 상태의 처리 한계를 넘어 과부하를 발생시킴. | L24: 차단벽에 균열이 번지고 파동이 관통하는 연출
A25: 공명 | B25: 침식 | C25: 약한 우위 | E25: 1.2 | G25: 침식으로 약해진 구조의 미세 균열을 진동이 확대하여 붕괴를 촉진함. | L25: 침식 부위가 파동에 따라 넓어지는 연출
A26: 차단 | B26: 안정 | C26: 약한 우위 | E26: 1.2 | G26: 안정 상태를 유지하는 에너지 공급과 연결을 끊어 구조의 유지력을 약화함. | L26: 고정선 일부가 끊기며 약점 이펙트 표시
A27: 차단 | B27: 공명 | C27: 강한 열위 | E27: 0.3 | G27: 공명은 파동이 누적된 뒤에도 영향이 남아 단일 연결 차단만으로 완전히 제거하기 어려움. | L27: 차단선 너머로 파문이 이어지는 연출
A28: 차단 | B28: 차단 | C28: 동일 | E28: 1 | G28: 동일한 파장끼리는 서로 우위가 없으므로 기존 피해식에 영향을 주지 않음. | L28: 기본 피해 수치와 기본 속성 이펙트 적용
A29: 차단 | B29: 침식 | C29: 강한 우위 | E29: 1.7 | G29: 침식 에너지의 접촉·전이·확산 경로를 끊어 핵심 작용을 직접 무력화함. | L29: 번짐이 절단되고 약점 적중 이펙트 강조
... A33: 침식 | B33: 침식 | C33: 동일 | E33: 1 | G33: 동일한 파장끼리는 서로 우위가 없으므로 기존 피해식에 영향을 주지 않음. | L33: 기본 피해 수치와 기본 속성 이펙트 적용

Sheet 스킬 DATA
A1: 스킬 ID | B1: 콘텐츠 번호 | C1: 지정 사용자 | D1: 구간 | E1: 최초 사용 콘텐츠 | F1: 사용 주체 | G1: 스킬명 | H1: 스킬 추가 설명 | I1: 스킬 아이콘 | J1: 스킬 타입 | K1: 지정 사용자 | L1: 상태 이상 값 | M1: 발동 조건 타입 | N1: 발동 필요 값 | O1: 피해 적용 타입 | P1: 피해 계수 | Q1: 피해 산정식 | R1: AI 발동 주기(초) | S1: AI 발동 확률 | T1: 쿨타임 타입 | U1: 쿨타임(초) | V1: 시전 필요 시간(초) | W1: 능력 변동 종류 | X1: 능력 변동 수치 | Y1: 단위 | Z1: 지속 시간(초) | AA1: 종료·취소 조건 | AB1: 연계 스킬 ID | AC1: 비고
A2: SKL-PC-001 | B2: 9 | C2: 차한해 | D2: 기본 상호작용 | E2: 9번 | 알바생의 무거운 음료 박스 진열 부탁을 수락할지 선택하기 | F2: PC | G2: 거절 | H2: 거절 가능한 부탁·요청에서 수락 대신 사용해 해당 요청을 종료하는 기본 상호작용 스킬. 거절한 콘텐츠의 인연·보상 획득 기회는 포기함. | J2: 액티브 | K2: 차한해 | M2: 입력 | N2: 수락 전 [거절] 선택 | O2: 없음 | P2: =IFERROR(VALUE(TRIM(MID(Q2,FIND("×",Q2)+1,FIND("%",Q2)-FIND("×",Q2)-1)))/100,0) -> 0 | Q2: 피해 없음 | T2: 없음 | U2: 0 | V2: 0 | W2: 없음 | X2: 0 | Y2: 없음 | Z2: 0 | AA2: 선택 확정 | AB2: 없음 | AC2: 게임 시작부터 해금·첫 사용 가능 콘텐츠 9번
A3: SKL-PC-002 | B3: 79 | C3: 차한해 | D3: 3장·첫 힘 발현 | E3: 79번 | 두 눈을 감고 양손으로 괴물을 막기 | F3: PC | G3: 펑! | H3: 괴물이 덮치기 직전 전용 UI에서 1회 발동하는 사건형 액티브. 무의식적 선의 폭발을 호출해 순간 출력 1000을 만들고 접촉 소멸까지 연쇄함. | J3: 연출용+액티브 | K3: 차한해 | M3: 1회 강제 발동 | N3: 나 먼저 접촉 직전 | O3: 없음 | P3: =IFERROR(VALUE(TRIM(MID(Q3,FIND("×",Q3)+1,FIND("%",Q3)-FIND("×",Q3)-1)))/100,0) -> 0 | Q3: 피해 없음 | T3: 없음 | U3: 0 | V3: 0.6 | W3: 공격력 | X3: 990 | Y3: + | Z3: 0 | AA3: 접촉 소멸 완료 | AB3: SKL-STS-011 → SKL-STS-012 | AC3: 스토리 필수 사용·해당 콘텐츠에만 적용
A4: SKL-PC-003 | B4: 119 | C4: 차한해 | D4: 정식 전투 | E4: 119번 | 관리국 지급 권총·비살상 충격탄·관리국 전술화를 이용해 사격과 회피 연습하기 | F4: PC | G4: 탕! | H4: 장착한 총기·원거리 무기의 공격 수치를 포함해 정면 표적 1체를 공격하는 기본 사격. | J4: 액티브 | K4: 차한해 | L4: 경직 0.20초 | M4: 입력 | N4: 공격 입력 1회 | O4: 기본 공격력 비율 | P4: =IFERROR(VALUE(TRIM(MID(Q4,FIND("×",Q4)+1,FIND("%",Q4)-FIND("×",Q4)-1)))/100,0) -> 1 | Q4: 기본 공격력 × 100% | T4: 개별 | U4: 0.45 | V4: 0.2 | W4: 없음 | X4: 0 | Y4: 없음 | Z4: 0 | AA4: 시전 종료 | AB4: SKL-STS-001 | AC4: 관리국 지급 권총을 기준으로 최초 훈련
A5: SKL-PC-004 | B5: 119 | C5: 차한해 | D5: 정식 전투 | E5: 119번 | 관리국 지급 권총·비살상 충격탄·관리국 전술화를 이용해 사격과 회피 연습하기 | F5: PC | G5: 앗, 피해! | H5: 입력 방향으로 짧게 이동하며 공격 판정을 피하는 기본 회피. 성공 시 일부 반격 스킬의 조건을 열어 줌. | J5: 액티브 | K5: 차한해 | M5: 입력 | N5: 회피 입력 1회 | O5: 없음 | P5: =IFERROR(VALUE(TRIM(MID(Q5,FIND("×",Q5)+1,FIND("%",Q5)-FIND("×",Q5)-1)))/100,0) -> 0 | Q5: 피해 없음 | T5: 개별 | U5: 1.8 | V5: 0.1 | W5: 이동 속도 | X5: 80 | Y5: % | Z5: 0.25 | AA5: 이동 종료 | AB5: 없음 | AC5: 훈련 이후 상시 사용
A6: SKL-PC-005 | B6: 146 | C6: 보스 | D6: 보스 공통 | E6: 146번 | 닫힌 문지기가 연속으로 닫는 방화문 다시 열기 | F6: PC | G6: 행동 제한 | H6: 보스전에서 딱 1번 사용할 수 있는 보조 스킬. 보스의 현재 행동을 1초간 멈춰 위험 패턴을 끊을 틈을 만듦. | J6: 액티브 | K6: 보스 | L6: 경직 1.00초 | M6: 전투당 1회 | N6: 보스전·미사용 상태 | O6: 없음 | P6: =IFERROR(VALUE(TRIM(MID(Q6,FIND("×",Q6)+1,FIND("%",Q6)-FIND("×",Q6)-1)))/100,0) -> 0 | Q6: 피해 없음 | T6: 전투당 1회 | U6: 0 | V6: 0.15 | W6: 없음 | X6: 0 | Y6: 없음 | Z6: 1 | AA6: 1초 종료 | AB6: SKL-STS-001 | AC6: 118번에서 해금·146번 첫 보스부터 실제 사용 가능
A7: SKL-PC-006 | B7: 125 | C7: 차한해 | D7: 전투 정보 | E7: 125번 | 관리국 무전 이어피스로 내 몫의 공격 예고 신호 파악하기 | F7: PC | G7: 먼저 들었어 | H7: 관리국 무전 이어피스의 공격 예고 신호를 판독해 적의 전조를 기본보다 0.3초 먼저 표시하는 패시브. | J7: 패시브 | K7: 차한해 | M7: 장비 착용 | N7: 관리국 무전 이어피스 장착 | O7: 없음 | P7: =IFERROR(VALUE(TRIM(MID(Q7,FIND("×",Q7)+1,FIND("%",Q7)-FIND("×",Q7)-1)))/100,0) -> 0 | Q7: 피해 없음 | T7: 없음 | U7: 0 | V7: 0 | W7: 전조 표시 시간 | X7: 0.3 | Y7: 초 | Z7: 0 | AA7: 장비 해제 | AB7: 없음 | AC7: 장비 효과를 스킬 형태로 표현
A8: SKL-PC-007 | B8: 126 | C8: 차한해 | D8: 정식 전투 | E8: 126번 | 나부터 살아의 후방 기습을 피하고 반격 타이밍 맞추기 | F8: PC | G8: 피했으면 내 차례 | H8: 직전 공격을 회피한 직후 짧은 반격 창에서 사용하는 대응 사격·타격. | J8: 액티브 | K8: 차한해 | L8: 경직 0.30초 | M8: 조건부 입력 | N8: 회피 성공 후 0.8초 이내 | O8: 기본 공격력 비율 | P8: =IFERROR(VALUE(TRIM(MID(Q8,FIND("×",Q8)+1,FIND("%",Q8)-FIND("×",Q8)-1)))/100,0) -> 1.15 | Q8: 기본 공격력 × 115% | T8: 개별 | U8: 2 | V8: 0.25 | W8: 없음 | X8: 0 | Y8: 없음 | Z8: 0 | AA8: 반격 창 종료 | AB8: SKL-STS-001 | AC8: 회피 성공을 공격 기회로 전환
A9: SKL-PC-008 | B9: 130 | C9: 차한해 | D9: 공명 전투 | E9: 130번 | 보랏빛 철봉으로 내꺼 챙겨 제압하기 | F9: PC | G9: 보라색, 여기! | H9: 차한해에게만 보이는 보랏빛 공명 반응 부위를 노려 타격해 일반 공격보다 큰 약점 피해를 줌. | J9: 액티브 | K9: 차한해 | M9: 약점 노출 | N9: 보랏빛 약점 표식 활성 | O9: 기본 공격력 비율 | P9: =IFERROR(VALUE(TRIM(MID(Q9,FIND("×",Q9)+1,FIND("%",Q9)-FIND("×",Q9)-1)))/100,0) -> 1.35 | Q9: 기본 공격력 × 135% | T9: 개별 | U9: 2.5 | V9: 0.35 | W9: 없음 | X9: 0 | Y9: 없음 | Z9: 0 | AA9: 약점 타격 종료 | AB9: 없음 | AC9: 공명 약점이 없는 대상에는 사용 불가
A10: SKL-PC-009 | B10: 134 | C10: 차한해 | D10: 방어 전투 | E10: 134번 | 구조한 경찰에게 깨진 경찰 방패와 휴대용 섬광 신호기 받기 | F10: PC | G10: 앞은 내가 막아 | H10: 깨진 경찰 방패 등 전방 방어 장비를 들어 정면 피해와 밀려남을 줄이는 유지형 방어. | J10: 액티브 | K10: 차한해 | M10: 입력 유지 | N10: 방어 장비 장착·방어 입력 유지 | O10: 없음 | P10: =IFERROR(VALUE(TRIM(MID(Q10,FIND("×",Q10)+1,FIND("%",Q10)-FIND("×",Q10)-1)))/100,0) -> 0 | Q10: 피해 없음 | T10: 유지형 | U10: 0 | V10: 0.15 | W10: 받는 정면 피해 | X10: -50 | Y10: % | Z10: 0 | AA10: 입력 해제·방패 파손 | AB10: 없음 | AC10: 보스·강한 공격에는 감소량이 낮아질 수 있음
A11: SKL-PC-010 | B11: 141 | C11: 일반 변이체 | D11: 환경 유인 | E11: 141번 | 휴대용 섬광 신호기와 차단기 막대로 내 자리야 유인하기 | F11: PC | G11: 저기 봐! | H11: 휴대용 섬광 신호기 1개를 소비해 일반 변이체의 주의를 설치 지점으로 4초간 돌리는 비전투·전투 겸용 스킬. | J11: 연출용+액티브 | K11: 일반 변이체 | L11: 주의 분산 4초 | M11: 아이템 사용 | N11: 휴대용 섬광 신호기 1회 소모 | O11: 없음 | P11: =IFERROR(VALUE(TRIM(MID(Q11,FIND("×",Q11)+1,FIND("%",Q11)-FIND("×",Q11)-1)))/100,0) -> 0 | Q11: 피해 없음 | T11: 아이템 횟수 | U11: 0 | V11: 0.4 | W11: 표적 인식 | X11: -1 | Y11: 대상 | Z11: 4 | AA11: 지속 종료·보스 면역 | AB11: SKL-STS-010 | AC11: PPT의 폭죽형 유틸리티 스킬과 같은 구조
A12: SKL-PC-011 | B12: 141 | C12: 차한해 | D12: 환경 유인 | E12: 141번 | 휴대용 섬광 신호기와 차단기 막대로 내 자리야 유인하기 | F12: PC | G12: 이쪽이야! | H12: 차단기 막대나 주변 소음 오브젝트를 이용해 주의가 분산된 적의 이동 목표를 열린 공간으로 유도함. | J12: 액티브 | K12: 차한해 | M12: 환경 상호작용 | N12: 유인 가능한 오브젝트 활성 | O12: 없음 | P12: =IFERROR(VALUE(TRIM(MID(Q12,FIND("×",Q12)+1,FIND("%",Q12)-FIND("×",Q12)-1)))/100,0) -> 0 | Q12: 피해 없음 | T12: 개별 | U12: 3 | V12: 0.3 | W12: 이동 목표 | X12: 1 | Y12: 지점 | Z12: 3 | AA12: 대상 도달·지속 종료 | AB12: SKL-STS-007 | AC12: 환경 지형과 함께 사용하는 전술형 스킬
A13: SKL-PC-012 | B13: 148 | C13: 차한해 | D13: 첫 보스 | E13: 148번 | 모든 문을 열린 채 고정하고 잠금 핵 무력화하기 | F13: PC | G13: 핵부터! | H13: 보스의 노출된 핵에 공격을 집중해 외피보다 큰 파괴 효율을 내는 상황형 집중 공격. | J13: 액티브 | K13: 차한해 | M13: 약점 노출 | N13: 보스 핵 노출 상태 | O13: 기본 공격력 비율 | P13: =IFERROR(VALUE(TRIM(MID(Q13,FIND("×",Q13)+1,FIND("%",Q13)-FIND("×",Q13)-1)))/100,0) -> 1.4 | Q13: 기본 공격력 × 140% | T13: 개별 | U13: 1.5 | V13: 0.3 | W13: 핵 피해 | X13: 40 | Y13: % | Z13: 0 | AA13: 핵 은폐 | AB13: 없음 | AC13: 노출 약점 전용
A14: SKL-PC-013 | B14: 153 | C14: 차한해 | D14: 공명 장비 | E14: 153번 | 나대진에게 충격 보호대·공명 보호 장갑·고등급자 공명 증폭기 수령하기 | F14: PC | G14: 증폭기, 켠다! | H14: 고등급자 공명 증폭기를 켜 공명 대상 공격력을 높이는 대신 화면 간섭을 함께 발생시키는 장비 액티브. | J14: 액티브 | K14: 차한해 | L14: UI 간섭 | M14: 장비 사용 | N14: 고등급자 공명 증폭기 장착 | O14: 없음 | P14: =IFERROR(VALUE(TRIM(MID(Q14,FIND("×",Q14)+1,FIND("%",Q14)-FIND("×",Q14)-1)))/100,0) -> 0 | Q14: 피해 없음 | T14: 개별 | U14: 8 | V14: 0.35 | W14: 공격력 | X14: 15 | Y14: + | Z14: 8 | AA14: 장비 해제·지속 종료 | AB14: 없음 | AC14: 공명 대상 피해 +8%·UI 간섭 +3%는 아이템 시트 값 적용
A15: SKL-PC-014 | B15: 160 | C15: 차한해 | D15: 다수 전투 | E15: 160번 | 공명 증폭기와 전광판 쇠막대로 승강장의 소개비 제압하기 | F15: PC | G15: 한 줄로 서! | H15: 전광판 쇠막대의 넓은 궤적으로 일렬에 겹친 여러 적을 한 번에 타격하는 정렬 공격. | J15: 액티브 | K15: 차한해 | M15: 입력 | N15: 2체 이상 일렬 정렬 | O15: 기본 공격력 비율 | P15: =IFERROR(VALUE(TRIM(MID(Q15,FIND("×",Q15)+1,FIND("%",Q15)-FIND("×",Q15)-1)))/100,0) -> 1.1 | Q15: 기본 공격력 × 110% | T15: 개별 | U15: 3.2 | V15: 0.5 | W15: 최대 타격 수 | X15: 3 | Y15: 체 | Z15: 0 | AA15: 시전 종료 | AB15: 없음 | AC15: 대상별 피해 동일
A16: SKL-PC-015 | B16: 163 | C16: 차한해 | D16: 융합 보스 | E16: 163번 | 부품 수집가의 단일 외피 공략하기 | F16: PC | G16: 둘 중 하나! | H16: 상반된 공격 전조를 읽고 이번 공격을 받아낼지 피할지 판별하는 판단형 패시브. | J16: 패시브 | K16: 차한해 | M16: 패턴 판독 | N16: 상반 전조 발생 | O16: 없음 | P16: =IFERROR(VALUE(TRIM(MID(Q16,FIND("×",Q16)+1,FIND("%",Q16)-FIND("×",Q16)-1)))/100,0) -> 0 | Q16: 피해 없음 | T16: 없음 | U16: 0 | V16: 0 | W16: 판독 표시 | X16: 1 | Y16: 회 | Z16: 0 | AA16: 해당 공격 종료 | AB16: 없음 | AC16: 잘못 판독하면 보스 패턴 페널티 적용
A17: SKL-PC-016 | B17: 168 | C17: 차한해 | D17: 융합 보스 | E17: 168번 | 관리국 응급 주사를 사용하고 폭력의 순환 핵 파괴하기 | F17: PC | G17: 하나, 둘—지금! | H17: 동시에 노출된 2개의 연결 핵을 짧은 허용 시간 안에 맞혀 폭력의 순환 연결을 끊는 동시 타격. | J17: 액티브 | K17: 차한해 | M17: 동시 조건 | N17: 연결 핵 2개 동시 노출 | O17: 기본 공격력 비율 | P17: =IFERROR(VALUE(TRIM(MID(Q17,FIND("×",Q17)+1,FIND("%",Q17)-FIND("×",Q17)-1)))/100,0) -> 1.2 | Q17: 기본 공격력 × 120% | T17: 개별 | U17: 5 | V17: 0.45 | W17: 동시 판정 시간 | X17: 0.6 | Y17: 초 | Z17: 0 | AA17: 핵 파괴·허용 시간 초과 | AB17: 없음 | AC17: 2개 핵 모두 적중해야 성공
A18: SKL-PC-017 | B18: 169 | C18: 차한해 | D18: 중장비 방어 | E18: 169번 | 구조된 군인에게 군용 방탄판 받기 | F18: PC | G18: 버텨! | H18: 군용 방탄판 등 중량 방어구를 이용해 강한 단발 공격을 정면에서 받아내고 밀려남을 크게 줄임. | J18: 액티브 | K18: 차한해 | M18: 조건부 입력 | N18: 강공격 전조 중 방어 입력 | O18: 없음 | P18: =IFERROR(VALUE(TRIM(MID(Q18,FIND("×",Q18)+1,FIND("%",Q18)-FIND("×",Q18)-1)))/100,0) -> 0 | Q18: 피해 없음 | T18: 개별 | U18: 4 | V18: 0.2 | W18: 받는 피해 | X18: -35 | Y18: % | Z18: 1 | AA18: 강공격 종료 | AB18: SKL-STS-002 | AC18: 방어구 내구도 소모
A19: SKL-PC-018 | B19: 179 | C19: 차한해 | D19: 갈채 보스 | E19: 179번 | 미담 전문의 보호막 부여를 차단하고 중계 카메라 끄기 | F19: PC | G19: 안 찍히면 돼 | H19: 카메라 시야와 스포트라이트를 피해 사각지대에서 이동하면 갈채 계열 적의 추적·강화 조건을 끊음. | J19: 패시브 | K19: 차한해 | M19: 위치 조건 | N19: 카메라 시야 밖 | O19: 없음 | P19: =IFERROR(VALUE(TRIM(MID(Q19,FIND("×",Q19)+1,FIND("%",Q19)-FIND("×",Q19)-1)))/100,0) -> 0 | Q19: 피해 없음 | T19: 없음 | U19: 0 | V19: 0 | W19: 갈채 획득 | X19: 0 | Y19: 고정 | Z19: 0 | AA19: 카메라 시야 진입 | AB19: SKL-STS-016 | AC19: 카메라 없는 행동이 보스 기믹을 약화
A20: SKL-PC-019 | B20: 181 | C20: 차한해 | D20: 갈채 보스 | E20: 181번 | 아무도 보지 않는 곳에서 시민을 구하고 최초의 영웅 제압하기 | F20: PC | G20: 아무도 안 봐도 | H20: 카메라가 없는 위치에서 실제 시민을 구조해 갈채와 무관한 선행을 증명하고 보스 보호막을 제거하는 사건형 행동. | J20: 연출용+액티브 | K20: 차한해 | M20: 사건 조건 | N20: 실제 시민 판별·카메라 비노출 | O20: 없음 | P20: =IFERROR(VALUE(TRIM(MID(Q20,FIND("×",Q20)+1,FIND("%",Q20)-FIND("×",Q20)-1)))/100,0) -> 0 | Q20: 피해 없음 | T20: 없음 | U20: 0 | V20: 1 | W20: 보호막 | X20: 0 | Y20: 고정 | Z20: 0 | AA20: 구조 완료 | AB20: SKL-STS-016 | AC20: 서사와 보스 공략을 직접 연결
A21: SKL-PC-020 | B21: 186 | C21: 지원 가능 NPC | D21: 회사 구조 | E21: 186번 | 구조용 로프 발사기로 한도윤과 회사 직원 대피시키기 | F21: PC | G21: 도움 요청 | H21: 현재 콘텐츠에 사전 정의된 지원 행동이 있고 해당 NPC의 인연·위치 조건을 만족할 때만 지원을 호출하는 제한형 스킬. | J21: 액티브 | K21: 지원 가능 NPC | M21: 상황 조건 | N21: 지원 가능 NPC·인연·콘텐츠 플래그 충족 | O21: 없음 | P21: =IFERROR(VALUE(TRIM(MID(Q21,FIND("×",Q21)+1,FIND("%",Q21)-FIND("×",Q21)-1)))/100,0) -> 0 | Q21: 피해 없음 | T21: 상황당 1회 | U21: 0 | V21: 0.3 | W21: 없음 | X21: 0 | Y21: 없음 | Z21: 0 | AA21: 지원 행동 완료 | AB21: SKL-NPC-001 / SKL-NPC-002 | AC21: 범용 동료 AI가 아니라 콘텐츠별 고정 지원 행동 호출
A22: SKL-PC-021 | B22: 186 | C22: 차한해 | D22: 회사 구조 | E22: 186번 | 구조용 로프 발사기로 한도윤과 회사 직원 대피시키기 | F22: PC | G22: 길 하나 만들게! | H22: 구조용 로프 발사기 1회를 소비해 끊어진 계단·붕괴 통로에 임시 이동 경로를 생성함. | J22: 연출용+액티브 | K22: 차한해 | M22: 아이템 사용 | N22: 구조용 로프 발사기 1회 소모 | O22: 없음 | P22: =IFERROR(VALUE(TRIM(MID(Q22,FIND("×",Q22)+1,FIND("%",Q22)-FIND("×",Q22)-1)))/100,0) -> 0 | Q22: 피해 없음 | T22: 아이템 횟수 | U22: 0 | V22: 0.8 | W22: 이동 경로 | X22: 1 | Y22: 개 | Z22: 0 | AA22: 경로 생성 완료 | AB22: 없음 | AC22: 186번·188번 총 2회 사용
A23: SKL-PC-022 | B23: 249 | C23: 차한해 | D23: 심층 탐사 | E23: 249번 | 변혜서가 변혜서임을 확정하고 선의 안정 장치 발동 견디기 | F23: PC | G23: 괜찮아, 아직. | H23: 선의 안정 장치가 큰 심리 충격으로 입력 흔들림이 발생할 때 1회 자동 발동해 자아마모 수치는 유지한 채 조작 흔들림만 완화함. | J23: 패시브+자동 | K23: 차한해 | M23: 사건 플래그 | N23: 선의 안정 장치 장착·친구 정체 확정 | O23: 없음 | P23: =IFERROR(VALUE(TRIM(MID(Q23,FIND("×",Q23)+1,FIND("%",Q23)-FIND("×",Q23)-1)))/100,0) -> 0 | Q23: 피해 없음 | T23: 1회 자동 | U23: 0 | V23: 0 | W23: 입력 흔들림 | X23: -100 | Y23: % | Z23: 10 | AA23: 10초 종료 | AB23: SKL-STS-013 | AC23: 196번에서 장치 획득·249번 첫 자동 발동
A24: SKL-PC-023 | B24: 215 | C24: 차한해 | D24: 폐교 은폐 | E24: 215번 | 고밀도 충격 흡수 장화로 엮이지 말자의 기습을 버티며 복도 통과하기 | F24: PC | G24: 쉿. | H24: 이동을 잠시 멈추고 소리 발생 행동을 제한해 청각 추적형 변이체의 추적 게이지를 끊음. | J24: 액티브 | K24: 차한해 | M24: 입력 유지 | N24: 1초간 이동·공격 입력 없음 | O24: 없음 | P24: =IFERROR(VALUE(TRIM(MID(Q24,FIND("×",Q24)+1,FIND("%",Q24)-FIND("×",Q24)-1)))/100,0) -> 0 | Q24: 피해 없음 | T24: 개별 | U24: 2.5 | V24: 1 | W24: 소음 발생량 | X24: -100 | Y24: % | Z24: 1.5 | AA24: 이동·공격 입력 | AB24: 없음 | AC24: 은폐 전용
A25: SKL-PC-024 | B25: 238 | C25: 차한해 | D25: 폐교 공명 | E25: 238번 | 보랏빛 사랑의 매로 기억 외피 공명 타격 시험하기 | F25: PC | G25: 껍데기부터 | H25: 사랑의 매로 보랏빛 공명 외피만 골라 때려 외피 방어를 먼저 제거하는 전용 공략 스킬. | J25: 액티브 | K25: 차한해 | M25: 약점 노출 | N25: 공명 외피 활성 | O25: 기본 공격력 비율 | P25: =IFERROR(VALUE(TRIM(MID(Q25,FIND("×",Q25)+1,FIND("%",Q25)-FIND("×",Q25)-1)))/100,0) -> 1.3 | Q25: 기본 공격력 × 130% | T25: 개별 | U25: 2.8 | V25: 0.45 | W25: 외피 피해 | X25: 50 | Y25: % | Z25: 0 | AA25: 외피 파괴 | AB25: 없음 | AC25: 본체 피해보다 외피 제거에 특화
A26: SKL-PC-025 | B26: 244 | C26: 차한해 | D26: 폐교 투척 | E26: 244번 | 농구공의 투척 궤적 익히기 | F26: PC | G26: 한 번 튕겨! | H26: 보랏빛 농구공을 벽·골대에 반사시켜 직선으로 닿지 않는 기억 핵을 타격함. | J26: 액티브 | K26: 차한해 | M26: 입력 | N26: 반사 경로 조준 완료 | O26: 기본 공격력 비율 | P26: =IFERROR(VALUE(TRIM(MID(Q26,FIND("×",Q26)+1,FIND("%",Q26)-FIND("×",Q26)-1)))/100,0) -> 1.1 | Q26: 기본 공격력 × 110% | T26: 개별 | U26: 2 | V26: 0.55 | W26: 반사 횟수 | X26: 1 | Y26: 회 | Z26: 0 | AA26: 공 회수·화면 밖 이탈 | AB26: 없음 | AC26: 반사 성공 시 기억 핵 판정 가능
... A31: SKL-PC-030 | B31: 287 | C31: 차한해·동료 | D31: 최종 보스 | E31: 287번 | 차한해에게 연결된 무한대 부담 장치 파괴하기 | F31: PC | G31: 이번엔 같이. | H31: 차한해 혼자 무한대 부담을 받아내지 않고 전장에 분산된 연결 장치를 동료와 동시 작동시키는 협력형 사건 스킬. | J31: 연출용+액티브 | K31: 차한해·동료 | M31: 동시 입력 | N31: 부담 연결 장치 4개 활성 | O31: 없음 | P31: =IFERROR(VALUE(TRIM(MID(Q31,FIND("×",Q31)+1,FIND("%",Q31)-FIND("×",Q31)-1)))/100,0) -> 0 | Q31: 피해 없음 | T31: 페이즈 1회 | U31: 0 | V31: 0.6 | W31: 부담 연결 | X31: -4 | Y31: 개 | Z31: 0 | AA31: 장치 4개 동시 파괴 | AB31: 없음 | AC31: 최종부 주제인 책임 분담을 전투 기믹으로 표현
A32: SKL-PC-031 | B32: 296 | C32: 도시 전체 시민 | D32: 희생 엔딩 | E32: 296번 | 모두가 각자 가까운 균열로 함께 들어가기 | F32: PC | G32: 눈물 | H32: 차한해가 혼자 균열로 들어가는 희생 경로에서 진입 직전 UI로 반드시 사용하는 마지막 스킬. 눈물 한 방울과 함께 기억·감정이 도시 전체로 공명됨. | J32: 연출용+액티브 | K32: 도시 전체 시민 | L32: 죄책감 | M32: 1회 강제 발동 | N32: 단독 희생 엔딩 확정·균열 진입 직전 | O32: 없음 | P32: =IFERROR(VALUE(TRIM(MID(Q32,FIND("×",Q32)+1,FIND("%",Q32)-FIND("×",Q32)-1)))/100,0) -> 0 | Q32: 피해 없음 | T32: 엔딩 1회 | U32: 0 | V32: 2 | W32: 없음 | X32: 0 | Y32: 없음 | Z32: 0 | AA32: 눈물 연출 종료·균열 진입 | AB32: SKL-STS-015 | AC32: 공동 진입 엔딩에서는 UI 자체가 나타나지 않음
A33: SKL-PC-032 | B33: 112 | C33: 차한해 | D33: 고유 특성 | E33: 112번 | 다른 측정기로 재측정하고 같은 오류 확인하기 | F33: PC | G33: 무한 선의 | H33: 차한해의 선의 감소 연산을 0으로 고정하고 측정 상한을 반복 초과시키는 태생적 패시브. 전투 행위 자체는 선의 감소 조건이 아님. | J33: 패시브 | K33: 차한해 | M33: 상시 | N33: 차한해 활성 상태 | O33: 없음 | P33: =IFERROR(VALUE(TRIM(MID(Q33,FIND("×",Q33)+1,FIND("%",Q33)-FIND("×",Q33)-1)))/100,0) -> 0 | Q33: 피해 없음 | T33: 없음 | U33: 0 | V33: 0 | W33: 선의 감소량 | X33: 0 | Y33: 고정값 | Z33: 0 | AA33: 해제 불가 | AB33: 없음 | AC33: 112번 재측정에서 시스템적으로 확정
A34: SKL-NPC-001 | B34: 186 | C34: 한도윤 | D34: 회사 구조 | E34: 186번 | 구조용 로프 발사기로 한도윤과 회사 직원 대피시키기 | F34: NPC | G34: 찾았어, 여기야! | H34: 한도윤 인연 100%에서 [도움 요청]로 호출되는 지원 행동. 마지막 직원의 위치를 무전과 표식으로 즉시 알려 줌. | J34: 지원+이벤트 | K34: 한도윤 | M34: 연계 호출 | N34: SKL-PC-020 사용·한도윤 인연 100% | O34: 없음 | P34: =IFERROR(VALUE(TRIM(MID(Q34,FIND("×",Q34)+1,FIND("%",Q34)-FIND("×",Q34)-1)))/100,0) -> 0 | Q34: 피해 없음 | T34: 상황당 1회 | U34: 0 | V34: 0.5 | W34: 탐색 후보 | X34: -1 | Y34: 구역 | Z34: 0 | AA34: 위치 표식 확인 | AB34: 없음 | AC34: 범용 AI 이동이 아니라 정보 지원
A35: SKL-NPC-002 | B35: 287 | C35: 나대진 | D35: 최종 보스 | E35: 287번 | 차한해에게 연결된 무한대 부담 장치 파괴하기 | F35: NPC | G35: 여기서 받쳐줄게 | H35: 나대진 인연 100%에서 [도움 요청]로 호출되는 원격 지원. 치명 피해 1회를 막고 가장 가까운 부담 장치 1개를 안정화함. | J35: 지원+이벤트 | K35: 나대진 | M35: 연계 호출 | N35: SKL-PC-020 사용·나대진 인연 100% | O35: 없음 | P35: =IFERROR(VALUE(TRIM(MID(Q35,FIND("×",Q35)+1,FIND("%",Q35)-FIND("×",Q35)-1)))/100,0) -> 0 | Q35: 피해 없음 | T35: 전투당 1회 | U35: 0 | V35: 0.4 | W35: 치명 피해 | X35: -100 | Y35: % | Z35: 0 | AA35: 지원 1회 소모 | AB35: 없음 | AC35: 270번에서 지원 조건 해금
A36: SKL-STS-001 | B36: 119 | C36: 피격 대상 | D36: 공용 상태 | E36: 최초 호출 | 119번 | F36: 상태/시스템 | G36: 경직 | H36: 일정 시간 대상의 이동·공격 입력 또는 AI 행동을 중단시키는 공용 상태. | J36: 상태이상 | K36: 피격 대상 | L36: 행동 불가 | M36: 연계 호출 | N36: 경직을 부여하는 스킬 적중 | O36: 없음 | P36: =IFERROR(VALUE(TRIM(MID(Q36,FIND("×",Q36)+1,FIND("%",Q36)-FIND("×",Q36)-1)))/100,0) -> 0 | Q36: 피해 없음 | T36: 없음 | U36: 0 | V36: 0 | W36: 행동 가능 여부 | X36: -1 | Y36: 상태 | Z36: 1 | AA36: 지속 종료 | AB36: 없음 | AC36: 호출 스킬이 지속 시간을 덮어씀
A37: SKL-STS-002 | B37: 130 | C37: 피격 대상 | D37: 공용 상태 | E37: 최초 호출 | 130번 | F37: 상태/시스템 | G37: 밀려남 | H37: 대상을 공격 방향 반대로 강제 이동시키는 공용 위치 제어 상태. | J37: 상태이상 | K37: 피격 대상 | L37: 강제 이동 | M37: 연계 호출 | N37: 밀치기·돌진·충격파 적중 | O37: 없음 | P37: =IFERROR(VALUE(TRIM(MID(Q37,FIND("×",Q37)+1,FIND("%",Q37)-FIND("×",Q37)-1)))/100,0) -> 0 | Q37: 피해 없음 | T37: 없음 | U37: 0 | V37: 0 | W37: 위치 이동 | X37: 1.5 | Y37: 칸 | Z37: 0 | AA37: 이동 완료 | AB37: 없음 | AC37: 보스·고정형 개체는 거리 감소
A38: SKL-STS-003 | B38: 160 | C38: 피격 대상 | D38: 공용 상태 | E38: 최초 호출 | 160번 | F38: 상태/시스템 | G38: 이동 둔화 | H38: 대상의 이동 속도를 일정 시간 낮추는 공용 상태. | J38: 상태이상 | K38: 피격 대상 | L38: 이동 속도 감소 | M38: 연계 호출 | N38: 이동 방해 계열 스킬 적중 | O38: 없음 | P38: =IFERROR(VALUE(TRIM(MID(Q38,FIND("×",Q38)+1,FIND("%",Q38)-FIND("×",Q38)-1)))/100,0) -> 0 | Q38: 피해 없음 | T38: 없음 | U38: 0 | V38: 0 | W38: 이동 속도 | X38: -40 | Y38: % | Z38: 3 | AA38: 지속 종료 | AB38: 없음 | AC38: 중첩 시 높은 값 우선
A39: SKL-STS-004 | B39: 103 | C39: 시전자·아군 | D39: 공용 상태 | E39: 최초 호출 | 103번 | F39: 상태/시스템 | G39: 공격 강화 | H39: 몬스터 또는 무리의 공격력을 일정 시간 높이는 공용 강화 상태. | J39: 버프 | K39: 시전자·아군 | M39: 연계 호출 | N39: 강화·가속·구호 계열 스킬 성공 | O39: 없음 | P39: =IFERROR(VALUE(TRIM(MID(Q39,FIND("×",Q39)+1,FIND("%",Q39)-FIND("×",Q39)-1)))/100,0) -> 0 | Q39: 피해 없음 | T39: 없음 | U39: 0 | V39: 0 | W39: 공격력 | X39: 20 | Y39: % | Z39: 6 | AA39: 지속 종료 | AB39: 없음 | AC39: 선도체·갈채 계열 공용
A40: SKL-STS-005 | B40: 179 | C40: 시전자·아군 | D40: 공용 상태 | E40: 최초 호출 | 179번 | F40: 상태/시스템 | G40: 보호막 | H40: 일정량의 피해를 본체보다 먼저 흡수하는 공용 방어 상태. | J40: 버프 | K40: 시전자·아군 | M40: 연계 호출 | N40: 보호막·외피 계열 스킬 성공 | O40: 없음 | P40: =IFERROR(VALUE(TRIM(MID(Q40,FIND("×",Q40)+1,FIND("%",Q40)-FIND("×",Q40)-1)))/100,0) -> 0 | Q40: 피해 없음 | T40: 없음 | U40: 0 | V40: 0 | W40: 보호막 | X40: 20 | Y40: % | Z40: 6 | AA40: 보호막 소진·지속 종료 | AB40: 없음 | AC40: 최대 HP 비율 기준
A41: SKL-STS-006 | B41: 222 | C41: 차한해 | D41: 공용 상태 | E41: 최초 호출 | 222번 | F41: 상태/시스템 | G41: 방향 혼란 | H41: 플레이어의 이동·전조 방향 정보를 짧게 뒤틀어 판단을 방해하는 상태. | J41: 디버프 | K41: 차한해 | L41: 방향 정보 왜곡 | M41: 연계 호출 | N41: 환각·혼란 계열 스킬 적중 | O41: 없음 | P41: =IFERROR(VALUE(TRIM(MID(Q41,FIND("×",Q41)+1,FIND("%",Q41)-FIND("×",Q41)-1)))/100,0) -> 0 | Q41: 피해 없음 | T41: 없음 | U41: 0 | V41: 0 | W41: 방향 판독 | X41: -1 | Y41: 단계 | Z41: 2.5 | AA41: 지속 종료 | AB41: 없음 | AC41: 접근성 설정에서 시각 왜곡 완화 가능
A42: SKL-STS-007 | B42: 103 | C42: 대상·위치 | D42: 공용 상태 | E42: 최초 호출 | 103번 | F42: 상태/시스템 | G42: 표적 지정 | H42: AI가 특정 대상 또는 위치를 우선 목표로 삼도록 바꾸는 공용 상태. | J42: 상태이상 | K42: 대상·위치 | L42: 우선 표적 변경 | M42: 연계 호출 | N42: 지정·호명·유인 계열 스킬 성공 | O42: 없음 | P42: =IFERROR(VALUE(TRIM(MID(Q42,FIND("×",Q42)+1,FIND("%",Q42)-FIND("×",Q42)-1)))/100,0) -> 0 | Q42: 피해 없음 | T42: 없음 | U42: 0 | V42: 0 | W42: AI 우선순위 | X42: 1 | Y42: 단계 | Z42: 4 | AA42: 대상 이탈·지속 종료 | AB42: 없음 | AC42: PC 유인과 몬스터 호명 모두 사용
A43: SKL-STS-008 | B43: 275 | C43: 연결 대상 | D43: 공용 상태 | E43: 최초 호출 | 275번 | F43: 상태/시스템 | G43: 피해 전가 | H43: 받을 피해 또는 상태이상을 연결된 다른 대상에게 넘기는 상태. | J43: 상태이상 | K43: 연결 대상 | L43: 피해 이전 | M43: 연계 호출 | N43: 전가 연결 활성 | O43: 없음 | P43: =IFERROR(VALUE(TRIM(MID(Q43,FIND("×",Q43)+1,FIND("%",Q43)-FIND("×",Q43)-1)))/100,0) -> 0 | Q43: 피해 없음 | T43: 없음 | U43: 0 | V43: 0 | W43: 피해 이전 | X43: 70 | Y43: % | Z43: 5 | AA43: 연결 해제·대상 소멸 | AB43: 없음 | AC43: 시민 환영 연결은 직접 피해 판정 없음
A44: SKL-STS-009 | B44: 276 | C44: 피격 대상 | D44: 공용 상태 | E44: 최초 호출 | 276번 | F44: 상태/시스템 | G44: 속박 | H44: 이동 또는 특정 행동 입력을 잠시 제한하는 공용 제어 상태. | J44: 상태이상 | K44: 피격 대상 | L44: 이동·행동 제한 | M44: 연계 호출 | N44: 속박·행동 봉쇄 적중 | O44: 없음 | P44: =IFERROR(VALUE(TRIM(MID(Q44,FIND("×",Q44)+1,FIND("%",Q44)-FIND("×",Q44)-1)))/100,0) -> 0 | Q44: 피해 없음 | T44: 없음 | U44: 0 | V44: 0 | W44: 이동 속도 | X44: -100 | Y44: % | Z44: 1.5 | AA44: 지속 종료·해제 입력 성공 | AB44: 없음 | AC44: 장비 저항으로 지속시간 감소
A45: SKL-STS-010 | C45: 일반 변이체 | D45: 공용 상태 | E45: 최초 호출 | 141번 | F45: 상태/시스템 | G45: 주의 분산 | H45: 일반 변이체의 표적을 실제 대상에서 소리·빛 발생 지점으로 잠시 바꾸는 상태. | J45: 상태이상 | K45: 일반 변이체 | L45: 표적 전환 | M45: 연계 호출 | N45: [저기 봐!] 발동 | O45: 없음 | P45: =IFERROR(VALUE(TRIM(MID(Q45,FIND("×",Q45)+1,FIND("%",Q45)-FIND("×",Q45)-1)))/100,0) -> 0 | Q45: 피해 없음 | T45: 없음 | U45: 0 | V45: 0 | W45: 표적 우선순위 | X45: 1 | Y45: 지점 | Z45: 4 | AA45: 지속 종료·피격 | AB45: 없음 | AC45: 보스 면역
A46: SKL-STS-011 | C46: 차한해 | D46: 첫 힘 발현 | E46: 79번 | 두 눈을 감고 양손으로 괴물을 막기 | F46: 상태/시스템 | G46: 무의식적 선의 폭발 | H46: [펑!]에 의해 호출되어 차한해의 공격력 보정에 +990을 더해 순간 출력 1000을 만드는 일회성 상태. | J46: 버프 | K46: 차한해 | M46: 연계 호출 | N46: SKL-PC-002 발동 | O46: 없음 | P46: =IFERROR(VALUE(TRIM(MID(Q46,FIND("×",Q46)+1,FIND("%",Q46)-FIND("×",Q46)-1)))/100,0) -> 0 | Q46: 피해 없음 | T46: 없음 | U46: 0 | V46: 0 | W46: 공격력 | X46: 990 | Y46: + | Z46: 0.8 | AA46: 접촉 판정 완료 | AB46: SKL-STS-012 | AC46: 다음 콘텐츠에서 즉시 0으로 복귀
A47: SKL-STS-012 | C47: 접촉 초기 변이체 | D47: 첫 힘 발현 | E47: 79번 | 두 눈을 감고 양손으로 괴물을 막기 | F47: 상태/시스템 | G47: 접촉 소멸 | H47: 무의식적 선의 폭발 상태에서 초기 변이체가 차한해에게 접촉하면 외피가 먼지처럼 붕괴하는 사건 처리. | J47: 이벤트 | K47: 접촉 초기 변이체 | M47: 연계 호출 | N47: SKL-STS-011 활성·접촉 판정 | O47: 특수 사건 | P47: =IFERROR(VALUE(TRIM(MID(Q47,FIND("×",Q47)+1,FIND("%",Q47)-FIND("×",Q47)-1)))/100,0) -> 0 | Q47: 스토리 판정 | T47: 없음 | U47: 0 | V47: 0 | W47: 대상 상태 | X47: -1 | Y47: 개체 | Z47: 0 | AA47: 대상 소멸 완료 | AB47: 없음 | AC47: 일반 전투 처치와 다른 사건 판정
A48: SKL-STS-013 | C48: 차한해 | D48: 심층 탐사 | E48: 249번 | 변혜서가 변혜서임을 확정하고 선의 안정 장치 발동 견디기 | F48: 상태/시스템 | G48: 입력 안정 | H48: 자아마모 수치를 되돌리지 않고 입력 흔들림만 일정 시간 제거하는 보조 상태. | J48: 버프 | K48: 차한해 | M48: 연계 호출 | N48: 선의 안정 장치 자동 발동 | O48: 없음 | P48: =IFERROR(VALUE(TRIM(MID(Q48,FIND("×",Q48)+1,FIND("%",Q48)-FIND("×",Q48)-1)))/100,0) -> 0 | Q48: 피해 없음 | T48: 없음 | U48: 0 | V48: 0 | W48: 입력 흔들림 | X48: -100 | Y48: % | Z48: 10 | AA48: 지속 종료 | AB48: 없음 | AC48: 자아마모 수치에는 영향 없음
A49: SKL-STS-014 | C49: 차한해 | D49: 폐교 보스 | E49: 250번 | 안정 앰플로 화면 간섭을 완화하고 변혜서에게 공격 멈추기 | F49: 상태/시스템 | G49: UI 안정 | H49: 자아마모 수치는 유지한 채 화면 노이즈·간섭 강도만 낮추는 상태. | J49: 버프 | K49: 차한해 | M49: 연계 호출 | N49: 안정 앰플 사용 | O49: 없음 | P49: =IFERROR(VALUE(TRIM(MID(Q49,FIND("×",Q49)+1,FIND("%",Q49)-FIND("×",Q49)-1)))/100,0) -> 0 | Q49: 피해 없음 | T49: 없음 | U49: 0 | V49: 0 | W49: UI 간섭 | X49: -100 | Y49: % | Z49: 8 | AA49: 지속 종료 | AB49: 없음 | AC49: 게임플레이 가독성 보조
A50: SKL-STS-015 | C50: 도시 전체 시민 | D50: 희생 엔딩 | E50: 296번 | 모두가 각자 가까운 균열로 함께 들어가기 | F50: 상태/시스템 | G50: 죄책감 | H50: [눈물]로 전달된 차한해의 기억과 감정을 도시 시민이 체감하며 스스로 자신의 요구와 방관을 되돌아보게 되는 엔딩 상태. | J50: 상태이상+연출 | K50: 도시 전체 시민 | L50: 기억 회상·후회 대사 플래그 | M50: 연계 호출 | N50: SKL-PC-031 발동 | O50: 없음 | P50: =IFERROR(VALUE(TRIM(MID(Q50,FIND("×",Q50)+1,FIND("%",Q50)-FIND("×",Q50)-1)))/100,0) -> 0 | Q50: 피해 없음 | T50: 없음 | U50: 0 | V50: 0 | W50: 시민 반응 플래그 | X50: 1 | Y50: 상태 | Z50: 0 | AA50: 엔딩 종료·후일담 전환 | AB50: 없음 | AC50: 감정 강제 조종이 아니라 기억 공유 후 자발적 죄책감
A51: SKL-STS-016 | C51: 갈채 계열 변이체 | D51: 갈채 계열 | E51: 최초 호출 | 175번 | F51: 상태/시스템 | G51: 갈채 | H51: 박수·카메라·시선이 축적될수록 갈채 계열 변이체의 공격력·보호막이 강화되는 공용 자원 상태. | J51: 버프 | K51: 갈채 계열 변이체 | M51: 연계 호출 | N51: 박수·시선 계열 스킬 성공 | O51: 없음 | P51: =IFERROR(VALUE(TRIM(MID(Q51,FIND("×",Q51)+1,FIND("%",Q51)-FIND("×",Q51)-1)))/100,0) -> 0 | Q51: 피해 없음 | T51: 없음 | U51: 0 | V51: 0 | W51: 갈채 스택 | X51: 1 | Y51: 스택 | Z51: 0 | AA51: 카메라 차단·비공개 구조 | AB51: SKL-STS-004 / SKL-STS-005 | AC51: 최대 스택은 보스별 별도 설정
A52: SKL-STS-017 | C52: 차한해 | D52: 최종 균열 | E52: 283번 | 정예 균열 수호체 ‘균열 수호체’과 전투 치르기 | F52: 상태/시스템 | G52: 회복 반전 | H52: 회복 효과가 들어오면 같은 수치의 피해 또는 회복 차단으로 변환되는 정예전 상태. | J52: 디버프 | K52: 차한해 | L52: 회복 반전 | M52: 연계 호출 | N52: 균열 수호체 [회복도 압류] 성공 | O52: 없음 | P52: =IFERROR(VALUE(TRIM(MID(Q52,FIND("×",Q52)+1,FIND("%",Q52)-FIND("×",Q52)-1)))/100,0) -> 0 | Q52: 피해 없음 | T52: 없음 | U52: 0 | V52: 0 | W52: 회복 효율 | X52: -200 | Y52: % | Z52: 4 | AA52: 지속 종료·장치 파괴 | AB52: 없음 | AC52: 회복 사용 타이밍을 바꾸는 정예 기믹
A53: SKL-STS-018 | C53: 차한해 | D53: 최종 균열 | E53: 283번 | 정예 균열 수호체 ‘균열 수호체’과 전투 치르기 | F53: 상태/시스템 | G53: 선의 봉쇄 | H53: 차한해의 공명·회복 관련 보조 효과를 일정 시간 봉쇄하는 정예전 상태. | J53: 디버프 | K53: 차한해 | L53: 공명 보조 봉쇄 | M53: 연계 호출 | N53: 균열 수호체 [선의 압류] 성공 | O53: 없음 | P53: =IFERROR(VALUE(TRIM(MID(Q53,FIND("×",Q53)+1,FIND("%",Q53)-FIND("×",Q53)-1)))/100,0) -> 0 | Q53: 피해 없음 | T53: 없음 | U53: 0 | V53: 0 | W53: 공명 보조 사용 | X53: -1 | Y53: 상태 | Z53: 5 | AA53: 봉쇄 장치 파괴·지속 종료 | AB53: 없음 | AC53: 무한 선의 자체는 감소시키지 않음
A54: SKL-STS-019 | C54: 전장 대상 | D54: 최종 보스 | E54: 285번 | 둘이 된 하나의 등급 배정 규칙 무효화하기 | F54: 상태/시스템 | G54: 등급 표식 | H54: 둘이 된 하나가 행동과 무관하게 대상에게 등급을 부여해 공격 우선순위를 강제하는 보스 규칙 상태. | J54: 상태이상 | K54: 전장 대상 | L54: 등급 부여 | M54: 연계 호출 | N54: [등급부터 매길게.] 성공 | O54: 없음 | P54: =IFERROR(VALUE(TRIM(MID(Q54,FIND("×",Q54)+1,FIND("%",Q54)-FIND("×",Q54)-1)))/100,0) -> 0 | Q54: 피해 없음 | T54: 없음 | U54: 0 | V54: 0 | W54: 우선순위 | X54: 1 | Y54: 등급 | Z54: 0 | AA54: [등급? 됐거든.] 성공·장치 파괴 | AB54: 없음 | AC54: 등급의 부당함을 시스템 규칙으로 표현
A55: SKL-STS-020 | C55: 차한해 | D55: 최종 보스 | E55: 284번 | 중심 섬의 둘이 된 하나와 마주하기 | F55: 상태/시스템 | G55: 희생 표식 | H55: 특정 1인을 희생 우선 대상으로 지정해 주변 공격·밀치기 AI가 해당 대상에 집중되도록 만드는 상태. | J55: 상태이상 | K55: 차한해 | L55: 희생 우선순위 | M55: 연계 호출 | N55: 희생·선동 계열 스킬 성공 | O55: 없음 | P55: =IFERROR(VALUE(TRIM(MID(Q55,FIND("×",Q55)+1,FIND("%",Q55)-FIND("×",Q55)-1)))/100,0) -> 0 | Q55: 피해 없음 | T55: 없음 | U55: 0 | V55: 0 | W55: AI 우선순위 | X55: 2 | Y55: 단계 | Z55: 5 | AA55: 표식 해제·지속 종료 | AB55: 없음 | AC55: 최종부 선도체와 보스가 공유
A56: SKL-MON-001 | C56: 나부터 | D56: 3 | 선택된 선의 · 3-B | 대피 경로 | E56: 74번 | 아파트 계단으로 이동하며 ‘나부터’를 피해 숨기 | F56: 몬스터 | G56: 슥, 긁기 | H56: 근거리 전방을 긁어 기본 피해를 줌. | J56: 액티브 | K56: 나부터 | M56: AI 가중치 | N56: 사거리·페이즈·주변 상황 조건 충족 | O56: 몬스터 최종 공격력 비율 | P56: =IFERROR(VALUE(TRIM(MID(Q56,FIND("×",Q56)+1,FIND("%",Q56)-FIND("×",Q56)-1)))/100,0) -> 0.95 | Q56: 몬스터 최종 공격력 × 95% | R56: 5.5 | S56: 0.7 | T56: 개별 | U56: 4 | V56: 0.55 | W56: 없음 | X56: 0 | Y56: 없음 | Z56: 0 | AA56: 시전 종료 | AB56: 없음 | AC56: 기능 원형: 느린 할퀴기 · 몬스터 시트 발동률 70%와 동기화
A57: SKL-MON-002 | C57: 나부터 | D57: 3 | 선택된 선의 · 3-B | 대피 경로 | E57: 74번 | 아파트 계단으로 이동하며 ‘나부터’를 피해 숨기 | F57: 몬스터 | G57: 꿈틀꿈틀 | H57: '비틀거리며 접근' 행동을 수행해 위치·전투 리듬을 변화시킴. | J57: 액티브 | K57: 나부터 | M57: AI 가중치 | N57: 사거리·페이즈·주변 상황 조건 충족 | O57: 없음 | P57: =IFERROR(VALUE(TRIM(MID(Q57,FIND("×",Q57)+1,FIND("%",Q57)-FIND("×",Q57)-1)))/100,0) -> 0 | Q57: 피해 없음 | R57: 6.2 | S57: 0.3 | T57: 개별 | U57: 4.7 | V57: 0.55 | W57: 없음 | X57: 0 | Y57: 없음 | Z57: 0 | AA57: 시전 종료 | AB57: 없음 | AC57: 기능 원형: 비틀거리며 접근 · 몬스터 시트 발동률 30%와 동기화
A58: SKL-MON-003 | C58: 나 먼저 | D58: 3 | 선택된 선의 · 3-B | 아파트 대피·첫 힘 | E58: 78번 | 나 먼저와 정면으로 마주치기 | F58: 몬스터 | G58: 문 열면 나와! | H58: '갑작스러운 덮치기' 행동을 수행해 위치·전투 리듬을 변화시킴. | J58: 액티브 | K58: 나 먼저 | M58: AI 가중치 | N58: 사거리·페이즈·주변 상황 조건 충족 | O58: 몬스터 최종 공격력 비율 | P58: =IFERROR(VALUE(TRIM(MID(Q58,FIND("×",Q58)+1,FIND("%",Q58)-FIND("×",Q58)-1)))/100,0) -> 1 | Q58: 몬스터 최종 공격력 × 100% | R58: 5.5 | S58: 0.45 | T58: 개별 | U58: 4 | V58: 0.55 | W58: 없음 | X58: 0 | Y58: 없음 | Z58: 0 | AA58: 시전 종료 | AB58: 없음 | AC58: 기능 원형: 갑작스러운 덮치기 · 몬스터 시트 발동률 45%와 동기화
A59: SKL-MON-004 | C59: 나 먼저 | D59: 3 | 선택된 선의 · 3-B | 아파트 대피·첫 힘 | E59: 78번 | 나 먼저와 정면으로 마주치기 | F59: 몬스터 | G59: 여긴 내 틈 | H59: '문 앞 버티기' 행동을 수행해 위치·전투 리듬을 변화시킴. | J59: 액티브 | K59: 나 먼저 | M59: AI 가중치 | N59: 사거리·페이즈·주변 상황 조건 충족 | O59: 없음 | P59: =IFERROR(VALUE(TRIM(MID(Q59,FIND("×",Q59)+1,FIND("%",Q59)-FIND("×",Q59)-1)))/100,0) -> 0 | Q59: 피해 없음 | R59: 6.2 | S59: 0.35 | T59: 개별 | U59: 4.7 | V59: 0.55 | W59: 없음 | X59: 0 | Y59: 없음 | Z59: 0 | AA59: 시전 종료 | AB59: 없음 | AC59: 기능 원형: 문 앞 버티기 · 몬스터 시트 발동률 35%와 동기화
A60: SKL-MON-005 | C60: 나 먼저 | D60: 3 | 선택된 선의 · 3-B | 아파트 대피·첫 힘 | E60: 78번 | 나 먼저와 정면으로 마주치기 | F60: 몬스터 | G60: 쭈욱! | H60: '고개 들기' 행동을 수행해 위치·전투 리듬을 변화시킴. | J60: 액티브 | K60: 나 먼저 | M60: AI 가중치 | N60: 사거리·페이즈·주변 상황 조건 충족 | O60: 없음 | P60: =IFERROR(VALUE(TRIM(MID(Q60,FIND("×",Q60)+1,FIND("%",Q60)-FIND("×",Q60)-1)))/100,0) -> 0 | Q60: 피해 없음 | R60: 6.9 | S60: 0.2 | T60: 개별 | U60: 5.4 | V60: 0.55 | W60: 없음 | X60: 0 | Y60: 없음 | Z60: 0 | AA60: 시전 종료 | AB60: 없음 | AC60: 기능 원형: 고개 들기 · 몬스터 시트 발동률 20%와 동기화
A61: SKL-MON-006 | C61: 1등 나와 | D61: 3 | 선택된 선의 · 3-B | 대피 경로 | E61: 83번 | 1등 나와를 우회해 안전 구역으로 이동하기 | F61: 몬스터 | G61: 쿵. | H61: 전방 바닥을 강하게 내려찍어 충격 피해를 줌. | J61: 액티브 | K61: 1등 나와 | M61: AI 가중치 | N61: 사거리·페이즈·주변 상황 조건 충족 | O61: 몬스터 최종 공격력 비율 | P61: =IFERROR(VALUE(TRIM(MID(Q61,FIND("×",Q61)+1,FIND("%",Q61)-FIND("×",Q61)-1)))/100,0) -> 1.2 | Q61: 몬스터 최종 공격력 × 120% | R61: 5.5 | S61: 0.6 | T61: 개별 | U61: 4 | V61: 0.55 | W61: 없음 | X61: 0 | Y61: 없음 | Z61: 0 | AA61: 시전 종료 | AB61: 없음 | AC61: 기능 원형: 몸통 내려찍기 · 몬스터 시트 발동률 60%와 동기화
A62: SKL-MON-007 | C62: 1등 나와 | D62: 3 | 선택된 선의 · 3-B | 대피 경로 | E62: 83번 | 1등 나와를 우회해 안전 구역으로 이동하기 | F62: 몬스터 | G62: 질질질… | H62: '느린 추격' 행동을 수행해 위치·전투 리듬을 변화시킴. | J62: 액티브 | K62: 1등 나와 | M62: AI 가중치 | N62: 사거리·페이즈·주변 상황 조건 충족 | O62: 없음 | P62: =IFERROR(VALUE(TRIM(MID(Q62,FIND("×",Q62)+1,FIND("%",Q62)-FIND("×",Q62)-1)))/100,0) -> 0 | Q62: 피해 없음 | R62: 6.2 | S62: 0.4 | T62: 개별 | U62: 4.7 | V62: 0.55 | W62: 없음 | X62: 0 | Y62: 없음 | Z62: 0 | AA62: 시전 종료 | AB62: 없음 | AC62: 기능 원형: 느린 추격 · 몬스터 시트 발동률 40%와 동기화
A63: SKL-MON-008 | C63: 놀잇감 | D63: 3 | 선택된 선의 · 3-B | 대피 경로 | E63: 84번 | 놀잇감의 울음 파동을 피해 새벽 괴물 습격 구간 벗어나기 | F63: 몬스터 | G63: 으아앙— | H63: '울음 파동' 행동을 수행해 위치·전투 리듬을 변화시킴. | J63: 액티브 | K63: 놀잇감 | M63: AI 가중치 | N63: 사거리·페이즈·주변 상황 조건 충족 | O63: 몬스터 최종 공격력 비율 | P63: =IFERROR(VALUE(TRIM(MID(Q63,FIND("×",Q63)+1,FIND("%",Q63)-FIND("×",Q63)-1)))/100,0) -> 1 | Q63: 몬스터 최종 공격력 × 100% | R63: 5.5 | S63: 0.45 | T63: 개별 | U63: 4 | V63: 0.55 | W63: 없음 | X63: 0 | Y63: 없음 | Z63: 0 | AA63: 시전 종료 | AB63: 없음 | AC63: 기능 원형: 울음 파동 · 몬스터 시트 발동률 45%와 동기화
A64: SKL-MON-009 | C64: 놀잇감 | D64: 3 | 선택된 선의 · 3-B | 대피 경로 | E64: 84번 | 놀잇감의 울음 파동을 피해 새벽 괴물 습격 구간 벗어나기 | F64: 몬스터 | G64: 가까이 오지 마 | H64: '뒤로 물러나기' 행동을 수행해 위치·전투 리듬을 변화시킴. | J64: 액티브 | K64: 놀잇감 | M64: AI 가중치 | N64: 사거리·페이즈·주변 상황 조건 충족 | O64: 없음 | P64: =IFERROR(VALUE(TRIM(MID(Q64,FIND("×",Q64)+1,FIND("%",Q64)-FIND("×",Q64)-1)))/100,0) -> 0 | Q64: 피해 없음 | R64: 6.2 | S64: 0.35 | T64: 개별 | U64: 4.7 | V64: 0.55 | W64: 없음 | X64: 0 | Y64: 없음 | Z64: 0 | AA64: 시전 종료 | AB64: 없음 | AC64: 기능 원형: 뒤로 물러나기 · 몬스터 시트 발동률 35%와 동기화
A65: SKL-MON-010 | C65: 놀잇감 | D65: 3 | 선택된 선의 · 3-B | 대피 경로 | E65: 84번 | 놀잇감의 울음 파동을 피해 새벽 괴물 습격 구간 벗어나기 | F65: 몬스터 | G65: 숨 한번 | H65: 정해진 감지 행동으로 주변을 탐색하며 플레이어 발견 여부에 따라 다음 행동을 바꿈. | J65: AI 행동 | K65: 놀잇감 | M65: AI 가중치 | N65: 사거리·페이즈·주변 상황 조건 충족 | O65: 없음 | P65: =IFERROR(VALUE(TRIM(MID(Q65,FIND("×",Q65)+1,FIND("%",Q65)-FIND("×",Q65)-1)))/100,0) -> 0 | Q65: 피해 없음 | R65: 6.9 | S65: 0.2 | T65: 개별 | U65: 5.4 | V65: 0.55 | W65: 감지 우선순위 | X65: 1 | Y65: 단계 | Z65: 0 | AA65: 시전 종료 | AB65: 없음 | AC65: 기능 원형: 멈춰 서기 · 몬스터 시트 발동률 20%와 동기화
A66: SKL-MON-011 | C66: 내 창고 | D66: 3 | 선택된 선의 · 3-B | 대피 경로 | E66: 85번 | 내 창고의 배회 경로를 피해 한도윤과 합류하기 | F66: 몬스터 | G66: 어디였지? | H66: 정해진 감지 행동으로 주변을 탐색하며 플레이어 발견 여부에 따라 다음 행동을 바꿈. | J66: AI 행동 | K66: 내 창고 | M66: AI 가중치 | N66: 사거리·페이즈·주변 상황 조건 충족 | O66: 없음 | P66: =IFERROR(VALUE(TRIM(MID(Q66,FIND("×",Q66)+1,FIND("%",Q66)-FIND("×",Q66)-1)))/100,0) -> 0 | Q66: 피해 없음 | R66: 5.5 | S66: 0.55 | T66: 개별 | U66: 4 | V66: 0.55 | W66: 감지 우선순위 | X66: 1 | Y66: 단계 | Z66: 0 | AA66: 시전 종료 | AB66: 없음 | AC66: 기능 원형: 배회 · 몬스터 시트 발동률 55%와 동기화
A67: SKL-MON-012 | C67: 내 창고 | D67: 3 | 선택된 선의 · 3-B | 대피 경로 | E67: 85번 | 내 창고의 배회 경로를 피해 한도윤과 합류하기 | F67: 몬스터 | G67: 아, 비켜! | H67: 몸체·집게·외피로 목표를 밀어 안전 위치에서 벗어나게 함. | J67: 액티브 | K67: 내 창고 | L67: 밀려남 1.5칸 | M67: AI 가중치 | N67: 사거리·페이즈·주변 상황 조건 충족 | O67: 몬스터 최종 공격력 비율 | P67: =IFERROR(VALUE(TRIM(MID(Q67,FIND("×",Q67)+1,FIND("%",Q67)-FIND("×",Q67)-1)))/100,0) -> 0.75 | Q67: 몬스터 최종 공격력 × 75% | R67: 6.2 | S67: 0.3 | T67: 개별 | U67: 4.7 | V67: 0.55 | W67: 없음 | X67: 0 | Y67: 없음 | Z67: 0 | AA67: 시전 종료 | AB67: SKL-STS-002 | AC67: 기능 원형: 짧은 밀치기 · 몬스터 시트 발동률 30%와 동기화
A68: SKL-MON-013 | C68: 내 창고 | D68: 3 | 선택된 선의 · 3-B | 대피 경로 | E68: 85번 | 내 창고의 배회 경로를 피해 한도윤과 합류하기 | F68: 몬스터 | G68: 여기 맞나? | H68: 정해진 감지 행동으로 주변을 탐색하며 플레이어 발견 여부에 따라 다음 행동을 바꿈. | J68: AI 행동 | K68: 내 창고 | M68: AI 가중치 | N68: 사거리·페이즈·주변 상황 조건 충족 | O68: 없음 | P68: =IFERROR(VALUE(TRIM(MID(Q68,FIND("×",Q68)+1,FIND("%",Q68)-FIND("×",Q68)-1)))/100,0) -> 0 | Q68: 피해 없음 | R68: 6.9 | S68: 0.15 | T68: 개별 | U68: 5.4 | V68: 0.55 | W68: 감지 우선순위 | X68: 1 | Y68: 단계 | Z68: 0 | AA68: 시전 종료 | AB68: 없음 | AC68: 기능 원형: 주변 살피기 · 몬스터 시트 발동률 15%와 동기화
A69: SKL-MON-014 | C69: 여깄었네 | D69: 3 | 선택된 선의 · 3-D | 대피소 가족 심부름 | E69: 97번 | 여깄었네와 싸우는 고등급자 곁을 지나 따뜻한 음식 구해오기 | F69: 몬스터 | G69: 잡았다, 또! | H69: 근거리 전방을 긁어 기본 피해를 줌. | J69: 액티브 | K69: 여깄었네 | M69: AI 가중치 | N69: 사거리·페이즈·주변 상황 조건 충족 | O69: 몬스터 최종 공격력 비율 | P69: =IFERROR(VALUE(TRIM(MID(Q69,FIND("×",Q69)+1,FIND("%",Q69)-FIND("×",Q69)-1)))/100,0) -> 1.1 | Q69: 몬스터 최종 공격력 × 110% | R69: 5 | S69: 0.45 | T69: 개별 | U69: 3.5 | V69: 0.55 | W69: 없음 | X69: 0 | Y69: 없음 | Z69: 0 | AA69: 시전 종료 | AB69: 없음 | AC69: 기능 원형: 연속 할퀴기 · 몬스터 시트 발동률 45%와 동기화
A70: SKL-MON-015 | C70: 여깄었네 | D70: 3 | 선택된 선의 · 3-D | 대피소 가족 심부름 | E70: 97번 | 여깄었네와 싸우는 고등급자 곁을 지나 따뜻한 음식 구해오기 | F70: 몬스터 | G70: 쫓아간다! | H70: 직선 전조 후 목표 방향으로 빠르게 돌진해 경로상의 대상을 압박함. | J70: 액티브 | K70: 여깄었네 | L70: 밀려남 1.5칸 | M70: AI 가중치 | N70: 사거리·페이즈·주변 상황 조건 충족 | O70: 몬스터 최종 공격력 비율 | P70: =IFERROR(VALUE(TRIM(MID(Q70,FIND("×",Q70)+1,FIND("%",Q70)-FIND("×",Q70)-1)))/100,0) -> 1.15 | Q70: 몬스터 최종 공격력 × 115% | R70: 5.7 | S70: 0.35 | T70: 개별 | U70: 4.2 | V70: 0.55 | W70: 없음 | X70: 0 | Y70: 없음 | Z70: 0 | AA70: 시전 종료 | AB70: SKL-STS-002 | AC70: 기능 원형: 추격 돌진 · 몬스터 시트 발동률 35%와 동기화
A71: SKL-MON-016 | C71: 여깄었네 | D71: 3 | 선택된 선의 · 3-D | 대피소 가족 심부름 | E71: 97번 | 여깄었네와 싸우는 고등급자 곁을 지나 따뜻한 음식 구해오기 | F71: 몬스터 | G71: 너 말고 너! | H71: '목표 전환' 행동을 수행해 위치·전투 리듬을 변화시킴. | J71: 액티브 | K71: 여깄었네 | M71: AI 가중치 | N71: 사거리·페이즈·주변 상황 조건 충족 | O71: 없음 | P71: =IFERROR(VALUE(TRIM(MID(Q71,FIND("×",Q71)+1,FIND("%",Q71)-FIND("×",Q71)-1)))/100,0) -> 0 | Q71: 피해 없음 | R71: 6.4 | S71: 0.2 | T71: 개별 | U71: 4.9 | V71: 0.55 | W71: 없음 | X71: 0 | Y71: 없음 | Z71: 0 | AA71: 시전 종료 | AB71: 없음 | AC71: 기능 원형: 목표 전환 · 몬스터 시트 발동률 20%와 동기화
A72: SKL-MON-017 | C72: 잠깐인데 | D72: 3 | 선택된 선의 · 3-D | 대피소 보급로·약주머니 서브 | E72: 98번 | 잠깐인데가 점거한 보급로에서 노인의 약주머니 찾아주기 | F72: 몬스터 | G72: 여기 못 지나가 | H72: 몸체·집게·외피로 목표를 밀어 안전 위치에서 벗어나게 함. | J72: 액티브 | K72: 잠깐인데 | L72: 밀려남 1.5칸 | M72: AI 가중치 | N72: 사거리·페이즈·주변 상황 조건 충족 | O72: 몬스터 최종 공격력 비율 | P72: =IFERROR(VALUE(TRIM(MID(Q72,FIND("×",Q72)+1,FIND("%",Q72)-FIND("×",Q72)-1)))/100,0) -> 0.75 | Q72: 몬스터 최종 공격력 × 75% | R72: 5 | S72: 0.5 | T72: 개별 | U72: 3.5 | V72: 0.55 | W72: 없음 | X72: 0 | Y72: 없음 | Z72: 0 | AA72: 시전 종료 | AB72: SKL-STS-002 | AC72: 기능 원형: 통로 밀치기 · 몬스터 시트 발동률 50%와 동기화
A73: SKL-MON-018 | C73: 잠깐인데 | D73: 3 | 선택된 선의 · 3-D | 대피소 보급로·약주머니 서브 | E73: 98번 | 잠깐인데가 점거한 보급로에서 노인의 약주머니 찾아주기 | F73: 몬스터 | G73: 길막 완료 | H73: 통로·출구·안전 위치를 점유하거나 닫아 플레이어의 이동 선택지를 줄임. | J73: 액티브 | K73: 잠깐인데 | L73: 이동 경로 제한 | M73: AI 가중치 | N73: 사거리·페이즈·주변 상황 조건 충족 | O73: 없음 | P73: =IFERROR(VALUE(TRIM(MID(Q73,FIND("×",Q73)+1,FIND("%",Q73)-FIND("×",Q73)-1)))/100,0) -> 0 | Q73: 피해 없음 | R73: 5.7 | S73: 0.3 | T73: 개별 | U73: 4.2 | V73: 0.55 | W73: 이동 가능 경로 | X73: -1 | Y73: 개 | Z73: 4 | AA73: 지속 종료 | AB73: 없음 | AC73: 기능 원형: 앞길 막기 · 몬스터 시트 발동률 30%와 동기화
A74: SKL-MON-019 | C74: 잠깐인데 | D74: 3 | 선택된 선의 · 3-D | 대피소 보급로·약주머니 서브 | E74: 98번 | 잠깐인데가 점거한 보급로에서 노인의 약주머니 찾아주기 | F74: 몬스터 | G74: 툭! | H74: 주변 또는 전방으로 충격파를 퍼뜨려 피해와 위치 흔들림을 줌. | J74: 액티브 | K74: 잠깐인데 | L74: 밀려남 1칸 | M74: AI 가중치 | N74: 사거리·페이즈·주변 상황 조건 충족 | O74: 몬스터 최종 공격력 비율 | P74: =IFERROR(VALUE(TRIM(MID(Q74,FIND("×",Q74)+1,FIND("%",Q74)-FIND("×",Q74)-1)))/100,0) -> 0.85 | Q74: 몬스터 최종 공격력 × 85% | R74: 6.4 | S74: 0.2 | T74: 개별 | U74: 4.9 | V74: 0.55 | W74: 없음 | X74: 0 | Y74: 없음 | Z74: 0 | AA74: 시전 종료 | AB74: SKL-STS-002 | AC74: 기능 원형: 짧은 충격파 · 몬스터 시트 발동률 20%와 동기화
A75: SKL-MON-020 | C75: 잘 속네 | D75: 3 | 선택된 선의 · 3-D | 대피소 가족 심부름 | E75: 100번 | 잘 속네의 공격 범위를 피해 아파트에서 토퍼와 생활용품 챙기기 | F75: 몬스터 | G75: 셋이서 빙글 | H75: 넓은 전방 범위를 한 번에 휩쓸어 여러 대상을 압박함. | J75: 액티브 | K75: 잘 속네 | M75: AI 가중치 | N75: 사거리·페이즈·주변 상황 조건 충족 | O75: 몬스터 최종 공격력 비율 | P75: =IFERROR(VALUE(TRIM(MID(Q75,FIND("×",Q75)+1,FIND("%",Q75)-FIND("×",Q75)-1)))/100,0) -> 1.1 | Q75: 몬스터 최종 공격력 × 110% | R75: 6.5 | S75: 0.4 | T75: 개별 | U75: 5 | V75: 0.65 | W75: 없음 | X75: 0 | Y75: 없음 | Z75: 0 | AA75: 시전 종료 | AB75: 없음 | AC75: 기능 원형: 회전 휩쓸기 · 몬스터 시트 발동률 40%와 동기화
A76: SKL-MON-021 | C76: 잘 속네 | D76: 3 | 선택된 선의 · 3-D | 대피소 가족 심부름 | E76: 100번 | 잘 속네의 공격 범위를 피해 아파트에서 토퍼와 생활용품 챙기기 | F76: 몬스터 | G76: 한꺼번에 쿵 | H76: 전방 바닥을 강하게 내려찍어 충격 피해를 줌. | J76: 액티브 | K76: 잘 속네 | M76: AI 가중치 | N76: 사거리·페이즈·주변 상황 조건 충족 | O76: 몬스터 최종 공격력 비율 | P76: =IFERROR(VALUE(TRIM(MID(Q76,FIND("×",Q76)+1,FIND("%",Q76)-FIND("×",Q76)-1)))/100,0) -> 1.2 | Q76: 몬스터 최종 공격력 × 120% | R76: 7.2 | S76: 0.3 | T76: 개별 | U76: 5.7 | V76: 0.65 | W76: 없음 | X76: 0 | Y76: 없음 | Z76: 0 | AA76: 시전 종료 | AB76: 없음 | AC76: 기능 원형: 다중 내려찍기 · 몬스터 시트 발동률 30%와 동기화
A77: SKL-MON-022 | C77: 잘 속네 | D77: 3 | 선택된 선의 · 3-D | 대피소 가족 심부름 | E77: 100번 | 잘 속네의 공격 범위를 피해 아파트에서 토퍼와 생활용품 챙기기 | F77: 몬스터 | G77: 방향은 모르겠고! | H77: 직선 전조 후 목표 방향으로 빠르게 돌진해 경로상의 대상을 압박함. | J77: 액티브 | K77: 잘 속네 | L77: 밀려남 1.5칸 | M77: AI 가중치 | N77: 사거리·페이즈·주변 상황 조건 충족 | O77: 몬스터 최종 공격력 비율 | P77: =IFERROR(VALUE(TRIM(MID(Q77,FIND("×",Q77)+1,FIND("%",Q77)-FIND("×",Q77)-1)))/100,0) -> 1.15 | Q77: 몬스터 최종 공격력 × 115% | R77: 7.9 | S77: 0.2 | T77: 개별 | U77: 6.4 | V77: 0.65 | W77: 없음 | X77: 0 | Y77: 없음 | Z77: 0 | AA77: 시전 종료 | AB77: SKL-STS-002 | AC77: 기능 원형: 비틀린 돌진 · 몬스터 시트 발동률 20%와 동기화
A78: SKL-MON-023 | C78: 잘 속네 | D78: 3 | 선택된 선의 · 3-D | 대피소 가족 심부름 | E78: 100번 | 잘 속네의 공격 범위를 피해 아파트에서 토퍼와 생활용품 챙기기 | F78: 몬스터 | G78: 엉켜서 딱! | H78: '경직' 행동을 수행해 위치·전투 리듬을 변화시킴. | J78: 액티브 | K78: 잘 속네 | M78: AI 가중치 | N78: 사거리·페이즈·주변 상황 조건 충족 | O78: 없음 | P78: =IFERROR(VALUE(TRIM(MID(Q78,FIND("×",Q78)+1,FIND("%",Q78)-FIND("×",Q78)-1)))/100,0) -> 0 | Q78: 피해 없음 | R78: 8.6 | S78: 0.1 | T78: 개별 | U78: 7.1 | V78: 0.65 | W78: 없음 | X78: 0 | Y78: 없음 | Z78: 0 | AA78: 시전 종료 | AB78: 없음 | AC78: 기능 원형: 경직 · 몬스터 시트 발동률 10%와 동기화
A79: SKL-MON-024 | C79: 받아내 | D79: 3 | 선택된 선의 · 3-D | 대피소 가족 심부름 | E79: 103번 | 받아내의 습격으로 지연되어 선의 수치 측정 마감 놓치기 | F79: 몬스터 | G79: 너부터! | H79: 특정 대상이나 위치에 표식을 남겨 무리의 공격 우선순위를 집중시킴. | J79: 액티브 | K79: 받아내 | L79: 표적 지정 | M79: AI 가중치 | N79: 사거리·페이즈·주변 상황 조건 충족 | O79: 없음 | P79: =IFERROR(VALUE(TRIM(MID(Q79,FIND("×",Q79)+1,FIND("%",Q79)-FIND("×",Q79)-1)))/100,0) -> 0 | Q79: 피해 없음 | R79: 7 | S79: 0.3 | T79: 개별 | U79: 5.5 | V79: 0.75 | W79: AI 우선순위 | X79: 1 | Y79: 단계 | Z79: 4 | AA79: 지속 종료 | AB79: SKL-STS-007 | AC79: 기능 원형: 표적 지정 · 몬스터 시트 발동률 30%와 동기화
A80: SKL-MON-025 | C80: 받아내 | D80: 3 | 선택된 선의 · 3-D | 대피소 가족 심부름 | E80: 103번 | 받아내의 습격으로 지연되어 선의 수치 측정 마감 놓치기 | F80: 몬스터 | G80: 다 같이 가! | H80: '부하 돌격 명령' 행동을 수행해 위치·전투 리듬을 변화시킴. | J80: 액티브 | K80: 받아내 | M80: AI 가중치 | N80: 사거리·페이즈·주변 상황 조건 충족 | O80: 없음 | P80: =IFERROR(VALUE(TRIM(MID(Q80,FIND("×",Q80)+1,FIND("%",Q80)-FIND("×",Q80)-1)))/100,0) -> 0 | Q80: 피해 없음 | R80: 7.7 | S80: 0.3 | T80: 개별 | U80: 6.2 | V80: 0.75 | W80: 없음 | X80: 0 | Y80: 없음 | Z80: 0 | AA80: 시전 종료 | AB80: 없음 | AC80: 기능 원형: 부하 돌격 명령 · 몬스터 시트 발동률 30%와 동기화
A81: SKL-MON-026 | C81: 받아내 | D81: 3 | 선택된 선의 · 3-D | 대피소 가족 심부름 | E81: 103번 | 받아내의 습격으로 지연되어 선의 수치 측정 마감 놓치기 | F81: 몬스터 | G81: 빨리빨리! | H81: 주변 아군의 전투 리듬을 끌어올려 공격 성능을 일정 시간 강화함. | J81: 액티브 | K81: 받아내 | M81: AI 가중치 | N81: 사거리·페이즈·주변 상황 조건 충족 | O81: 없음 | P81: =IFERROR(VALUE(TRIM(MID(Q81,FIND("×",Q81)+1,FIND("%",Q81)-FIND("×",Q81)-1)))/100,0) -> 0 | Q81: 피해 없음 | R81: 8.4 | S81: 0.25 | T81: 개별 | U81: 6.9 | V81: 0.75 | W81: 공격력 | X81: 20 | Y81: % | Z81: 6 | AA81: 지속 종료 | AB81: SKL-STS-004 | AC81: 기능 원형: 무리 가속 · 몬스터 시트 발동률 25%와 동기화
A82: SKL-MON-027 | C82: 받아내 | D82: 3 | 선택된 선의 · 3-D | 대피소 가족 심부름 | E82: 103번 | 받아내의 습격으로 지연되어 선의 수치 측정 마감 놓치기 | F82: 몬스터 | G82: 내가 간다 | H82: 근거리 목표를 반복 또는 단발로 직접 타격함. | J82: 액티브 | K82: 받아내 | M82: AI 가중치 | N82: 사거리·페이즈·주변 상황 조건 충족 | O82: 몬스터 최종 공격력 비율 | P82: =IFERROR(VALUE(TRIM(MID(Q82,FIND("×",Q82)+1,FIND("%",Q82)-FIND("×",Q82)-1)))/100,0) -> 1.05 | Q82: 몬스터 최종 공격력 × 105% | R82: 9.1 | S82: 0.15 | T82: 개별 | U82: 7.6 | V82: 0.75 | W82: 없음 | X82: 0 | Y82: 없음 | Z82: 0 | AA82: 시전 종료 | AB82: 없음 | AC82: 기능 원형: 직접 타격 · 몬스터 시트 발동률 15%와 동기화
A83: SKL-MON-028 | C83: 내 몫 | D83: 4 | 영웅의 시작 · 4-B | 도심 공동 구조 | E83: 125번 | 관리국 무전 이어피스로 내 몫의 공격 예고 신호 파악하기 | F83: 몬스터 | G83: 똑똑똑! | H83: '문 두드리기' 행동을 수행해 위치·전투 리듬을 변화시킴. | J83: 액티브 | K83: 내 몫 | M83: AI 가중치 | N83: 사거리·페이즈·주변 상황 조건 충족 | O83: 없음 | P83: =IFERROR(VALUE(TRIM(MID(Q83,FIND("×",Q83)+1,FIND("%",Q83)-FIND("×",Q83)-1)))/100,0) -> 0 | Q83: 피해 없음 | R83: 5 | S83: 0.4 | T83: 개별 | U83: 3.5 | V83: 0.55 | W83: 없음 | X83: 0 | Y83: 없음 | Z83: 0 | AA83: 시전 종료 | AB83: 없음 | AC83: 기능 원형: 문 두드리기 · 몬스터 시트 발동률 40%와 동기화
A84: SKL-MON-029 | C84: 내 몫 | D84: 4 | 영웅의 시작 · 4-B | 도심 공동 구조 | E84: 125번 | 관리국 무전 이어피스로 내 몫의 공격 예고 신호 파악하기 | F84: 몬스터 | G84: 문 좀 열어! | H84: 근거리 목표를 반복 또는 단발로 직접 타격함. | J84: 액티브 | K84: 내 몫 | M84: AI 가중치 | N84: 사거리·페이즈·주변 상황 조건 충족 | O84: 몬스터 최종 공격력 비율 | P84: =IFERROR(VALUE(TRIM(MID(Q84,FIND("×",Q84)+1,FIND("%",Q84)-FIND("×",Q84)-1)))/100,0) -> 1.2 | Q84: 몬스터 최종 공격력 × 120% | R84: 5.7 | S84: 0.35 | T84: 개별 | U84: 4.2 | V84: 0.55 | W84: 없음 | X84: 0 | Y84: 없음 | Z84: 0 | AA84: 시전 종료 | AB84: 없음 | AC84: 기능 원형: 연속 주먹질 · 몬스터 시트 발동률 35%와 동기화
A85: SKL-MON-030 | C85: 내 몫 | D85: 4 | 영웅의 시작 · 4-B | 도심 공동 구조 | E85: 125번 | 관리국 무전 이어피스로 내 몫의 공격 예고 신호 파악하기 | F85: 몬스터 | G85: 다음 문! | H85: '목표 전환' 행동을 수행해 위치·전투 리듬을 변화시킴. | J85: 액티브 | K85: 내 몫 | M85: AI 가중치 | N85: 사거리·페이즈·주변 상황 조건 충족 | O85: 없음 | P85: =IFERROR(VALUE(TRIM(MID(Q85,FIND("×",Q85)+1,FIND("%",Q85)-FIND("×",Q85)-1)))/100,0) -> 0 | Q85: 피해 없음 | R85: 6.4 | S85: 0.25 | T85: 개별 | U85: 4.9 | V85: 0.55 | W85: 없음 | X85: 0 | Y85: 없음 | Z85: 0 | AA85: 시전 종료 | AB85: 없음 | AC85: 기능 원형: 목표 전환 · 몬스터 시트 발동률 25%와 동기화
A86: SKL-MON-031 | C86: 나부터 살아 | D86: 4 | 영웅의 시작 · 4-B | 도심 공동 구조 | E86: 126번 | 나부터 살아의 후방 기습을 피하고 반격 타이밍 맞추기 | F86: 몬스터 | G86: 쏙! | H86: '틈새 이동' 행동을 수행해 위치·전투 리듬을 변화시킴. | J86: 액티브 | K86: 나부터 살아 | M86: AI 가중치 | N86: 사거리·페이즈·주변 상황 조건 충족 | O86: 없음 | P86: =IFERROR(VALUE(TRIM(MID(Q86,FIND("×",Q86)+1,FIND("%",Q86)-FIND("×",Q86)-1)))/100,0) -> 0 | Q86: 피해 없음 | R86: 5 | S86: 0.35 | T86: 개별 | U86: 3.5 | V86: 0.55 | W86: 없음 | X86: 0 | Y86: 없음 | Z86: 0 | AA86: 시전 종료 | AB86: 없음 | AC86: 기능 원형: 틈새 이동 · 몬스터 시트 발동률 35%와 동기화
A87: SKL-MON-032 | C87: 나부터 살아 | D87: 4 | 영웅의 시작 · 4-B | 도심 공동 구조 | E87: 126번 | 나부터 살아의 후방 기습을 피하고 반격 타이밍 맞추기 | F87: 몬스터 | G87: 뒤에 있다! | H87: 가느다란 공격 기관으로 빈틈을 찔러 높은 단일 피해를 줌. | J87: 액티브 | K87: 나부터 살아 | M87: AI 가중치 | N87: 사거리·페이즈·주변 상황 조건 충족 | O87: 몬스터 최종 공격력 비율 | P87: =IFERROR(VALUE(TRIM(MID(Q87,FIND("×",Q87)+1,FIND("%",Q87)-FIND("×",Q87)-1)))/100,0) -> 1.25 | Q87: 몬스터 최종 공격력 × 125% | R87: 5.7 | S87: 0.4 | T87: 개별 | U87: 4.2 | V87: 0.55 | W87: 없음 | X87: 0 | Y87: 없음 | Z87: 0 | AA87: 시전 종료 | AB87: 없음 | AC87: 기능 원형: 후방 찌르기 · 몬스터 시트 발동률 40%와 동기화
A88: SKL-MON-033 | C88: 나부터 살아 | D88: 4 | 영웅의 시작 · 4-B | 도심 공동 구조 | E88: 126번 | 나부터 살아의 후방 기습을 피하고 반격 타이밍 맞추기 | F88: 몬스터 | G88: 쏙 빠지기 | H88: 공격 후 거리를 벌리거나 사각으로 이동해 다음 공격 위치를 다시 잡음. | J88: 액티브 | K88: 나부터 살아 | M88: AI 가중치 | N88: 사거리·페이즈·주변 상황 조건 충족 | O88: 없음 | P88: =IFERROR(VALUE(TRIM(MID(Q88,FIND("×",Q88)+1,FIND("%",Q88)-FIND("×",Q88)-1)))/100,0) -> 0 | Q88: 피해 없음 | R88: 6.4 | S88: 0.25 | T88: 개별 | U88: 4.9 | V88: 0.55 | W88: 이동 위치 | X88: 1 | Y88: 지점 | Z88: 0 | AA88: 시전 종료 | AB88: 없음 | AC88: 기능 원형: 빠른 이탈 · 몬스터 시트 발동률 25%와 동기화
A89: SKL-MON-034 | C89: 내꺼 챙겨 | D89: 4 | 영웅의 시작 · 4-B | 도심 공동 구조 | E89: 130번 | 보랏빛 철봉으로 내꺼 챙겨 제압하기 | F89: 몬스터 | G89: 나가! | H89: 몸체·집게·외피로 목표를 밀어 안전 위치에서 벗어나게 함. | J89: 액티브 | K89: 내꺼 챙겨 | L89: 밀려남 1.5칸 | M89: AI 가중치 | N89: 사거리·페이즈·주변 상황 조건 충족 | O89: 몬스터 최종 공격력 비율 | P89: =IFERROR(VALUE(TRIM(MID(Q89,FIND("×",Q89)+1,FIND("%",Q89)-FIND("×",Q89)-1)))/100,0) -> 0.75 | Q89: 몬스터 최종 공격력 × 75% | R89: 5 | S89: 0.5 | T89: 개별 | U89: 3.5 | V89: 0.55 | W89: 없음 | X89: 0 | Y89: 없음 | Z89: 0 | AA89: 시전 종료 | AB89: SKL-STS-002 | AC89: 기능 원형: 강제 밀치기 · 몬스터 시트 발동률 50%와 동기화
A90: SKL-MON-035 | C90: 내꺼 챙겨 | D90: 4 | 영웅의 시작 · 4-B | 도심 공동 구조 | E90: 130번 | 보랏빛 철봉으로 내꺼 챙겨 제압하기 | F90: 몬스터 | G90: 출구는 내 자리 | H90: 통로·출구·안전 위치를 점유하거나 닫아 플레이어의 이동 선택지를 줄임. | J90: 액티브 | K90: 내꺼 챙겨 | L90: 이동 경로 제한 | M90: AI 가중치 | N90: 사거리·페이즈·주변 상황 조건 충족 | O90: 없음 | P90: =IFERROR(VALUE(TRIM(MID(Q90,FIND("×",Q90)+1,FIND("%",Q90)-FIND("×",Q90)-1)))/100,0) -> 0 | Q90: 피해 없음 | R90: 5.7 | S90: 0.3 | T90: 개별 | U90: 4.2 | V90: 0.55 | W90: 이동 가능 경로 | X90: -1 | Y90: 개 | Z90: 4 | AA90: 지속 종료 | AB90: 없음 | AC90: 기능 원형: 출구 점거 · 몬스터 시트 발동률 30%와 동기화
A91: SKL-MON-036 | C91: 내꺼 챙겨 | D91: 4 | 영웅의 시작 · 4-B | 도심 공동 구조 | E91: 130번 | 보랏빛 철봉으로 내꺼 챙겨 제압하기 | F91: 몬스터 | G91: 바닥도 나가! | H91: '바닥 충격' 행동을 수행해 위치·전투 리듬을 변화시킴. | J91: 액티브 | K91: 내꺼 챙겨 | M91: AI 가중치 | N91: 사거리·페이즈·주변 상황 조건 충족 | O91: 없음 | P91: =IFERROR(VALUE(TRIM(MID(Q91,FIND("×",Q91)+1,FIND("%",Q91)-FIND("×",Q91)-1)))/100,0) -> 0 | Q91: 피해 없음 | R91: 6.4 | S91: 0.2 | T91: 개별 | U91: 4.9 | V91: 0.55 | W91: 없음 | X91: 0 | Y91: 없음 | Z91: 0 | AA91: 시전 종료 | AB91: 없음 | AC91: 기능 원형: 바닥 충격 · 몬스터 시트 발동률 20%와 동기화
A92: SKL-MON-037 | C92: 내 자리야 | D92: 4 | 영웅의 시작 · 4-D | 지하 주차장 구조 | E92: 141번 | 휴대용 섬광 신호기와 차단기 막대로 내 자리야 유인하기 | F92: 몬스터 | G92: 여긴 내 자리! | H92: 주변 또는 전방으로 충격파를 퍼뜨려 피해와 위치 흔들림을 줌. | J92: 액티브 | K92: 내 자리야 | L92: 밀려남 1칸 | M92: AI 가중치 | N92: 사거리·페이즈·주변 상황 조건 충족 | O92: 몬스터 최종 공격력 비율 | P92: =IFERROR(VALUE(TRIM(MID(Q92,FIND("×",Q92)+1,FIND("%",Q92)-FIND("×",Q92)-1)))/100,0) -> 0.85 | Q92: 몬스터 최종 공격력 × 85% | R92: 6.5 | S92: 0.35 | T92: 개별 | U92: 5 | V92: 0.65 | W92: 없음 | X92: 0 | Y92: 없음 | Z92: 0 | AA92: 시전 종료 | AB92: SKL-STS-002 | AC92: 기능 원형: 영역 충격파 · 몬스터 시트 발동률 35%와 동기화
A93: SKL-MON-038 | C93: 내 자리야 | D93: 4 | 영웅의 시작 · 4-D | 지하 주차장 구조 | E93: 141번 | 휴대용 섬광 신호기와 차단기 막대로 내 자리야 유인하기 | F93: 몬스터 | G93: 자리 찍기 | H93: 전방 바닥을 강하게 내려찍어 충격 피해를 줌. | J93: 액티브 | K93: 내 자리야 | M93: AI 가중치 | N93: 사거리·페이즈·주변 상황 조건 충족 | O93: 몬스터 최종 공격력 비율 | P93: =IFERROR(VALUE(TRIM(MID(Q93,FIND("×",Q93)+1,FIND("%",Q93)-FIND("×",Q93)-1)))/100,0) -> 1.2 | Q93: 몬스터 최종 공격력 × 120% | R93: 7.2 | S93: 0.3 | T93: 개별 | U93: 5.7 | V93: 0.65 | W93: 없음 | X93: 0 | Y93: 없음 | Z93: 0 | AA93: 시전 종료 | AB93: 없음 | AC93: 기능 원형: 전면 내려찍기 · 몬스터 시트 발동률 30%와 동기화
A94: SKL-MON-039 | C94: 내 자리야 | D94: 4 | 영웅의 시작 · 4-D | 지하 주차장 구조 | E94: 141번 | 휴대용 섬광 신호기와 차단기 막대로 내 자리야 유인하기 | F94: 몬스터 | G94: 절대 안 비켜 | H94: 통로·출구·안전 위치를 점유하거나 닫아 플레이어의 이동 선택지를 줄임. | J94: AI 행동 | K94: 내 자리야 | L94: 이동 경로 제한 | M94: AI 가중치 | N94: 사거리·페이즈·주변 상황 조건 충족 | O94: 없음 | P94: =IFERROR(VALUE(TRIM(MID(Q94,FIND("×",Q94)+1,FIND("%",Q94)-FIND("×",Q94)-1)))/100,0) -> 0 | Q94: 피해 없음 | R94: 7.9 | S94: 0.2 | T94: 개별 | U94: 6.4 | V94: 0.65 | W94: 이동 가능 경로 | X94: -1 | Y94: 개 | Z94: 4 | AA94: 지속 종료 | AB94: 없음 | AC94: 기능 원형: 자리 고정 · 몬스터 시트 발동률 20%와 동기화
A95: SKL-MON-040 | C95: 내 자리야 | D95: 4 | 영웅의 시작 · 4-D | 지하 주차장 구조 | E95: 141번 | 휴대용 섬광 신호기와 차단기 막대로 내 자리야 유인하기 | F95: 몬스터 | G95: 조금만 밀어 | H95: '밀어내기' 행동을 수행해 위치·전투 리듬을 변화시킴. | J95: 액티브 | K95: 내 자리야 | M95: AI 가중치 | N95: 사거리·페이즈·주변 상황 조건 충족 | O95: 없음 | P95: =IFERROR(VALUE(TRIM(MID(Q95,FIND("×",Q95)+1,FIND("%",Q95)-FIND("×",Q95)-1)))/100,0) -> 0 | Q95: 피해 없음 | R95: 8.6 | S95: 0.15 | T95: 개별 | U95: 7.1 | V95: 0.65 | W95: 없음 | X95: 0 | Y95: 없음 | Z95: 0 | AA95: 시전 종료 | AB95: 없음 | AC95: 기능 원형: 밀어내기 · 몬스터 시트 발동률 15%와 동기화
A96: SKL-MON-041 | C96: 여기도 내 집 | D96: 4 | 영웅의 시작 · 4-D | 지하 주차장 구조 | E96: 142번 | 차단기 막대로 여기도 내 집 제압하기 | F96: 몬스터 | G96: 비상구 폐쇄! | H96: 통로·출구·안전 위치를 점유하거나 닫아 플레이어의 이동 선택지를 줄임. | J96: 액티브 | K96: 여기도 내 집 | L96: 이동 경로 제한 | M96: AI 가중치 | N96: 사거리·페이즈·주변 상황 조건 충족 | O96: 없음 | P96: =IFERROR(VALUE(TRIM(MID(Q96,FIND("×",Q96)+1,FIND("%",Q96)-FIND("×",Q96)-1)))/100,0) -> 0 | Q96: 피해 없음 | R96: 7 | S96: 0.3 | T96: 개별 | U96: 5.5 | V96: 0.75 | W96: 이동 가능 경로 | X96: -1 | Y96: 개 | Z96: 4 | AA96: 지속 종료 | AB96: 없음 | AC96: 기능 원형: 출구 봉쇄 · 몬스터 시트 발동률 30%와 동기화
A97: SKL-MON-042 | C97: 여기도 내 집 | D97: 4 | 영웅의 시작 · 4-D | 지하 주차장 구조 | E97: 142번 | 차단기 막대로 여기도 내 집 제압하기 | F97: 몬스터 | G97: 자리 바꿔! | H97: 주변 부하의 위치를 다시 배치해 봉쇄·보호 진형을 재구성함. | J97: 액티브 | K97: 여기도 내 집 | M97: AI 가중치 | N97: 사거리·페이즈·주변 상황 조건 충족 | O97: 없음 | P97: =IFERROR(VALUE(TRIM(MID(Q97,FIND("×",Q97)+1,FIND("%",Q97)-FIND("×",Q97)-1)))/100,0) -> 0 | Q97: 피해 없음 | R97: 7.7 | S97: 0.25 | T97: 개별 | U97: 6.2 | V97: 0.75 | W97: AI 위치 | X97: 1 | Y97: 단계 | Z97: 0 | AA97: 시전 종료 | AB97: 없음 | AC97: 기능 원형: 부하 재배치 · 몬스터 시트 발동률 25%와 동기화
A98: SKL-MON-043 | C98: 여기도 내 집 | D98: 4 | 영웅의 시작 · 4-D | 지하 주차장 구조 | E98: 142번 | 차단기 막대로 여기도 내 집 제압하기 | F98: 몬스터 | G98: 다 같이 밀어! | H98: 몸체·집게·외피로 목표를 밀어 안전 위치에서 벗어나게 함. | J98: 액티브 | K98: 여기도 내 집 | L98: 밀려남 1.5칸 | M98: AI 가중치 | N98: 사거리·페이즈·주변 상황 조건 충족 | O98: 몬스터 최종 공격력 비율 | P98: =IFERROR(VALUE(TRIM(MID(Q98,FIND("×",Q98)+1,FIND("%",Q98)-FIND("×",Q98)-1)))/100,0) -> 0.79 | Q98: 몬스터 최종 공격력 × 79% | R98: 8.4 | S98: 0.3 | T98: 개별 | U98: 6.9 | V98: 0.75 | W98: 없음 | X98: 0 | Y98: 없음 | Z98: 0 | AA98: 시전 종료 | AB98: SKL-STS-002 | AC98: 기능 원형: 집단 밀치기 · 몬스터 시트 발동률 30%와 동기화
A99: SKL-MON-044 | C99: 여기도 내 집 | D99: 4 | 영웅의 시작 · 4-D | 지하 주차장 구조 | E99: 142번 | 차단기 막대로 여기도 내 집 제압하기 | F99: 몬스터 | G99: 집게 한 번 | H99: 근거리 목표를 반복 또는 단발로 직접 타격함. | J99: 액티브 | K99: 여기도 내 집 | M99: AI 가중치 | N99: 사거리·페이즈·주변 상황 조건 충족 | O99: 몬스터 최종 공격력 비율 | P99: =IFERROR(VALUE(TRIM(MID(Q99,FIND("×",Q99)+1,FIND("%",Q99)-FIND("×",Q99)-1)))/100,0) -> 1.05 | Q99: 몬스터 최종 공격력 × 105% | R99: 9.1 | S99: 0.15 | T99: 개별 | U99: 7.6 | V99: 0.75 | W99: 없음 | X99: 0 | Y99: 없음 | Z99: 0 | AA99: 시전 종료 | AB99: 없음 | AC99: 기능 원형: 직접 타격 · 몬스터 시트 발동률 15%와 동기화
A100: SKL-BOS-045 | C100: 닫힌 문지기 | D100: 4 | 영웅의 시작 · 4-E | 닫힌 문지기 보스전 | E100: 146번 | 닫힌 문지기가 연속으로 닫는 방화문 다시 열기 | F100: 보스 | G100: 문 닫습니다! | H100: 직선 전조 후 목표 방향으로 빠르게 돌진해 경로상의 대상을 압박함. | J100: 액티브 | K100: 닫힌 문지기 | L100: 밀려남 1.5칸 | M100: 페이즈+AI | N100: 현재 페이즈에서 사용 가능·가중치 판정 | O100: 몬스터 최종 공격력 비율 | P100: =IFERROR(VALUE(TRIM(MID(Q100,FIND("×",Q100)+1,FIND("%",Q100)-FIND("×",Q100)-1)))/100,0) -> 1.32 | Q100: 몬스터 최종 공격력 × 132% | R100: 8 | S100: 0.3 | T100: 개별 | U100: 6.5 | V100: 0.9 | W100: 없음 | X100: 0 | Y100: 없음 | Z100: 0 | AA100: 시전 종료 | AB100: SKL-STS-002 | AC100: 기능 원형: 철문 돌진 · 몬스터 시트 발동률 30%와 동기화
A101: SKL-BOS-046 | C101: 닫힌 문지기 | D101: 4 | 영웅의 시작 · 4-E | 닫힌 문지기 보스전 | E101: 146번 | 닫힌 문지기가 연속으로 닫는 방화문 다시 열기 | F101: 보스 | G101: 밖에 있어. | H101: 주변 또는 전방으로 충격파를 퍼뜨려 피해와 위치 흔들림을 줌. | J101: 액티브 | K101: 닫힌 문지기 | L101: 밀려남 1칸 | M101: 페이즈+AI | N101: 현재 페이즈에서 사용 가능·가중치 판정 | O101: 몬스터 최종 공격력 비율 | P101: =IFERROR(VALUE(TRIM(MID(Q101,FIND("×",Q101)+1,FIND("%",Q101)-FIND("×",Q101)-1)))/100,0) -> 0.98 | Q101: 몬스터 최종 공격력 × 98% | R101: 8.7 | S101: 0.25 | T101: 개별 | U101: 7.2 | V101: 0.9 | W101: 없음 | X101: 0 | Y101: 없음 | Z101: 0 | AA101: 시전 종료 | AB101: SKL-STS-002 | AC101: 기능 원형: 봉쇄 충격파 · 몬스터 시트 발동률 25%와 동기화
A102: SKL-BOS-047 | C102: 닫힌 문지기 | D102: 4 | 영웅의 시작 · 4-E | 닫힌 문지기 보스전 | E102: 146번 | 닫힌 문지기가 연속으로 닫는 방화문 다시 열기 | F102: 보스 | G102: 너도 밖으로. | H102: '시민 밀어내기' 행동을 수행해 위치·전투 리듬을 변화시킴. | J102: 액티브 | K102: 닫힌 문지기 | M102: 페이즈+AI | N102: 현재 페이즈에서 사용 가능·가중치 판정 | O102: 없음 | P102: =IFERROR(VALUE(TRIM(MID(Q102,FIND("×",Q102)+1,FIND("%",Q102)-FIND("×",Q102)-1)))/100,0) -> 0 | Q102: 피해 없음 | R102: 9.4 | S102: 0.2 | T102: 개별 | U102: 7.9 | V102: 0.9 | W102: 없음 | X102: 0 | Y102: 없음 | Z102: 0 | AA102: 시전 종료 | AB102: 없음 | AC102: 기능 원형: 시민 밀어내기 · 몬스터 시트 발동률 20%와 동기화
A103: SKL-BOS-048 | C103: 닫힌 문지기 | D103: 4 | 영웅의 시작 · 4-E | 닫힌 문지기 보스전 | E103: 146번 | 닫힌 문지기가 연속으로 닫는 방화문 다시 열기 | F103: 보스 | G103: 잠금 해제? 잠깐. | H103: 자신의 핵심 부위를 짧게 노출해 공격 기회를 만들지만 이후 패턴 전환을 준비함. | J103: 액티브 | K103: 닫힌 문지기 | M103: 페이즈+AI | N103: 현재 페이즈에서 사용 가능·가중치 판정 | O103: 없음 | P103: =IFERROR(VALUE(TRIM(MID(Q103,FIND("×",Q103)+1,FIND("%",Q103)-FIND("×",Q103)-1)))/100,0) -> 0 | Q103: 피해 없음 | R103: 10.1 | S103: 0.25 | T103: 개별 | U103: 8.6 | V103: 0.9 | W103: 방어력 | X103: -40 | Y103: % | Z103: 2 | AA103: 지속 종료 | AB103: 없음 | AC103: 기능 원형: 방어 핵 노출 · 몬스터 시트 발동률 25%와 동기화
A104: SKL-MON-049 | C104: 소개비 | D104: 5 | 영웅의 대가 · 5-B | 지하철 승강장 구조 | E104: 160번 | 공명 증폭기와 전광판 쇠막대로 승강장의 소개비 제압하기 | F104: 몬스터 | G104: 찰싹! | H104: '달라붙기' 행동을 수행해 위치·전투 리듬을 변화시킴. | J104: 액티브 | K104: 소개비 | M104: AI 가중치 | N104: 사거리·페이즈·주변 상황 조건 충족 | O104: 없음 | P104: =IFERROR(VALUE(TRIM(MID(Q104,FIND("×",Q104)+1,FIND("%",Q104)-FIND("×",Q104)-1)))/100,0) -> 0 | Q104: 피해 없음 | R104: 5 | S104: 0.4 | T104: 개별 | U104: 3.5 | V104: 0.55 | W104: 없음 | X104: 0 | Y104: 없음 | Z104: 0 | AA104: 시전 종료 | AB104: 없음 | AC104: 기능 원형: 달라붙기 · 몬스터 시트 발동률 40%와 동기화
...

Sheet 몬스터
A1: 검증 항목 | B1: 값 | D1: 값 | F1: 작성 기준
A2: 전체 콘텐츠 수 | B2: 306 | D2: 306 | F2: [최신 몬스터 작성 기준] 1) 초기 변이체만 전신을 보라색 계열의 단순 단세포·세포막·점액 실루엣으로 구성함. 2) 일반·강화 변이체와 무리 선도체는 곤충·동물 단계 진화 컨셉을 폐기하고 각 인간의 반복된 이기심·범죄·방관·자기합리화가 형태와 행동으로 남도록 설계함. 3) 사람 1명 → 나쁜 부분의 총합 1개 → 외부 몬스터 1개. 인간 본체는 균열 내부에 껍데기로 남고 몬스터는 인간 본인 자체가 아님. 4) 강화·선도체의 강함은 죄의 크기가 아니라 부정적 행동 패턴의 안정성·복합성에서 발생함. 5) 비보스급은 결정적 사건을 필수로 두지 않으며 장기간 반복된 삶의 방식으로 선의 0에 도달할 수 있음. 6) 비보스급 서사는 선택형 '잔류 기억'으로 공개함. 초기·일반 1단계, 강화·무리 선도체 2~3단계 권장. 7) 잔류 기억은 일반인에게 보이지 않는 옅은 보랏빛으로 차한해에게만 보이며, 차한해는 무기와 마찬가지로 균열 흔적과 공명해 기억을 확인함. 8) 보라색은 초기 변이체에서 주색, 이후에는 균열핵·균열 자국·잔류 에너지에 제한적으로 사용함.
A3: 몬스터 배치 콘텐츠 수 | B3: =COUNTIF(B7:B312,"<>") -> 306 | D3: =COUNTIF(D7:D312,"<>") -> 43
A4: 몬스터 미배치 콘텐츠 수 | B4: =B2-B3 -> 0 | D4: =D2-D3 -> 263
A5: 콘텐츠 누락 개수 | B5: =B2-COUNT(#REF!) -> 306 | D5: =D2-COUNT(#REF!) -> 306
A6: 몬스터 이름 | B6: 콘텐츠 제시 순서 | D6: 몬스터 이름 | E6: 몬스터 이미지 | F6: 몬스터 타입 | G6: 몬스터 속성 | H6: 생명력 | I6: 공격력 | J6: 공격력 합산 STATUS | K6: 공격력 보정 | L6: 최종 공격력 | M6: 방어력 | N6: 방어력 합산 STATUS | O6: 방어력 보정 | P6: 최종 방어력 | Q6: 스킬1 | R6: 발동률1 | S6: 스킬2 | T6: 발동률2 | U6: 스킬3 | V6: 발동률3 | W6: 스킬4 | X6: 발동률4 | Y6: 비고
B7: 1 | L7: =IF(D7="","",I7+K7) | P7: =IF(D7="","",M7+O7)
B8: 2
B9: 3
B10: 4
B11: 5
B12: 6
B13: 7
B14: 8
B15: 9
B16: 10
B17: 11
B18: 12
B19: 13
... B70: 64
B71: 65 | L71: =IF(D71="","",I71+K71) | P71: =IF(D71="","",M71+O71)
B72: 66
B73: 67
B74: 68
B75: 69
B76: 70
B77: 71
B78: 72
B79: 73
A80: 나부터 | B80: 74 | C80: 조건부 선공 | D80: 나부터 | F80: 초기 변이체 | G80: 침식 | H80: 30 | I80: 4 | J80: 근접 본능 | K80: 1 | L80: 5 | M80: 0 | N80: 불완전한 외피 | O80: 0 | P80: 0 | Q80: 앞질러 | R80: 70 | S80: 밀어내기 | T80: 30 | V80: 0 | X80: 0 | Y80: 인간 시절 늘 자기 편의를 먼저 챙김. 엘리베이터 문 닫기·넘어진 사람 외면 등 사소한 이기심을 반복하며 자연스럽게 선의 0에 도달. 초기 대량 유입기에 형성된 단순 보라 단세포형. 잔류 기억 1개.
B81: 75
B82: 76
B83: 77
A84: 나 먼저 | B84: 78 | C84: 조건부 선공 | D84: 나 먼저 | F84: 초기 변이체 | G84: 안정 | H84: 60 | I84: 7 | J84: 기습 반응 | K84: 1 | L84: 8 | M84: 2 | N84: 웅크린 자세 | O84: 1 | P84: 3 | Q84: 끼어들기 | R84: 55 | S84: 먼저 간다 | T84: 45 | V84: 0 | X84: 0 | Y84: 줄과 순서를 반복해서 무시하고 늘 자신이 먼저 들어가던 사람의 나쁜 부분. 특별한 마지막 사건보다 '나 먼저'가 삶의 습관이 되어 선의 0에 도달. 초기 단세포형. 잔류 기억 1개.
B85: 79
B86: 80
B87: 81
B88: 82
A89: 1등 나와 | B89: 83 | C89: 선공 | D89: 1등 나와 | F89: 초기 변이체 | G89: 침식 | H89: 45 | I89: 5 | J89: 체중 충격 | K89: 1 | L89: 6 | M89: 1 | N89: 두꺼운 등 외피 | O89: 1 | P89: 2 | Q89: 끌어내려 | R89: 55 | S89: 순위 뒤집기 | T89: 45 | V89: 0 | X89: 0 | Y89: 전교 2등으로 1등을 끌어내리기 위해 노트 훼손·거짓 정보·방해를 반복. 경쟁 상대의 실패를 자신의 기회로만 보며 선의 0에 도달. 잔류 기억 1개.
A90: 놀잇감 | B90: 84 | C90: 비선공 | D90: 놀잇감 | F90: 초기 변이체 | G90: 공명 | H90: 35 | I90: 4 | J90: 공포 음파 | K90: 1 | L90: 5 | M90: 0 | N90: 얇은 외피 | O90: 0 | P90: 0 | Q90: 웃음거리 | R90: 60 | S90: 더 보여줘 | T90: 40 | V90: 0 | X90: 0 | Y90: 온라인에서 타인의 외모·실수·고통을 조롱거리로 소비하고 피해자의 호소까지 유흥거리로 퍼뜨림. 반복된 조롱으로 선의가 소진. 잔류 기억 1개.
A91: 내 창고 | B91: 85 | C91: 비선공 | D91: 내 창고 | F91: 초기 변이체 | G91: 공명 | H91: 55 | I91: 6 | J91: 당황한 반격 | K91: 1 | L91: 7 | M91: 2 | N91: 굳은 외피 | O91: 0 | P91: 2 | Q91: 쌓아두기 | R91: 60 | S91: 떠넘기기 | T91: 40 | V91: 0 | X91: 0 | Y91: 담배꽁초·쓰레기·대형 폐기물을 공용 공간에 버리고 치우는 부담을 남에게 넘김. 공공장소를 '내 창고'처럼 쓰며 선의 0에 도달. 잔류 기억 1개.
B92: 86
B93: 87
B94: 88
B95: 89
B96: 90
B97: 91
B98: 92
B99: 93
B100: 94
B101: 95
B102: 96
A103: 여깄었네 | B103: 97 | C103: 선공 | D103: 여깄었네 | F103: 일반 변이체 | G103: 공명 | H103: 80 | I103: 10 | J103: 추격 가속 | K103: 2 | L103: 12 | M103: 4 | N103: 긴장된 근육 | O103: 1 | P103: 5 | Q103: 발견 | R103: 45 | S103: 추적 고정 | T103: 35 | U103: 거리 무시 | V103: 20 | X103: 0 | Y103: 상대의 거부와 공포를 무시하고 연락·추적·집 앞 대기를 반복한 스토커의 나쁜 부분. 목표를 찾고 따라붙는 행동이 괴물의 핵심 행동으로 남음. 잔류 기억 1개.
A104: 잠깐인데 | B104: 98 | C104: 선공 | D104: 잠깐인데 | F104: 일반 변이체 | G104: 안정 | H104: 110 | I104: 12 | J104: 길목 압박 | K104: 2 | L104: 14 | M104: 6 | N104: 넓은 체형 | O104: 2 | P104: 8 | Q104: 잠깐 점거 | R104: 50 | S104: 통로 봉쇄 | T104: 30 | U104: 버티기 | V104: 20 | X104: 0 | Y104: 횡단보도·소방 통로·보도 등에 상습 불법주차하며 '잠깐인데'라고 합리화. 타인의 통행과 안전보다 자신의 편의를 우선. 잔류 기억 1개.
B105: 99
A106: 잘 속네 | B106: 100 | C106: 선공 | D106: 잘 속네 | F106: 강화 변이체 | G106: 침식 | H106: 190 | I106: 20 | J106: 다중 팔 타격 | K106: 4 | L106: 24 | M106: 9 | N106: 겹친 외피 | O106: 3 | P106: 12 | Q106: 공포 유도 | R106: 35 | S106: 거짓 권위 | T106: 30 | U106: 입금 압박 | V106: 25 | W106: 다음 대상 | X106: 10 | Y106: 오랜 기간 보이스피싱을 하며 대상의 나이·사정·공포를 돈으로만 봄. 범죄를 일상 업무처럼 반복하며 죄책감 없이 선의 0에 도달. 강화 변이체. 잔류 기억 2~3개.
B107: 101
B108: 102
A109: 받아내 | B109: 103 | C109: 선공 | D109: 받아내 | F109: 무리 선도체 | G109: 공명 | H109: 270 | I109: 22 | J109: 무리 공명 | K109: 5 | L109: 27 | M109: 11 | N109: 부하 엄호 | O109: 4 | P109: 15 | Q109: 받아내 | R109: 30 | S109: 둘러싸 | T109: 30 | U109: 끝까지 압박 | V109: 25 | W109: 회수 지시 | X109: 15 | Y109: 불법 사채 추심 현장 책임자. 부하들에게 채무자와 가족의 직장·학교·집까지 찾아가 압박하도록 지시하고 폭력·협박을 돈 회수 수단으로만 봄. 무리 선도체. 잔류 기억 2~3개.
B110: 104
B111: 105
B112: 106
B113: 107
B114: 108
B115: 109
B116: 110
B117: 111
B118: 112
B119: 113
B120: 114
B121: 115
... B130: 124
A131: 내 몫 | B131: 125 | C131: 선공 | D131: 내 몫 | F131: 일반 변이체 | G131: 공명 | H131: 130 | I131: 18 | J131: 반복 충격 | K131: 3 | L131: 21 | M131: 8 | N131: 단단한 손뼈 | O131: 2 | P131: 10 | Q131: 내 몫 | R131: 55 | S131: 물자 감싸기 | T131: 45 | V131: 0 | X131: 0 | Y131: 대피소 공동 생수를 여러 병 숨겨두고 아이·환자가 있어도 '내 몫'이라며 나누지 않음. 공동 생존 자원을 개인 소유로 여긴 이기심이 형상화. 잔류 기억 1개.
A132: 나부터 살아 | B132: 126 | C132: 선공 | D132: 나부터 살아 | F132: 일반 변이체 | G132: 공명 | H132: 115 | I132: 20 | J132: 후방 기습 | K132: 4 | L132: 24 | M132: 7 | N132: 유연한 골격 | O132: 1 | P132: 8 | Q132: 나부터 살아 | R132: 45 | S132: 희생 밀치기 | T132: 35 | U132: 도주 | V132: 20 | X132: 0 | Y132: 괴물에게 쫓기던 중 자신의 앞에서 달리던 임산부를 괴물 쪽으로 밀어 도망칠 시간을 벌음. 이후 선의 0인 자신을 강화 변이체가 지나치지만 이유는 모름. 잔류 기억 1개.
B133: 127
B134: 128
B135: 129 | L135: =IF(D135="","",I135+K135) | P135: =IF(D135="","",M135+O135)
A136: 내꺼 챙겨 | B136: 130 | C136: 선공 | D136: 내꺼 챙겨 | F136: 강화 변이체 | G136: 차단 | H136: 165 | I136: 21 | J136: 밀치기 충격 | K136: 4 | L136: 25 | M136: 10 | N136: 낮은 무게중심 | O136: 3 | P136: 13 | Q136: 내꺼 챙겨 | R136: 35 | S136: 창고 털기 | T136: 30 | U136: 독점 | V136: 20 | W136: 도망 준비 | X136: 15 | Y136: 대피소 물자 관리 역할을 횡령 목적으로 자처. 들킨 뒤에도 뻔뻔하게 나오고 그날 밤 모두가 한 달 버틸 핵심 물자를 훔쳐 달아남. 강화 변이체. 잔류 기억 2~3개.
B137: 131
B138: 132
B139: 133
B140: 134
B141: 135
B142: 136
B143: 137
B144: 138
B145: 139
B146: 140
A147: 내 자리야 | B147: 141 | C147: 선공 | D147: 내 자리야 | F147: 강화 변이체 | G147: 침식 | H147: 320 | I147: 30 | J147: 구역 압박 | K147: 6 | L147: 36 | M147: 17 | N147: 응집 외피 | O147: 5 | P147: 22 | Q147: 내 자리야 | R147: 35 | S147: 자리 넓히기 | T147: 30 | U147: 양보 거부 | V147: 20 | W147: 버티기 | X147: 15 | Y147: 가족이 없으면서 '어머니가 곧 온다'고 거짓말해 여러 사람 몫의 공간을 독점. 환자·아이에게도 자리를 양보하지 않음. 강화 변이체. 잔류 기억 2~3개.
A148: 여기도 내 집 | B148: 142 | C148: 선공 | D148: 여기도 내 집 | F148: 강화 변이체 | G148: 침식 | H148: 430 | I148: 34 | J148: 봉쇄 명령 | K148: 7 | L148: 41 | M148: 20 | N148: 진형 방어 | O148: 6 | P148: 26 | Q148: 여기도 내 집 | R148: 35 | S148: 통로 점유 | T148: 30 | U148: 잡동사니 투척 | V148: 20 | W148: 막아두기 | X148: 15 | Y148: 비상구·공용 계단에 잡동사니와 쓰레기를 반복해 쌓음. 주민들이 포기한 뒤 괴물 습격 때 대피가 늦어져 피해가 커졌지만 본인은 선의 0이라 괴물이 지나침. 강화 변이체. 잔류 기억 2~3개.
B149: 143
B150: 144
B151: 145
A152: 닫힌 문지기 | B152: 146 | C152: 선공 | D152: 닫힌 문지기 | F152: 구역 보스 | G152: 침식 | H152: 1800 | I152: 45 | J152: 봉쇄 외피 | K152: 10 | L152: 55 | M152: 30 | N152: 철판 외피 | O152: 10 | P152: 40 | Q152: 문 봉쇄 | R152: 30 | S152: 출구 차단 | T152: 25 | U152: 생존자 무시 | V152: 20 | W152: 잠금 핵 숨기기 | X152: 25 | Y152: 대피소 문을 맡던 인간. 과거 구조 요청을 외면해 선의 0에 도달했고 유인 파동에 이끌려 나가면서 문을 열어둬 내부 시민까지 위험에 빠뜨림. 괴물로 나온 뒤에는 자신이 열어둔 바로 그 유일한 출구를 막음. 처치 후 메인 연출 공개.
B153: 147
B154: 148
B155: 149
B156: 150
B157: 151
B158: 152
...

Sheet 시뮬레이터
A1: 전투 대상 | B1: 나부터 | F1: 콘텐츠 번호 | G1: =몬스터_콘텐츠번호_가져오기 -> 74 | I1: PC 최대 HP | J1: 200 | L1: PC 공격 간격 | M1: 0.3 | O1: MON 공격 간격 | P1: 0.3 | R1: 금색 테두리 = 문서 미정의 · 직접 조정 입력값 | T1: 백중세
A3: MONSTER · 적 개체 | G3: BATTLE CORE | O3: PLAYER · 차한해 / INVENTORY
G4: VS | O4: =INDEX('PC DATA(대차대조표)'!$C$2:$C$307,MATCH(시뮬레이터!$G$1,'PC DATA(대차대조표)'!$A$2:$A$307,0)) -> 0
T5: 차한해
G6: 차한해 → 몬스터 | K6: 몬스터 → 차한해
G7: 공격 속성 | I7: =시뮬레이터!$Q$39 -> 공명 | K7: 공격 속성 | M7: =시뮬레이터!$C$16 -> 침식
G8: 방어 속성 | I8: =시뮬레이터!$C$16 -> 침식 | K8: 방어 속성 | M8: =시뮬레이터!$Q$43 -> 공명
G9: 상성 K | I9: =IF(OR(시뮬레이터!$I$7="",시뮬레이터!$I$8=""),1,INDEX('속성 대차대조표'!$B$11:$E$14,MATCH(시뮬레이터!$I$7,'속성 대차대조표'!$A$11:$A$14,0),MATCH(시뮬레이터!$I$8,'속성 대차대조표'!$B$10:$E$10,0))) -> 1.2 | J9: 0 | K9: 상성 K | M9: =IF(OR(시뮬레이터!$M$7="",시뮬레이터!$M$8=""),1,INDEX('속성 대차대조표'!$B$11:$E$14,MATCH(시뮬레이터!$M$7,'속성 대차대조표'!$A$11:$A$14,0),MATCH(시뮬레이터!$M$8,'속성 대차대조표'!$B$10:$E$10,0))) -> 0.8
G10: 공격력 | I10: =시뮬레이터!$Q$38 -> 93 | K10: 공격력 | M10: =시뮬레이터!$C$23 -> 5 | N10: 0
G11: 상대 방어력 | I11: =시뮬레이터!$C$27 -> 30 | K11: 상대 방어력 | M11: =시뮬레이터!$Q$42 -> 74
A12: 이름 | C12: =B1 -> 나부터 | G12: 1회 기본 공격 피해 | I12: =MAX(1,ROUND((시뮬레이터!$I$10-시뮬레이터!$I$11)*시뮬레이터!$I$9,0)) -> 76 | K12: 1회 기본 공격 피해 | M12: =MAX(1,ROUND((시뮬레이터!$M$10-시뮬레이터!$M$11)*시뮬레이터!$M$9,0)) -> 1 | O12: 이름 | Q12: =INDEX('PC DATA(대차대조표)'!$B$2:$B$307,MATCH(시뮬레이터!$G$1,'PC DATA(대차대조표)'!$A$2:$A$307,0)) -> 차한해
A13: 콘텐츠 | C13: =G1 -> 74 | G13: 몬스터 처치 필요 공격 | I13: =ROUNDUP(시뮬레이터!$C$19/시뮬레이터!$I$12,0) -> 1 | K13: PC 사망 필요 공격 | M13: =IF(시뮬레이터!$J$1="","",ROUNDUP(시뮬레이터!$J$1/시뮬레이터!$M$12,0)) -> 200 | O13: 콘텐츠명 | Q13: =INDEX('PC DATA(대차대조표)'!$D$2:$D$307,MATCH(시뮬레이터!$G$1,'PC DATA(대차대조표)'!$A$2:$A$307,0)) -> 아파트 계단으로 이동하며 ‘나부터’을 피해 숨기
A14: 타입 | C14: =몬스터_타입_가져오기 -> 초기 변이체 | G14: 공격 간격(초) | I14: =시뮬레이터!$M$1 -> 0.3 | J14: 0 | K14: 공격 간격(초) | M14: =시뮬레이터!$P$1 -> 0.3 | N14: 0 | O14: 전투 상태 | Q14: =INDEX('PC DATA(대차대조표)'!$E$2:$E$307,MATCH(시뮬레이터!$G$1,'PC DATA(대차대조표)'!$A$2:$A$307,0)) -> 전투 시스템 미개방
A15: 교전 | C15: =몬스터_선공_가져오기 -> 조건부 선공 | G15: TTK(초) | I15: =(시뮬레이터!$I$13-1)*시뮬레이터!$I$14 -> 0 | J15: 0 | K15: TTK(초) | M15: =IF(시뮬레이터!$M$13="","",(시뮬레이터!$M$13-1)*시뮬레이터!$M$14) -> 59.7 | N15: 0 | O15: 현재 스킬 | Q15: =IF(INDEX('PC DATA(대차대조표)'!$J$2:$J$307,MATCH(시뮬레이터!$G$1,'PC DATA(대차대조표)'!$A$2:$A$307,0))="","-",INDEX('PC DATA(대차대조표)'!$J$2:$J$307,MATCH(시뮬레이터!$G$1,'PC DATA(대차대조표)'!$A$2:$A$307,0))) -> -
A16: 속성 | C16: =몬스터_속성_가져오기 -> 침식 | G16: 상성 판정 | I16: =IF(시뮬레이터!$I$9>1,"우세",IF(시뮬레이터!$I$9<1,"열세","중립")) -> 우세 | J16: 0 | K16: 상성 판정 | M16: =IF(시뮬레이터!$M$9>1,"우세",IF(시뮬레이터!$M$9<1,"열세","중립")) -> 열세 | N16: 0
J17: 1 | N17: 1 | O17: CURRENT LOADOUT · 셀 내용 삭제 = 미착용
A18: COMBAT STATUS | G18: BATTLE RESULT | O18: 무기 | P18: ATK +0 / DEF +0 | S18: 방어구 | T18: ATK +0 / DEF +0
A19: 생명력 | C19: =INDEX(몬스터!$H$7:$H$312,MATCH(시뮬레이터!$B$1,몬스터!$D$7:$D$312,0)) -> 30 | G19: =IF(시뮬레이터!$J$1="","PC 최대 HP 입력 필요",IF(시뮬레이터!$I$15<시뮬레이터!$M$15,"차한해 승리",IF(시뮬레이터!$I$15>시뮬레이터!$M$15,"몬스터 승리","동시 처치"))) -> 차한해 승리 | O19: =IF(시뮬레이터!$Q19="","",INDEX(아이템!$C$2:$C$43,MATCH(시뮬레이터!$Q19,아이템!$A$2:$A$43,0))) -> 0 | Q19: 보랏빛 철봉 | S19: =IF(시뮬레이터!$U19="","",INDEX(아이템!$C$2:$C$43,MATCH(시뮬레이터!$U19,아이템!$A$2:$A$43,0))) -> 0 | U19: 기본 보호 조끼
A20: 기본 공격력 | C20: =INDEX(몬스터!$I$7:$I$312,MATCH(시뮬레이터!$B$1,몬스터!$D$7:$D$312,0)) -> 4
A21: 공격 STATUS | C21: =INDEX(몬스터!$J$7:$J$312,MATCH(시뮬레이터!$B$1,몬스터!$D$7:$D$312,0)) -> 근접 본능 | E21: - | H21: 백중세
A22: 공격 보정 | C22: =INDEX(몬스터!$K$7:$K$312,MATCH(시뮬레이터!$B$1,몬스터!$D$7:$D$312,0)) -> 1 | G22: 승패 = 기본 공격 기준 TTK 비교 · 공격 간격이 같으면 필요 공격 횟수 비교와 동일 | O22: 손 | P22: ATK +0 / DEF +0 | S22: 머리·얼굴 | T22: ATK +0 / DEF +0
A23: 최종 공격력 | C23: =INDEX(몬스터!$L$7:$L$312,MATCH(시뮬레이터!$B$1,몬스터!$D$7:$D$312,0)) -> 5 | E23: - | O23: =IF(시뮬레이터!$Q23="","",INDEX(아이템!$C$2:$C$43,MATCH(시뮬레이터!$Q23,아이템!$A$2:$A$43,0))) -> 0 | Q23: 관리국 대응 장갑 | S23: =IF(시뮬레이터!$U23="","",INDEX(아이템!$C$2:$C$43,MATCH(시뮬레이터!$U23,아이템!$A$2:$A$43,0))) -> 0 | U23: 관리국 방진 마스크
A24: 기본 방어력 | C24: =INDEX(몬스터!$M$7:$M$312,MATCH(시뮬레이터!$B$1,몬스터!$D$7:$D$312,0)) -> 0 | G24: DAMAGE MODEL
A25: 방어 STATUS | C25: =INDEX(몬스터!$N$7:$N$312,MATCH(시뮬레이터!$B$1,몬스터!$D$7:$D$312,0)) -> 불완전한 외피 | E25: - | G25: 기본 공격 피해 = MAX(1, ROUND((공격력 - 상대 방어력) × 상성 K, 0))
A26: 방어 보정 | C26: =INDEX(몬스터!$O$7:$O$312,MATCH(시뮬레이터!$B$1,몬스터!$D$7:$D$312,0)) -> 0 | O26: 신발 | P26: ATK +0 / DEF +0 | S26: 액세서리
A27: 생명력 | C27: =몬스터_생명력_가져오기 -> 30 | E27: - | G27: 처치 필요 횟수 = ROUNDUP(상대 HP ÷ 1회 피해, 0) / TTK = (필요 횟수 - 1) × 공격 간격 | O27: =IF(시뮬레이터!$Q27="","",INDEX(아이템!$C$2:$C$43,MATCH(시뮬레이터!$Q27,아이템!$A$2:$A$43,0))) -> 0 | Q27: 관리국 전술화 | S27: =IF(시뮬레이터!$U27="","",INDEX(아이템!$C$2:$C$43,MATCH(시뮬레이터!$U27,아이템!$A$2:$A$43,0))) -> 0 | U27: 관리국 무전 이어피스
A28: 최종 생명력 | C28: =C24+C26+C27 -> 30 | E28: -
A29: MONSTER SKILL LOADOUT | G29: VALIDATION CONSOLE · 같은 시트 셀 참조 검증
A30: S1 | C30: =IF(INDEX(몬스터!$Q$7:$Q$312,MATCH(시뮬레이터!$B$1,몬스터!$D$7:$D$312,0))="","-",INDEX(몬스터!$Q$7:$Q$312,MATCH(시뮬레이터!$B$1,몬스터!$D$7:$D$312,0))) -> 앞질러 | F30: =IF(INDEX(몬스터!$Q$7:$Q$312,MATCH(시뮬레이터!$B$1,몬스터!$D$7:$D$312,0))="","-",INDEX(몬스터!$R$7:$R$312,MATCH(시뮬레이터!$B$1,몬스터!$D$7:$D$312,0))&"%") -> 70% | G30: PC 최종 ATK | I30: =시뮬레이터!$Q$38 -> 93 | K30: MON 최종 ATK | M30: =시뮬레이터!$C$23 -> 5 | O30: 보조 장비 | S30: 소모품
A31: S2 | C31: =IF(INDEX(몬스터!$S$7:$S$312,MATCH(시뮬레이터!$B$1,몬스터!$D$7:$D$312,0))="","-",INDEX(몬스터!$S$7:$S$312,MATCH(시뮬레이터!$B$1,몬스터!$D$7:$D$312,0))) -> 밀어내기 | F31: =IF(INDEX(몬스터!$S$7:$S$312,MATCH(시뮬레이터!$B$1,몬스터!$D$7:$D$312,0))="","-",INDEX(몬스터!$T$7:$T$312,MATCH(시뮬레이터!$B$1,몬스터!$D$7:$D$312,0))&"%") -> 30% | G31: MON 최종 DEF | I31: =시뮬레이터!$C$27 -> 30 | K31: PC 최종 DEF | M31: =시뮬레이터!$Q$42 -> 74 | O31: =IF(시뮬레이터!$Q31="","",INDEX(아이템!$C$2:$C$43,MATCH(시뮬레이터!$Q31,아이템!$A$2:$A$43,0))) -> 0 | Q31: 깨진 경찰 방패 | S31: =IF(시뮬레이터!$U31="","",INDEX(아이템!$C$2:$C$43,MATCH(시뮬레이터!$U31,아이템!$A$2:$A$43,0))) -> 0 | U31: 안정 앰플
A32: S3 | C32: =IF(INDEX(몬스터!$U$7:$U$312,MATCH(시뮬레이터!$B$1,몬스터!$D$7:$D$312,0))="","-",INDEX(몬스터!$U$7:$U$312,MATCH(시뮬레이터!$B$1,몬스터!$D$7:$D$312,0))) -> - | F32: =IF(INDEX(몬스터!$U$7:$U$312,MATCH(시뮬레이터!$B$1,몬스터!$D$7:$D$312,0))="","-",INDEX(몬스터!$V$7:$V$312,MATCH(시뮬레이터!$B$1,몬스터!$D$7:$D$312,0))&"%") -> - | G32: MON HP | I32: =시뮬레이터!$C$19 -> 30 | K32: PC HP | M32: =시뮬레이터!$J$1 -> 200
A33: S4 | C33: =IF(INDEX(몬스터!$W$7:$W$312,MATCH(시뮬레이터!$B$1,몬스터!$D$7:$D$312,0))="","-",INDEX(몬스터!$W$7:$W$312,MATCH(시뮬레이터!$B$1,몬스터!$D$7:$D$312,0))) -> - | F33: =IF(INDEX(몬스터!$W$7:$W$312,MATCH(시뮬레이터!$B$1,몬스터!$D$7:$D$312,0))="","-",INDEX(몬스터!$X$7:$X$312,MATCH(시뮬레이터!$B$1,몬스터!$D$7:$D$312,0))&"%") -> - | G33: PC 1회 피해 | I33: =시뮬레이터!$I$12 -> 76 | K33: MON 1회 피해 | M33: =시뮬레이터!$M$12 -> 1
A34: 대표 공격 스킬 상세 | G34: PC 필요 타격 | I34: =시뮬레이터!$I$13 -> 1 | K34: MON 필요 타격 | M34: =시뮬레이터!$M$13 -> 200
A35: =IFERROR(INDEX('스킬 DATA'!$I$5:$I$212,MATCH(시뮬레이터!$C$30,'스킬 DATA'!$G$5:$G$212,0)),"") | C35: 스킬명 | E35: 발자국 저장 | G35: PC TTK | I35: =시뮬레이터!$I$15 -> 0 | K35: MON TTK | M35: =시뮬레이터!$M$15 -> 59.7 | O35: PC STATUS · 선택 장비 자동 합산
C36: 타입 | E36: =IFERROR(INDEX('스킬 DATA'!$J$5:$J$212,MATCH(시뮬레이터!$C$30,'스킬 DATA'!$G$5:$G$212,0)),"-") -> - | G36: PC 공격 속성 | I36: =시뮬레이터!$I$7 -> 공명 | K36: MON 공격 속성 | M36: =시뮬레이터!$M$7 -> 침식 | O36: 기본 공격력 | Q36: =INDEX('PC DATA(대차대조표)'!$F$2:$F$307,MATCH(시뮬레이터!$G$1,'PC DATA(대차대조표)'!$A$2:$A$307,0)) -> 10
C37: 상태이상 | E37: =IFERROR(INDEX('스킬 DATA'!$L$5:$L$212,MATCH(시뮬레이터!$C$30,'스킬 DATA'!$G$5:$G$212,0)),"-") -> - | G37: PC K | I37: =시뮬레이터!$I$9 -> 1.2 | K37: MON K | M37: =시뮬레이터!$M$9 -> 0.8 | O37: 장비 공격 합 | Q37: =IF(시뮬레이터!$Q$19="",0,VLOOKUP(시뮬레이터!$Q$19,아이템!$A$2:$T$43,9,0))+IF(시뮬레이터!$U$19="",0,VLOOKUP(시뮬레이터!$U$19,아이템!$A$2:$T$43,9,0))+IF(시뮬레이터!$Q$23="",0,VLOOKUP(시뮬레이터!$Q$23,아이템!$A$2:$T$43,9,0))+IF(시뮬레이터!$U$23="",0,VLOOKUP(시뮬레이터!$U$23,아이템!$A$2:$T$43,9,0))+IF(시뮬레이터!$Q$27="",0,VLOOKUP(시뮬레이터!$Q$27,아이템!$A$2:$T$43,9,0))+IF(시뮬레이터!$U$27="",0,VLOOKUP(시뮬레이터!$U$27,아이템!$A$2:$T$43,9,0))+IF(시뮬레이터!$Q$31="",0,VLOOKUP(시뮬레이터!$Q$31,아이템!$A$2:$T$43,9,0))+IF(시뮬레이터!$U$31="",0,VLOOKUP(시뮬레이터!$U$31,아이템!$A$2:$T$43,9,0)) -> 83
C38: 피해 계수 | E38: =IFERROR(INDEX('스킬 DATA'!$P$5:$P$212,MATCH(시뮬레이터!$C$30,'스킬 DATA'!$G$5:$G$212,0)),0) -> 0 | G38: ※ 원본 시트 직접 참조는 좌/우 정보 패널에서만 수행 · 가운데 승패/피해/횟수/TTK는 이 시트 셀만 다시 참조 | O38: 최종 공격력 | Q38: =시뮬레이터!$Q$36+시뮬레이터!$Q$37 -> 93
A39: 설명 | C39: =IFERROR(INDEX('스킬 DATA'!$H$5:$H$212,MATCH(시뮬레이터!$C$30,'스킬 DATA'!$G$5:$G$212,0)),"-") -> - | O39: 공격 속성 | Q39: =IF(시뮬레이터!$Q$19="","",VLOOKUP(시뮬레이터!$Q$19,아이템!$A$2:$T$43,20,0)) -> 공명
G40: ATTRIBUTE LOOP | O40: 기본 방어력 | Q40: =INDEX('PC DATA(대차대조표)'!$H$2:$H$307,MATCH(시뮬레이터!$G$1,'PC DATA(대차대조표)'!$A$2:$A$307,0)) -> 10
G41: 안정 → 공명 → 차단 → 침식 → 안정 강한 우위 ×1.7 · 강한 열위 ×0.3 · 나머지는 속성 대차대조표 K 적용 | O41: 장비 방어 합 | Q41: =IF(시뮬레이터!$Q$19="",0,VLOOKUP(시뮬레이터!$Q$19,아이템!$A$2:$T$43,11,0))+IF(시뮬레이터!$U$19="",0,VLOOKUP(시뮬레이터!$U$19,아이템!$A$2:$T$43,11,0))+IF(시뮬레이터!$Q$23="",0,VLOOKUP(시뮬레이터!$Q$23,아이템!$A$2:$T$43,11,0))+IF(시뮬레이터!$U$23="",0,VLOOKUP(시뮬레이터!$U$23,아이템!$A$2:$T$43,11,0))+IF(시뮬레이터!$Q$27="",0,VLOOKUP(시뮬레이터!$Q$27,아이템!$A$2:$T$43,11,0))+IF(시뮬레이터!$U$27="",0,VLOOKUP(시뮬레이터!$U$27,아이템!$A$2:$T$43,11,0))+IF(시뮬레이터!$Q$31="",0,VLOOKUP(시뮬레이터!$Q$31,아이템!$A$2:$T$43,11,0))+IF(시뮬레이터!$U$31="",0,VLOOKUP(시뮬레이터!$U$31,아이템!$A$2:$T$43,11,0)) -> 64
A42: 쿨타임(초) | C42: 1 | E42: 시전 | F42: 1.5 | O42: 최종 방어력 | Q42: =시뮬레이터!$Q$40+시뮬레이터!$Q$41 -> 74
A43: 비고 | C43: =INDEX(몬스터!$Y$7:$Y$312,MATCH(시뮬레이터!$B$1,몬스터!$D$7:$D$312,0)) -> 인간 시절 늘 자기 편의를 먼저 챙김. 엘리베이터 문 닫기·넘어진 사람 외면 등 사소한 이기심을 반복하며 자연스럽게 선의 0에 도달. 초기 대량 유입기에 형성된 단순 보라 단세포형. 잔류 기억 1개. | G43: PC 공격 속성 = 선택 무기 속성 / PC 방어 속성 = 선택 방어구 속성 / 몬스터 속성 = 몬스터 시트 자동 조회 | O43: 방어 속성 | Q43: =IF(시뮬레이터!$U$19="","",VLOOKUP(시뮬레이터!$U$19,아이템!$A$2:$T$43,20,0)) -> 공명
O44: PLAYER CURRENT SKILL
G45: A 상황 | O45: 스킬명 | Q45: 한 줄로 서!
A46: 일반 공격 | G46: 공격자 | I46: =Q12 -> 차한해 | K46: 방어자 | M46: =B1 -> 나부터 | O46: 타입 | Q46: =스킬_타입_가져오기 -> 액티브
A47: 몬스터 | D47: 캐릭터 | G47: 속성 추가 전 데미지 | I47: =Q38 -> 93 | K47: 방어자의 생명력 | M47: =C28 -> 30 | O47: 상태이상 | Q47: =스킬_상태이상_가져오기 -> 0
A48: 1회 공격 시간 | B48: 일반 공격 평균 | C48: =P1 -> 0.3 | D48: 1회 공격 시간 | E48: 일반 공격 평균 | F48: =M1 -> 0.3 | G48: 속성 | I48: =Q39 -> 공명 | K48: 속성 | M48: =C16 -> 침식 | O48: 피해 계수 | Q48: =스킬_피해계수_가져오기 -> 1.1
B49: =E35 -> 발자국 저장 | C49: =C42+F42 -> 2.5 | E49: =Q45 -> 한 줄로 서! | F49: =스킬_시전시간_가져오기 -> 0.5 | G49: 공격자 우위 여부 | I49: =I16 -> 우세 | K49: 속성 공격력 | M49: =I47*I9 -> 111.6 | O49: 스킬 아이콘
G50: 데미지 | I50: =M47-M49*E51 -> -304.8
A51: 공격 횟수 | B51: 1 | D51: 공격 횟수 | E51: 3 | G51: B 상황
A52: 총 공격 시간 | B52: =B51*C48 -> 0.3 | D52: 총 공격 시간 | E52: =E51*F48 -> 0.9 | G52: 공격자 | I52: =B1 -> 나부터 | K52: 방어자 | M52: =Q12 -> 차한해
G53: 속성 추가 전 데미지 | I53: =C23 -> 5 | K53: 방어자의 생명력 | M53: =Q42 -> 74
A54: 스킬 공격 | G54: 속성 | I54: =C16 -> 침식 | K54: 속성 | M54: =Q43 -> 공명
A55: 몬스터 | D55: 캐릭터 | G55: 공격자 우위 여부 | I55: =M16 -> 열세 | K55: 속성 공격력 | M55: =I53*M9 -> 4
A56: 1회 공격 시간 | B56: 일반 공격 평균 | C56: =P1 -> 0.3 | D56: 1회 공격 시간 | E56: 일반 공격 평균 | F56: =M1 -> 0.3 | G56: 데미지 | I56: =M53-M55*E51 -> 62
B57: =E35 -> 발자국 저장 | C57: =C42+F42 -> 2.5 | E57: =Q45 -> 한 줄로 서! | F57: =스킬_시전시간_가져오기 -> 0.5 | G57: 승패 | K57: 승자
G58: =IF(I50>I56,"패배","승리") -> 승리 | K58: =IF(I56<I50,"몬스터",IF(I56>I50,"차한해","동일")) -> 차한해
A59: 공격 횟수 | B59: 1 | D59: 공격 횟수 | E59: 3
A60: 총 공격 시간 | B60: =B59*C57 -> 2.5 | D60: 총 공격 시간 | E60: =E59*F57 -> 1.5
A63: 몬스터 | D63: 캐릭터
A64: 1회 공격 시간 | B64: 일반 공격 평균 | C64: =M1 -> 0.3 | D64: 1회 공격 시간 | E64: 일반 공격 평균 | F64: =M18 -> 0
B65: =몬스터_스킬1_가져오기 -> 앞질러 | C65: =C59+F59 -> 0 | E65: =Q62 -> 0 | F65: =스킬_시전시간_가져오기 -> 0.5
B66: =몬스터_스킬2_가져오기 -> 밀어내기
B67: =몬스터_스킬3_가져오기 -> 0
B68: 스킬4
A69: 공격 횟수 | B69: 1 | D69: 공격 횟수 | E69: 3
A70: 총 공격 시간 | B70: =B69*C64+B69*C65+B69*C66+B69*C67+B69*C68 -> 0.3 | D70: 총 공격 시간 | E70: =E69*F64 -> 0
