Workbook
Name 몬스터_가져오기: INDEX(몬스터_이미지,MATCH(시뮬레이터!$B$2,몬스터_이름,0))
Name 몬스터_스킬1_이름: 몬스터!$O$7:$O$290
Name 몬스터_이름: 몬스터!$C$7:$C$290
Name 몬스터_이미지: 몬스터!$D$7:$D$290
Name 캐릭터_가져오기: INDEX(캐릭터_이미지,MATCH(시뮬레이터!$F$2,캐릭터_이름,0))
Name 캐릭터_이름: 'PC DATA(대차대조표)'!$C$3:$C$308
Name 캐릭터_이미지: 'PC DATA(대차대조표)'!$D$3:$D$308
Name 스킬_콘텐츠_번호: '스킬 DATA'!$C$2:$C$212

Sheet 밸런스 문서
S1: 예상 플레이 시간
A2: 챕터 | B2: 콘텐츠 진행 순서 | C2: 플레이 난이도 | D2: 플레이 흥미도 | E2: 플레이 목표 | F2: 플레이 난관 | G2: 공략 방법 | H2: 체감 난이도 | I2: 수행 과제 수 | J2: 목표 달성 조건 | K2: 실패 결과 | L2: 예상 소요 시간 | M2: 난이도 조절 요소 | N2: 누적 플레이 시간 | O2: 스테이지 | P2: 콘텐츠 진행 포인트 (획득량) | Q2: 콘텐츠 진행 포인트 누적 | R2: 핵심 전투 기믹 | S2: 라이트 유저 (예상 시간 기준) | T2: 미들 유저 | U2: 헤비 유저 | V2: 자아마모도 변화(%) | W2: 인연 변화(%) | X2: 진행 관문 조건 | Y2: 선택·추가 콘텐츠 해금
A3: 1 | 평범한 하루 | B3: 1 | C3: 1 | D3: 8 | E3: 차한해의 과거 오프닝 감상 | F3: 입양 이후 가족 안에서 희생을 요구받아 온 과거를 보여주는 연출이 길게 이어져 플레이어가 핵심 정보를 놓칠 수 있음 | G3: 핵심 장면의 시선 유도와 짧은 자막을 통해 관계와 감정 변화를 이해함 | H3: 1/10 – 연출 길이와 정보량이 난이도를 결정함 | I3: 1 | J3: 오프닝 재생이 끝나면 자동 완료 | K3: - | L3: 45초 | M3: 스킵·다시 보기 기능 제공 | N3: 0.00052083333 | O3: 1-A | 집·튜토리얼 | P3: 3 | Q3: =P3 -> 3 | S3: 45초 | T3: 45초 | U3: 45초
A4: 1 | 평범한 하루 | B4: 2 | C4: 1 | D4: 3 | E4: 빨래 개기 | F4: 조사 가능한 가구가 많아 조작 가능한 대상을 바로 알아보기 어려움 | G4: 주인공 주변의 상호작용 표시를 확인하고 조사 키를 누름 | H4: 1/10 – 상호작용 표시의 가시성과 조사 범위가 난이도를 결정함 | I4: 1 | J4: 소파 옆 주인공에서 조사 입력 1회 완료 | K4: - | L4: 10초 | M4: 첫 상호작용 대상에 반짝임 표시 | N4: 0.00063657407 | O4: 1-A | 집·튜토리얼 | P4: 2 | Q4: =Q3+P4 -> 5 | S4: 10초 | T4: 10초 | U4: 10초
A5: 1 | 평범한 하루 | B5: 3 | C5: 1 | D5: 5 | E5: 동생에게 심부름 지시 받기 | F5: 대화 속에 다음 목적지와 필요한 물품 정보가 섞여 있음 | G5: 강조되는 핵심 단어와 NPC의 요구를 확인하며 대화를 끝까지 진행함 | H5: 1/10 – 대사 길이·핵심 정보의 명확성·선택지 수가 난이도를 결정함 | I5: 1 | J5: 신상 과자·헤어롤·팝콘 심부름에 관한 대화를 마지막 문장까지 진행 | K5: - | L5: 20초 | M5: 대화 종료 후 핵심 내용을 화면 한쪽에 요약 표시 | N5: 0.00086805556 | O5: 1-A | 집·튜토리얼 | P5: 3 | Q5: 8 | S5: 20초 | T5: 20초 | U5: 20초 | W5: [차우선] 기준 45%
A6: 1 | 평범한 하루 | B6: 4 | C6: 1 | D6: 3 | E6: 이동 조작 안내 확인 | F6: 여러 조작을 한 번에 제시하면 입력 방법을 혼동할 수 있음 | G6: 화면에 표시되는 키를 순서대로 입력하고 각 동작의 결과를 확인함 | H6: 1/10 – 동시에 제시되는 조작 수와 입력 허용 시간이 난이도를 결정함 | I6: 4 | J6: 상하좌우 이동과 조사 키를 안내 순서대로 모두 수행 | K6: - | L6: 30초 | M6: 입력하지 않은 키 안내를 계속 유지 | N6: 0.0012152778 | O6: 1-A | 집·튜토리얼 | P6: 3 | Q6: 11 | S6: 30초 | T6: 25초 | U6: 25초
A7: 1 | 평범한 하루 | B7: 5 | C7: 1 | D7: 3 | E7: 현관으로 이동하기 | F7: 갈림길과 주변 상호작용 오브젝트 때문에 목적지 방향을 놓칠 수 있음 | G7: 표지판·미니맵·NPC 이동 방향을 확인하며 거실에서 현관문까지 이동함 | H7: 1/10 – 맵 크기·갈림길 수·목적지 표식의 가시성이 난이도를 결정함 | I7: 1 | J7: 거실에서 현관문의 도착 트리거에 진입 | K7: - | L7: 15초 | M7: 일정 시간 정체 시 목적지 방향 화살표 표시 | N7: 0.0013888889 | O7: 1-A | 집·튜토리얼 | P7: 2 | Q7: 13 | S7: 15초 | T7: 15초 | U7: 15초
A8: 1 | 평범한 하루 | B8: 6 | C8: 1 | D8: 5 | E8: 집 밖으로 나가기 | F8: 조사 대상이 배경 오브젝트와 비슷해 상호작용 가능 여부를 놓칠 수 있음 | G8: 현관문 가까이 이동한 뒤 상호작용 아이콘이 나타날 때 조사함 | H8: 1/10 – 조사 대상의 크기·배경과의 대비·상호작용 범위가 난이도를 결정함 | I8: 1 | J8: 현관문 조사 완료 | K8: - | L8: 15초 | M8: 상호작용 가능 범위를 넓히고 아이콘 표시 | N8: 0.0015625 | O8: 1-A | 집·튜토리얼 | P8: 2 | Q8: 15 | S8: 15초 | T8: 15초 | U8: 15초 | X8: 이동·조사 튜토리얼 완료
A9: 1 | 평범한 하루 | B9: 7 | C9: 2 | D9: 5 | E9: 편의점으로 이동하기 | F9: 갈림길과 주변 상호작용 오브젝트 때문에 목적지 방향을 놓칠 수 있음 | G9: 표지판·미니맵·NPC 이동 방향을 확인하며 아파트에서 편의점까지 이동함 | H9: 2/10 – 맵 크기·갈림길 수·목적지 표식의 가시성이 난이도를 결정함 | I9: 1 | J9: 아파트에서 편의점의 도착 트리거에 진입 | K9: - | L9: 20초 | M9: 일정 시간 정체 시 목적지 방향 화살표 표시 | N9: 0.0017939815 | O9: 1-B | 편의점 | P9: 3 | Q9: 18 | S9: 20초 | T9: 20초 | U9: 20초
A10: 1 | 평범한 하루 | B10: 8 | C10: 2 | D10: 6 | E10: 신상 과자 진열대 찾기 | F10: 비슷한 오브젝트와 진열대가 많아 목표 대상을 한 번에 찾기 어려움 | G10: 구역별 표지와 상품 외형을 비교하며 편의점 안 신상 과자 진열대를 조사함 | H10: 2/10 – 후보 오브젝트 수·외형 유사도·탐색 범위가 난이도를 결정함 | I10: 4 | J10: 편의점 안 신상 과자 진열대 발견 및 조사 완료 | K10: - | L10: 30초 | M10: 30초 이상 미발견 시 목표 구역에 약한 반짝임 표시 | N10: 0.0021412037 | O10: 1-B | 편의점 | P10: 4 | Q10: 22 | S10: 30초 | T10: 25초 | U10: 25초
A11: 1 | 평범한 하루 | B11: 9 | C11: 1 | D11: 5 | E11: 품절 안내 조사하기 | F11: 조사 대상이 배경 오브젝트와 비슷해 상호작용 가능 여부를 놓칠 수 있음 | G11: 비어 있는 진열칸과 손글씨 품절 안내 가까이 이동한 뒤 상호작용 아이콘이 나타날 때 조사함 | H11: 1/10 – 조사 대상의 크기·배경과의 대비·상호작용 범위가 난이도를 결정함 | I11: 2 | J11: 비어 있는 진열칸과 손글씨 품절 안내 조사 완료 | K11: - | L11: 15초 | M11: 상호작용 가능 범위를 넓히고 아이콘 표시 | N11: 0.0023148148 | O11: 1-B | 편의점 | P11: 3 | Q11: 25 | S11: 15초 | T11: 15초 | U11: 15초
A12: 1 | 평범한 하루 | B12: 10 | C12: 1 | D12: 7 | E12: 알바생 NPC와 대화하고 이상 현상 뉴스 확인하기 | F12: 재입고 설명 중 편의점 TV의 짧은 정전·지반 흔들림 속보와 매장 조명 깜빡임이 겹쳐 필요한 정보와 이상 징후가 분산됨 | G12: 알바생의 재입고 설명을 확인한 뒤 TV 자막과 조명 변화를 관찰해 단순 사고로 보도되는 첫 이상 현상을 기억함 | H12: 1/10 – 대사와 배경 연출이 동시에 진행되는 정보량이 난이도를 결정함 | I12: 3 | J12: 재입고 시간·물류 트럭 정보와 이상 현상 뉴스 확인 | K12: - | L12: 30초 | M12: TV 자막을 잠시 고정하고 조명 변화 직전 효과음 제공 | N12: 0.002662037 | O12: 1-B | 편의점 | P12: 3 | Q12: 28 | S12: 30초 | T12: 25초 | U12: 25초
A13: 1 | 평범한 하루 | B13: 11 | C13: 2 | D13: 8 | E13: 골목에서 들리는 예쁜 고양이 울음소리 확인하기 | F13: 심부름 목적지가 따로 있어 작은 울음소리를 무시하고 지나칠 수 있음 | G13: 편의점 주변에서 반복되는 울음소리와 골목 그림자를 확인하되 조사하지 않고 진행할 수도 있음 | H13: 2/10 – 발견 여부와 선택에 따라 진행이 달라짐 | I13: 2 | J13: 울음소리가 들리는 골목 위치 확인 또는 선택적으로 지나침 | K13: - | L13: 50초 | M13: 자동 등록하지 않고 소리·행동·오브젝트로만 암시 | N13: 0.0032407407 | O13: 1-B | 편의점·고양이 선택 | P13: 3 | Q13: 31 | S13: 50초 | T13: 45초 | U13: 40초 | Y13: 서브 퀘스트 : 예쁜 고양이 인연 1단계 발견
A14: 1 | 평범한 하루 | B14: 12 | C14: 2 | D14: 8 | E14: 편의점에서 츄르 4개입 세트 구매하기 | F14: 구매 메뉴에는 심부름 물품 외에도 여러 상품이 있어 츄르를 직접 찾아야 함 | G14: 알바생 대화 후 ‘물건 구매하기’를 선택하고 반려동물 간식 칸에서 츄르 4개입을 구매함 | H14: 2/10 – 발견 여부와 선택에 따라 진행이 달라짐 | I14: 2 | J14: 츄르 4개입 세트 구매 완료 | K14: - | L14: 50초 | M14: 자동 등록하지 않고 소리·행동·오브젝트로만 암시 | N14: 0.0038194444 | O14: 1-B | 편의점·고양이 선택 | P14: 3 | Q14: 34 | S14: 50초 | T14: 45초 | U14: 40초 | Y14: 서브 퀘스트 : 이후 예쁜 고양이 인연 콘텐츠 4회 수행 가능
A15: 1 | 평범한 하루 | B15: 13 | C15: 2 | D15: 8 | E15: 예쁜 고양이에게 첫 번째 츄르 건네기 | F15: 예쁜 고양이는 처음 만난 차한해를 경계해 바로 가까이 오지 않음 | G15: 일정 거리에 츄르를 내려놓고 뒤로 물러난 뒤 고양이가 스스로 다가올 때까지 기다림 | H15: 2/10 – 발견 여부와 선택에 따라 진행이 달라짐 | I15: 2 | J15: 예쁜 고양이가 츄르를 먹고 도망가지 않은 채 차한해를 바라봄 | K15: - | L15: 50초 | M15: 자동 등록하지 않고 소리·행동·오브젝트로만 암시 | N15: 0.0043981481 | O15: 1-B | 편의점·고양이 선택 | P15: 3 | Q15: 37 | S15: 50초 | T15: 45초 | U15: 40초 | W15: [예쁜 고양이] +25% 선택 (최대 누적 25%) | Y15: 츄르 보유 시 수행 예쁜 고양이 인연 +25%
A16: 1 | 평범한 하루 | B16: 14 | C16: 2 | D16: 5 | E16: 다이소로 이동하기 | F16: 갈림길과 주변 상호작용 오브젝트 때문에 목적지 방향을 놓칠 수 있음 | G16: 표지판·미니맵·NPC 이동 방향을 확인하며 편의점에서 다이소까지 이동함 | H16: 2/10 – 맵 크기·갈림길 수·목적지 표식의 가시성이 난이도를 결정함 | I16: 1 | J16: 편의점에서 다이소의 도착 트리거에 진입 | K16: - | L16: 25초 | M16: 일정 시간 정체 시 목적지 방향 화살표 표시 | N16: 0.0046875 | O16: 1-C | 다이소 | P16: 3 | Q16: 40 | S16: 25초 | T16: 20초 | U16: 20초
A17: 1 | 평범한 하루 | B17: 15 | C17: 2 | D17: 6 | E17: 헤어롤 진열대 찾기 | F17: 비슷한 오브젝트와 진열대가 많아 목표 대상을 한 번에 찾기 어려움 | G17: 구역별 표지와 상품 외형을 비교하며 생활용품 코너의 헤어롤을 조사함 | H17: 2/10 – 후보 오브젝트 수·외형 유사도·탐색 범위가 난이도를 결정함 | I17: 5 | J17: 생활용품 코너의 헤어롤 발견 및 조사 완료 | K17: - | L17: 40초 | M17: 30초 이상 미발견 시 목표 구역에 약한 반짝임 표시 | N17: 0.005150463 | O17: 1-C | 다이소 | P17: 4 | Q17: 44 | S17: 40초 | T17: 30초 | U17: 30초
A18: 1 | 평범한 하루 | B18: 16 | C18: 1 | D18: 5 | E18: 헤어롤 구매하기 | F18: 구매 대상·수량·결제 순서를 잘못 선택할 수 있음 | G18: 요청받은 품목을 확인하고 상품 선택→계산대 상호작용→결제를 순서대로 진행함 | H18: 1/10 – 상품 후보 수·품목 유사도·구매 단계 수가 난이도를 결정함 | I18: 3 | J18: 헤어롤 1개 구매 후 인벤토리에 등록 | K18: 잘못된 품목 구매 시 다시 선택해야 함 | L18: 20초 | M18: 요청 품목에 작은 임무 아이콘 표시 | N18: 0.0053819444 | O18: 1-C | 다이소 | P18: 3 | Q18: 47 | S18: 20초 | T18: 20초 | U18: 20초
A19: 1 | 평범한 하루 | B19: 17 | C19: 2 | D19: 5 | E19: 영화관으로 이동하기 | F19: 갈림길과 주변 상호작용 오브젝트 때문에 목적지 방향을 놓칠 수 있음 | G19: 표지판·미니맵·NPC 이동 방향을 확인하며 다이소에서 영화관까지 이동함 | H19: 2/10 – 맵 크기·갈림길 수·목적지 표식의 가시성이 난이도를 결정함 | I19: 1 | J19: 다이소에서 영화관의 도착 트리거에 진입 | K19: - | L19: 35초 | M19: 일정 시간 정체 시 목적지 방향 화살표 표시 | N19: 0.005787037 | O19: 1-D | 영화관 | P19: 3 | Q19: 50 | S19: 35초 | T19: 30초 | U19: 30초
A20: 1 | 평범한 하루 | B20: 18 | C20: 2 | D20: 5 | E20: 팝콘 구매하기 | F20: 구매 대상·수량·결제 순서를 잘못 선택할 수 있음 | G20: 요청받은 품목을 확인하고 상품 선택→계산대 상호작용→결제를 순서대로 진행함 | H20: 2/10 – 상품 후보 수·품목 유사도·구매 단계 수가 난이도를 결정함 | I20: 3 | J20: 동생이 지정한 팝콘 구매 후 인벤토리에 등록 | K20: 잘못된 품목 구매 시 다시 선택해야 함 | L20: 30초 | M20: 요청 품목에 작은 임무 아이콘 표시 | N20: 0.0061342593 | O20: 1-D | 영화관 | P20: 3 | Q20: 53 | S20: 30초 | T20: 30초 | U20: 30초
A21: 1 | 평범한 하루 | B21: 19 | C21: 2 | D21: 8 | E21: 치킨집 앞 두 손님의 주문 대화 엿듣기 | F21: 힙한 여성과 청순한 친구가 서로 다른 주문을 말해 실제 주문 내용을 파악하기 어려움 | G21: 대화에서 치킨 종류·소스·음료·추가 요청을 구분해 기억함 | H21: 2/10 – 발견 여부와 선택에 따라 진행이 달라짐 | I21: 2 | J21: 두 손님의 최종 주문 항목 확인 | K21: - | L21: 50초 | M21: 자동 등록하지 않고 소리·행동·오브젝트로만 암시 | N21: 0.006712963 | O21: 1-E | 치킨집 알바 서브 | P21: 3 | Q21: 56 | S21: 50초 | T21: 45초 | U21: 40초 | Y21: 서브 퀘스트 : 치킨집 알바하기
A22: 1 | 평범한 하루 | B22: 20 | C22: 2 | D22: 8 | E22: 바쁜 치킨집 직원의 도움 요청 확인하기 | F22: 밀린 주문과 손님 대화가 겹쳐 직원의 부탁을 놓칠 수 있음 | G22: 카운터 직원의 호출을 확인하고 잠시 포장을 도울지 선택함 | H22: 2/10 – 발견 여부와 선택에 따라 진행이 달라짐 | I22: 2 | J22: 도움 요청 대화 확인 | K22: - | L22: 50초 | M22: 자동 등록하지 않고 소리·행동·오브젝트로만 암시 | N22: 0.0072916667 | O22: 1-E | 치킨집 알바 서브 | P22: 3 | Q22: 59 | S22: 50초 | T22: 45초 | U22: 40초 | Y22: 알바를 거절하면 서브 퀘스트 종료
A23: 1 | 평범한 하루 | B23: 21 | C23: 1 | D23: 8 | E23: 치킨집 알바를 도울지 선택하기 | F23: 동생 심부름 일정과 직원의 부탁 사이에서 선택해야 함 | G23: ‘돕는다’ 또는 ‘심부름을 계속한다’를 선택하며 거절해도 메인 진행에는 영향이 없음 | H23: 2/10 – 핵심 정보와 감정의 연결을 이해해야 함 | I23: 2 | J23: 알바 수락 또는 거절 선택 완료 | K23: - | L23: 45초 | M23: 핵심 문장 강조·대화 다시 보기·선택 시간 제한 없음 | N23: 0.0078125 | O23: 1-E | 치킨집 알바 서브 | P23: 4 | Q23: 63 | S23: 45초 | T23: 40초 | U23: 35초 | Y23: 수락 시 포장 미니게임 해금
A24: 1 | 평범한 하루 | B24: 22 | C24: 4 | D24: 8 | E24: 주문표의 치킨·소스·음료 확인하기 | F24: 여러 주문표가 동시에 놓여 있어 주문 번호와 구성품을 혼동하기 쉬움 | G24: 주문 번호를 기준으로 치킨 종류·무·소스·음료 수량을 순서대로 확인함 | H24: 4/10 – 순서·수량·제한시간을 함께 확인해야 함 | I24: 5 | J24: 선택한 주문표의 필수 항목 5개 확인 | K24: 오답 누적 시 현재 단계부터 다시 진행 | L24: 2분 | M24: 오답 항목 강조·반복 실패 시 제한시간 완화 | N24: 0.0092013889 | O24: 1-E | 치킨집 알바 서브 | P24: 6 | Q24: 69 | S24: 2분 | T24: 1분 40초 | U24: 1분 20초
A25: 1 | 평범한 하루 | B25: 23 | C25: 4 | D25: 8 | E25: 주문에 맞게 치킨 포장하기 | F25: 힙한 여성과 친구가 주문을 번복하는 대사를 해 현재 확정된 구성과 혼동을 줌 | G25: 확정 주문표만 기준으로 상자·무·소스·음료를 올바른 포장 칸에 넣음 | H25: 4/10 – 순서·수량·제한시간을 함께 확인해야 함 | I25: 5 | J25: 주문 구성품 5종을 모두 올바르게 포장 | K25: 오답 누적 시 현재 단계부터 다시 진행 | L25: 2분 | M25: 오답 항목 강조·반복 실패 시 제한시간 완화 | N25: 0.010590278 | O25: 1-E | 치킨집 알바 서브 | P25: 6 | Q25: 75 | S25: 2분 | T25: 1분 40초 | U25: 1분 20초
A26: 1 | 평범한 하루 | B26: 24 | C26: 4 | D26: 8 | E26: 잘못 포장된 주문 수정하기 | F26: 다른 주문의 소스와 음료가 섞여 있어 오류 항목만 찾아 교체해야 함 | G26: 완성된 포장과 주문표를 대조해 잘못 들어간 구성품을 제거하고 올바르게 바꿈 | H26: 4/10 – 순서·수량·제한시간을 함께 확인해야 함 | I26: 5 | J26: 오포장 항목 전부 수정 | K26: 오답 누적 시 현재 단계부터 다시 진행 | L26: 1분 30초 | M26: 오답 항목 강조·반복 실패 시 제한시간 완화 | N26: 0.011631944 | O26: 1-E | 치킨집 알바 서브 | P26: 6 | Q26: 81 | S26: 1분 30초 | T26: 1분 15초 | U26: 1분
A27: 1 | 평범한 하루 | B27: 25 | C27: 2 | D27: 8 | E27: 손님에게 주문 전달하고 알바 보상 받기 | F27: 주문 번호가 비슷한 두 손님 중 올바른 사람에게 전달해야 함 | G27: 주문 대화에서 확인한 특징과 번호를 대조해 포장된 치킨을 전달함 | H27: 2/10 – 발견 여부와 선택에 따라 진행이 달라짐 | I27: 2 | J27: 올바른 손님에게 주문 전달 및 알바비·감사 대사 획득 | K27: - | L27: 50초 | M27: 자동 등록하지 않고 소리·행동·오브젝트로만 암시 | N27: 0.012210648 | O27: 1-E | 치킨집 알바 서브 | P27: 3 | Q27: 84 | S27: 50초 | T27: 45초 | U27: 40초 | Y27: 서브 퀘스트 완료 보상·추가 코미디 대화
A28: 1 | 평범한 하루 | B28: 26 | C28: 1 | D28: 8 | E28: 편의점 물류 트럭과 꺼지는 가로등 발견하기 | F28: 물류 트럭이 지나가는 순간 도로의 가로등이 이동 방향을 따라 차례로 꺼져 트럭과 이상 현상을 동시에 놓칠 수 있음 | G28: 카메라 이동과 효과음을 따라 물류 트럭을 확인하고 뒤이어 꺼지는 가로등의 순서를 관찰함 | H28: 1/10 – 대상 노출 시간·가로등 소등 속도·시선 유도 강도가 난이도를 결정함 | I28: 2 | J28: 편의점 물류 트럭과 이동 방향을 따라 꺼지는 가로등 확인 | K28: 대상을 놓치면 짧은 연출이 다시 재생됨 | L28: 15초 | M28: 트럭 등장 직전 효과음과 첫 번째 가로등에 화면 가장자리 표시 | N28: 0.012384259 | O28: 1-D | 영화관 | P28: 3 | Q28: 87 | S28: 15초 | T28: 10초 | U28: 10초
A29: 1 | 평범한 하루 | B29: 27 | C29: 3 | D29: 7 | E29: 배송 상자의 재입고 표식 기억하기 | F29: 움직이는 트럭의 적재함이 잠깐 열리며 비슷한 상자 표식이 동시에 노출됨 | G29: 상자의 줄무늬·색 띠·배송 코드를 순서대로 기억해 편의점 재입고 상자를 판별함 | H29: 3/10 – 표식 노출 시간·유사 표식 수·기억해야 할 순서가 난이도를 결정함 | I29: 3 | J29: 재입고 상자 표식 3개를 순서대로 선택 | K29: 오답 3회 시 트럭 등장 연출부터 다시 확인 | L29: 30초 | M29: 첫 시도에는 표식을 순차적으로 확대하고 오답 후 다른 표식 하나를 제거 | N29: 0.012731481 | O29: 1-E | 편의점 재입고 | P29: 4 | Q29: 91 | S29: 30초 | T29: 25초 | U29: 25초
A30: 1 | 평범한 하루 | B30: 28 | C30: 5 | D30: 8 | E30: 편의점 물류 트럭 따라가기 | F30: 대상이 빠르게 이동하고 시민과 건물이 시야를 가려 추적이 끊길 수 있음 | G30: 목표 아이콘과 도로 방향을 보며 허용 거리 안에서 물류 트럭을 따라감 | H30: 5/10 – 플레이어와 대상의 속도 차이·허용 거리·시야 차단물이 난이도를 결정함 | I30: 1 | J30: 허용 거리 안에서 추적 종료 지점 도착 | K30: 대상과 6초 이상 거리 초과 시 추격 구간 재시작 | L30: 35초 | M30: 실패 2회 후 대상 속도 감소 및 경로 화살표 표시 | N30: 0.013136574 | O30: 1-E | 편의점 재입고 | P30: 5 | Q30: 96 | S30: 35초 | T30: 30초 | U30: 30초
A31: 1 | 평범한 하루 | B31: 29 | C31: 5 | D31: 9 | E31: 골목 지름길의 장애물과 이상 진동 돌파하기 | F31: 보행자·자전거·배송 상자가 골목을 막는 동안 조명이 흔들리고 길고양이가 빈 벽을 경계해 이동 경로와 이상 징후가 동시에 제시됨 | G31: 장애물의 이동 방향을 예측해 지름길을 선택하고 고양이의 시선과 바닥 진동이 강해지는 벽면을 피해 이동함 | H31: 5/10 – 장애물 밀도·트럭과의 거리·이상 진동 구역·지름길 선택 시간이 난이도를 결정함 | I31: 6 | J31: 추적 거리 게이지를 유지하고 진동 구역을 피한 채 편의점 후문 도착 | K31: 거리 게이지가 0이 되거나 진동 구역에 3회 진입하면 골목 입구 체크포인트에서 재시작 | L31: 40초 | M31: 재시도마다 트럭 속도를 낮추고 고양이가 바라보는 위험 벽면을 짧게 강조 | N31: 0.013599537 | O31: 1-E | 편의점 재입고 | P31: 6 | Q31: 102 | S31: 40초 | T31: 30초 | U31: 30초
A32: 1 | 평범한 하루 | B32: 30 | C32: 4 | D32: 7 | E32: 신상 과자 오픈런 참가하기 | F32: 여러 NPC가 동시에 진열대로 이동해 접근 경로와 상호작용 위치가 막힘 | G32: 군중의 이동 방향을 예측하고 빈 공간으로 우회해 편의점 진열대 앞 군중에 접근함 | H32: 4/10 – 경쟁 NPC 수·충돌 범위·재고 수량·접근 가능 시간이 난이도를 결정함 | I32: 4 | J32: 재고가 남아 있을 때 목표 상품 상호작용 성공 | K32: 재고가 모두 소진되면 직전 체크포인트에서 재시도 | L32: 40초 | M32: 재시도 시 경쟁 NPC 수 1명 감소 | N32: 0.0140625 | O32: 1-E | 편의점 재입고 | P32: 5 | Q32: 107 | S32: 40초 | T32: 35초 | U32: 35초
A33: 1 | 평범한 하루 | B33: 31 | C33: 2 | D33: 5 | E33: 신상 과자 구매하기 | F33: 구매 대상·수량·결제 순서를 잘못 선택할 수 있음 | G33: 요청받은 품목을 확인하고 상품 선택→계산대 상호작용→결제를 순서대로 진행함 | H33: 2/10 – 상품 후보 수·품목 유사도·구매 단계 수가 난이도를 결정함 | I33: 3 | J33: 신상 과자 1봉 구매 후 인벤토리에 등록 | K33: 잘못된 품목 구매 시 다시 선택해야 함 | L33: 20초 | M33: 요청 품목에 작은 임무 아이콘 표시 | N33: 0.014293981 | O33: 1-E | 편의점 재입고 | P33: 3 | Q33: 110 | S33: 20초 | T33: 20초 | U33: 20초
A34: 1 | 평범한 하루 | B34: 32 | C34: 1 | D34: 5 | E34: 동생 연락 받기 | F34: 대화 속에 다음 목적지와 필요한 물품 정보가 섞여 있음 | G34: 강조되는 핵심 단어와 NPC의 요구를 확인하며 대화를 끝까지 진행함 | H34: 1/10 – 대사 길이·핵심 정보의 명확성·선택지 수가 난이도를 결정함 | I34: 1 | J34: 중고 거래 물품 수령 요청에 관한 대화를 마지막 문장까지 진행 | K34: - | L34: 20초 | M34: 대화 종료 후 핵심 내용을 화면 한쪽에 요약 표시 | N34: 0.014525463 | O34: 1-E | 편의점 재입고 | P34: 3 | Q34: 113 | S34: 20초 | T34: 20초 | U34: 20초 | W34: [차우선] +5% (누적 50%) | Y34: 차우선 인연 50% 이상 : 귀가 후 추가 통화 해금
A35: 1 | 평범한 하루 | B35: 33 | C35: 2 | D35: 5 | E35: 지하철역으로 이동하기 | F35: 갈림길과 주변 상호작용 오브젝트 때문에 목적지 방향을 놓칠 수 있음 | G35: 표지판·미니맵·NPC 이동 방향을 확인하며 편의점에서 지하철역 개찰구까지 이동함 | H35: 2/10 – 맵 크기·갈림길 수·목적지 표식의 가시성이 난이도를 결정함 | I35: 1 | J35: 편의점에서 지하철역 개찰구의 도착 트리거에 진입 | K35: - | L35: 40초 | M35: 일정 시간 정체 시 목적지 방향 화살표 표시 | N35: 0.014988426 | O35: 1-F | 지하철역 | P35: 3 | Q35: 116 | S35: 40초 | T35: 35초 | U35: 35초
A36: 1 | 평범한 하루 | B36: 34 | C36: 2 | D36: 7 | E36: 거래자 후보 3명 관찰하기 | F36: 중요한 단서가 여러 인물과 배경 오브젝트 사이에 분산되어 있음 | G36: 시선·행동·복장·주변 오브젝트를 순서대로 확인해 회색 후드 특징이 겹치는 세 명의 후보의 특징을 파악함 | H36: 2/10 – 관찰 대상 수·단서의 명확성·외형 유사도가 난이도를 결정함 | I36: 3 | J36: 필수 관찰 대상 모두 조사 | K36: - | L36: 30초 | M36: 필수 대상 위에 짧은 시선 유도 아이콘 표시 | N36: 0.015335648 | O36: 1-F | 지하철역 | P36: 4 | Q36: 120 | S36: 30초 | T36: 25초 | U36: 25초
A37: 1 | 평범한 하루 | B37: 35 | C37: 3 | D37: 8 | E37: 중고 거래자 찾기 | F37: 후보들이 공통 특징을 가지고 있어 한 가지 단서만으로는 구별할 수 없음 | G37: 복장·소지품·대화 반응을 함께 비교해 대화 단서와 복장 단서가 일치하는 거래자를 선택함 | H37: 3/10 – 후보 수·공통 특징 수·추가 단서의 명확성이 난이도를 결정함 | I37: 4 | J37: 올바른 거래자와 대화 시작 | K37: 오답 후보 선택 시 경계 대사가 출력되고 다시 선택 | L37: 40초 | M37: 오답 2회 후 확인하지 않은 단서 목록 표시 | N37: 0.015798611 | O37: 1-F | 지하철역 | P37: 5 | Q37: 125 | S37: 40초 | T37: 30초 | U37: 30초
A38: 1 | 평범한 하루 | B38: 36 | C38: 1 | D38: 5 | E38: 중고 거래 완료하기 | F38: 구매 대상·수량·결제 순서를 잘못 선택할 수 있음 | G38: 요청받은 품목을 확인하고 상품 선택→계산대 상호작용→결제를 순서대로 진행함 | H38: 1/10 – 상품 후보 수·품목 유사도·구매 단계 수가 난이도를 결정함 | I38: 3 | J38: 동생이 부탁한 중고 물품 구매 후 인벤토리에 등록 | K38: 잘못된 품목 구매 시 다시 선택해야 함 | L38: 25초 | M38: 요청 품목에 작은 임무 아이콘 표시 | N38: 0.016087963 | O38: 1-F | 지하철역 | P38: 3 | Q38: 128 | S38: 25초 | T38: 20초 | U38: 20초 | W38: [차우선] +5% (누적 55%)
A39: 1 | 평범한 하루 | B39: 37 | C39: 2 | D39: 8 | E39: 집으로 돌아가는 길에 공원의 섬광 확인하기 | F39: 축제 종료 공원 쪽에서 순간적인 보랏빛 섬광과 낮은 굉음이 발생하지만 주변 시민들은 전기 설비 사고로 여기고 지나침 | G39: 공원 방향 표지와 시민들의 시선을 따라 이동하며 섬광이 발생한 축제 종료 공원에 진입함 | H39: 2/10 – 목적지 탐색과 짧은 이상 연출의 위치 파악이 난이도를 결정함 | I39: 2 | J39: 보랏빛 섬광을 확인하고 축제 종료 공원의 도착 트리거에 진입 | K39: - | L39: 35초 | M39: 섬광 발생 순간 화면 밝기 변화와 방향성 있는 굉음 제공 | N39: 0.016493056 | O39: 1-G | 공원 전조 | P39: 4 | Q39: 132 | S39: 35초 | T39: 30초 | U39: 30초 | X39: 심부름 핵심 목표 3종 완료
A40: 2 | 금이 간 일상 | B40: 38 | C40: 1 | D40: 7 | E40: 축제 종료 현장과 남은 이상 징후 관찰하기 | F40: 떠나는 시민·쌓인 쓰레기·간헐적으로 깜빡이는 조명 사이에 섬광의 원인을 추정할 단서가 분산되어 있음 | G40: 시민의 행동과 쓰레기 상태를 살펴본 뒤 조명 깜빡임과 바닥의 미세한 떨림을 차례로 확인함 | H40: 1/10 – 관찰 대상 수·이상 징후의 미세함·단서 분산 정도가 난이도를 결정함 | I40: 5 | J40: 시민·쓰레기·조명·바닥 진동에 관한 필수 관찰 대상 확인 | K40: - | L40: 25초 | M40: 이상 징후가 발생할 때 효과음과 짧은 시선 유도 아이콘 표시 | N40: 0.016782407 | O40: 2-A | 공원 축제·청소 | P40: 3 | Q40: 135 | S40: 25초 | T40: 25초 | U40: 25초
A41: 2 | 금이 간 일상 | B41: 39 | C41: 1 | D41: 6 | E41: 아이가 쓰레기에 걸려 넘어질 뻔한 장면 목격하기 | F41: 짧은 연출 안에서 사건의 원인과 인물의 태도를 동시에 이해해야 함 | G41: 카메라가 강조하는 인물과 오브젝트를 보며 아이와 가족의 행동을 확인함 | H41: 1/10 – 연출 속도·동시에 제시되는 정보량이 난이도를 결정함 | I41: 1 | J41: 사건 연출 종료 | K41: - | L41: 15초 | M41: 핵심 오브젝트에 카메라 줌과 효과음 적용 | N41: 0.016956019 | O41: 2-A | 공원 축제·청소 | P41: 3 | Q41: 138 | S41: 15초 | T41: 15초 | U41: 15초
A42: 2 | 금이 간 일상 | B42: 40 | C42: 1 | D42: 5 | E42: 쓰레기를 치우기로 결정하기 | F42: 두 선택 모두 이후 상황에 영향을 주므로 감정적 판단 부담이 발생함 | G42: 현재 상황과 주인공의 독백을 확인한 뒤 공원을 지나갈지 쓰레기를 치울지 판단에 대한 행동을 결정함 | H42: 1/10 – 정보의 불완전성·결과 예측 가능성·감정적 부담이 난이도를 결정함 | I42: 1 | J42: 선택지 1개 확정 | K42: - | L42: 15초 | M42: 선택 직전 핵심 상황을 한 문장으로 다시 표시 | N42: 0.01712963 | O42: 2-A | 공원 축제·청소 | P42: 2 | Q42: =Q41+P42 -> 140 | S42: 15초 | T42: 15초 | U42: 15초
A43: 2 | 금이 간 일상 | B43: 41 | C43: 2 | D43: 5 | E43: 청소 도구 찾기 | F43: 비슷한 오브젝트와 진열대가 많아 목표 대상을 한 번에 찾기 어려움 | G43: 구역별 표지와 상품 외형을 비교하며 공원 관리함의 집게와 봉투를 조사함 | H43: 2/10 – 후보 오브젝트 수·외형 유사도·탐색 범위가 난이도를 결정함 | I43: 4 | J43: 공원 관리함의 집게와 봉투 발견 및 조사 완료 | K43: - | L43: 30초 | M43: 30초 이상 미발견 시 목표 구역에 약한 반짝임 표시 | N43: 0.017476852 | O43: 2-A | 공원 축제·청소 | P43: 3 | Q43: 143 | S43: 30초 | T43: 25초 | U43: 25초
A44: 2 | 금이 간 일상 | B44: 42 | C44: 4 | D44: 8 | E44: 바람에 날린 비닐봉지 추격하기 | F44: 돌풍이 불 때마다 비닐봉지의 방향이 바뀌고 사람과 벤치가 이동 경로를 막음 | G44: 바람 방향 표시와 봉지의 그림자를 보고 다음 착지 지점을 예측해 세 번 안에 붙잡음 | H44: 4/10 – 방향 전환 빈도·장애물 배치·포획 가능 시간이 난이도를 결정함 | I44: 3 | J44: 비닐봉지를 3번째 착지 이전에 회수 | K44: 공원 출구까지 날아가면 시작 지점에서 다시 추격 | L44: 25초 | M44: 실패 후 바람 방향 예고 시간을 늘리고 봉지 이동속도를 낮춤 | N44: 0.017766204 | O44: 2-A | 공원 축제·청소 | P44: 5 | Q44: 148 | S44: 25초 | T44: 20초 | U44: 20초
A45: 2 | 금이 간 일상 | B45: 43 | C45: 1 | D45: 5 | E45: 첫 쓰레기 줍기 | F45: 수거 대상과 배경 장식의 차이를 처음에는 구별하기 어려움 | G45: 반짝임 표시가 있는 산책로의 첫 쓰레기에 접근해 줍기 입력을 수행함 | H45: 1/10 – 대상 가시성·입력 단계 수가 난이도를 결정함 | I45: 3 | J45: 안내된 수거 행동 3회 완료 | K45: - | L45: 20초 | M45: 수거 대상 반짝임과 상호작용 범위를 크게 설정 | N45: 0.017997685 | O45: 2-A | 공원 축제·청소 | P45: 3 | Q45: 151 | S45: 20초 | T45: 20초 | U45: 20초
A46: 2 | 금이 간 일상 | B46: 44 | C46: 2 | D46: 6 | E46: 잔디 구역 쓰레기 수거하기 | F46: 쓰레기가 넓은 구역과 가려진 틈에 흩어져 있어 남은 대상을 찾기 어려움 | G46: 구역을 일정한 방향으로 순회하고 반짝임·잔여 개수 UI를 확인하며 잔디 구역 쓰레기 8개를 수거함 | H46: 2/10 – 목표 수량·배치 밀도·가림 오브젝트·탐색 범위가 난이도를 결정함 | I46: 8 | J46: 잔디 구역 쓰레기 8개 전부 수거 | K46: 필수 수량을 채우지 못하면 다음 구역 진행 불가 | L46: 1분 | M46: 60초 이상 미발견 시 가장 가까운 미수거 대상 방향 표시 | N46: 0.01869213 | O46: 2-A | 공원 축제·청소 | P46: 5 | Q46: 156 | S46: 1분 | T46: 50초 | U46: 50초
A47: 2 | 금이 간 일상 | B47: 45 | C47: 2 | D47: 6 | E47: 산책로 쓰레기 수거하기 | F47: 쓰레기가 넓은 구역과 가려진 틈에 흩어져 있어 남은 대상을 찾기 어려움 | G47: 구역을 일정한 방향으로 순회하고 반짝임·잔여 개수 UI를 확인하며 산책로 쓰레기 7개를 수거함 | H47: 2/10 – 목표 수량·배치 밀도·가림 오브젝트·탐색 범위가 난이도를 결정함 | I47: 7 | J47: 산책로 쓰레기 7개 전부 수거 | K47: 필수 수량을 채우지 못하면 다음 구역 진행 불가 | L47: 55초 | M47: 60초 이상 미발견 시 가장 가까운 미수거 대상 방향 표시 | N47: 0.019328704 | O47: 2-A | 공원 축제·청소 | P47: 4 | Q47: 160 | S47: 55초 | T47: 45초 | U47: 45초
A48: 2 | 금이 간 일상 | B48: 46 | C48: 2 | D48: 8 | E48: 쓰레기 더미 근처 예쁜 고양이 울음 확인하기 | F48: 필수 청소 구역 밖에서 울음소리가 들려 플레이어가 모른 채 지나갈 수 있음 | G48: 깨진 유리와 빈 캔 사이에서 몸을 웅크린 예쁜 고양이를 선택적으로 발견함 | H48: 2/10 – 발견 여부와 선택에 따라 진행이 달라짐 | I48: 2 | J48: 예쁜 고양이와 위험한 쓰레기 위치 확인 | K48: - | L48: 50초 | M48: 자동 등록하지 않고 소리·행동·오브젝트로만 암시 | N48: 0.019907407 | O48: 2-A | 공원 축제·청소 | P48: 3 | Q48: 163 | S48: 50초 | T48: 45초 | U48: 40초 | Y48: 서브 퀘스트 : 예쁜 고양이 인연 2단계
A49: 2 | 금이 간 일상 | B49: 47 | C49: 2 | D49: 8 | E49: 예쁜 고양이가 지나갈 안전한 길 만들기 | F49: 깨진 유리·찌그러진 캔·비닐 끈이 고양이 이동 경로를 막고 있음 | G49: 위험 쓰레기를 종류별로 치우고 고양이가 빠져나올 수 있는 좁은 통로를 확보함 | H49: 2/10 – 발견 여부와 선택에 따라 진행이 달라짐 | I49: 2 | J49: 위험 쓰레기 5개 제거 및 안전 통로 확보 | K49: - | L49: 50초 | M49: 자동 등록하지 않고 소리·행동·오브젝트로만 암시 | N49: 0.020486111 | O49: 2-A | 공원 축제·청소 | P49: 3 | Q49: 166 | S49: 50초 | T49: 45초 | U49: 40초 | Y49: 첫 만남 완료 시 수행 가능
A50: 2 | 금이 간 일상 | B50: 48 | C50: 2 | D50: 8 | E50: 예쁜 고양이에게 두 번째 츄르 건네기 | F50: 청소 소음 때문에 고양이가 다시 경계해 접근 속도가 느림 | G50: 안전해진 통로 끝에 츄르를 놓고 고양이가 차한해 가까이에서 먹도록 기다림 | H50: 2/10 – 발견 여부와 선택에 따라 진행이 달라짐 | I50: 2 | J50: 두 번째 츄르 급여 완료 | K50: - | L50: 50초 | M50: 자동 등록하지 않고 소리·행동·오브젝트로만 암시 | N50: 0.021064815 | O50: 2-A | 공원 축제·청소 | P50: 3 | Q50: 169 | S50: 50초 | T50: 45초 | U50: 40초 | W50: [예쁜 고양이] +25% 선택 (최대 누적 50%) | Y50: 츄르 보유 시 수행 예쁜 고양이 인연 +25%
A51: 2 | 금이 간 일상 | B51: 49 | C51: 3 | D51: 6 | E51: 벤치 주변 쓰레기 수거하기 | F51: 쓰레기가 넓은 구역과 가려진 틈에 흩어져 있어 남은 대상을 찾기 어려움 | G51: 구역을 일정한 방향으로 순회하고 반짝임·잔여 개수 UI를 확인하며 벤치와 가려진 틈의 쓰레기 6개를 수거함 | H51: 3/10 – 목표 수량·배치 밀도·가림 오브젝트·탐색 범위가 난이도를 결정함 | I51: 6 | J51: 벤치와 가려진 틈의 쓰레기 6개 전부 수거 | K51: 필수 수량을 채우지 못하면 다음 구역 진행 불가 | L51: 50초 | M51: 60초 이상 미발견 시 가장 가까운 미수거 대상 방향 표시 | N51: 0.021643519 | O51: 2-A | 공원 축제·청소 | P51: 5 | Q51: 174 | S51: 50초 | T51: 40초 | U51: 40초
A52: 2 | 금이 간 일상 | B52: 50 | C52: 1 | D52: 5 | E52: 한도윤과 대화하기 | F52: 대화 속에 다음 목적지와 필요한 물품 정보가 섞여 있음 | G52: 강조되는 핵심 단어와 NPC의 요구를 확인하며 대화를 끝까지 진행함 | H52: 1/10 – 대사 길이·핵심 정보의 명확성·선택지 수가 난이도를 결정함 | I52: 1 | J52: 혼자 청소하는 이유와 도움 제안에 관한 대화를 마지막 문장까지 진행 | K52: - | L52: 35초 | M52: 대화 종료 후 핵심 내용을 화면 한쪽에 요약 표시 | N52: 0.022048611 | O52: 2-A | 공원 축제·청소 | P52: 3 | Q52: 177 | S52: 35초 | T52: 30초 | U52: 30초 | W52: [한도윤] 기준 75%
A53: 2 | 금이 간 일상 | B53: 51 | C53: 2 | D53: 5 | E53: 한도윤과 구역 분담하기 | F53: 동료가 담당하는 구역과 플레이어 구역이 겹치면 불필요한 이동이 발생함 | G53: 대화에서 정한 담당 구역을 확인하고 서로 다른 공원 구역를 순서대로 처리함 | H53: 2/10 – 구역 수·동료 행동 예측 가능성·이동 동선이 난이도를 결정함 | I53: 4 | J53: 플레이어 담당 구역의 목표 수량 달성 | K53: - | L53: 45초 | M53: 미니맵에 담당 구역을 서로 다른 테두리로 표시 | N53: 0.022569444 | O53: 2-A | 공원 축제·청소 | P53: 4 | Q53: 181 | S53: 45초 | T53: 45초 | U53: 45초 | W53: [한도윤] +5% (누적 80%)
A54: 2 | 금이 간 일상 | B54: 52 | C54: 4 | D54: 8 | E54: 청소 콤보 유지하기 | F54: 서로 다른 쓰레기를 연속으로 정확히 주워야 콤보가 유지되며 잘못 집으면 게이지가 초기화됨 | G54: 가까운 쓰레기의 종류와 다음 분리수거 위치를 미리 확인해 이동 동선을 끊지 않고 수거함 | H54: 4/10 – 콤보 유지 시간·쓰레기 간 거리·오분류 페널티가 난이도를 결정함 | I54: 12 | J54: 정확 수거 콤보 12회를 달성 | K54: 오분류 시 콤보만 초기화되고 수거 진행도는 유지 | L54: 1분 5초 | M54: 콤보 실패 후 다음 3개 쓰레기의 분류 아이콘을 미리 표시 | N54: 0.023321759 | O54: 2-A | 공원 축제·청소 | P54: 6 | Q54: 187 | S54: 1분 5초 | T54: 55초 | U54: 55초
A55: 2 | 금이 간 일상 | B55: 53 | C55: 2 | D55: 7 | E55: 우정 반지와 검은 흔적 단서 발견하기 | F55: 작은 반지 단서와 쓰레기 아래의 검은 흔적이 배경에 섞여 일반 수거물이나 오염 자국으로 오인하기 쉬움 | G55: 반지의 형태와 주변 대사를 확인한 뒤 반지 아래에서 퍼지는 검은 흔적을 별도 조사함 | H55: 2/10 – 단서 크기·배경 대비·검은 흔적의 노출 시간이 난이도를 결정함 | I55: 4 | J55: 우정 반지 단서와 쓰레기 아래의 검은 흔적 조사 | K55: 단서를 버리려 하면 경고 후 행동 취소 | L55: 30초 | M55: 반지와 검은 흔적에 서로 다른 약한 빛·파동 효과 적용 | N55: 0.023668981 | O55: 2-A | 공원 축제·청소 | P55: 4 | Q55: 191 | S55: 30초 | T55: 25초 | U55: 25초
A56: 2 | 금이 간 일상 | B56: 54 | C56: 4 | D56: 8 | E56: 발자국과 스티커 단서 대조하기 | F56: 비슷한 운동화 자국과 축제 스티커가 여러 방향으로 이어져 잘못된 동선을 선택하기 쉬움 | G56: 반지에 묻은 흙·신발 자국·가방 스티커를 비교해 중학생이 지나간 경로를 좁힘 | H56: 4/10 – 후보 경로 수·단서 유사도·비교 단계 수가 난이도를 결정함 | I56: 4 | J56: 세 단서를 연결해 올바른 탐색 구역 선택 | K56: 오답 경로 선택 시 불필요한 탐색 시간이 추가됨 | L56: 40초 | M56: 오답 후 일치하지 않는 단서 하나에 취소 표시 | N56: 0.024131944 | O56: 2-A | 공원 축제·청소 | P56: 5 | Q56: 196 | S56: 40초 | T56: 35초 | U56: 35초
A57: 2 | 금이 간 일상 | B57: 55 | C57: 3 | D57: 7 | E57: 우정 반지 찾기 | F57: 목표물이 작고 수거 가능한 쓰레기 사이에 섞여 있어 탐색 부담이 큼 | G57: 마지막 목격 위치와 반짝임 주기를 이용해 쓰레기 사이에 섞인 작은 반지를 찾음 | H57: 3/10 – 목표물 크기·탐색 범위·가짜 후보 수가 난이도를 결정함 | I57: 5 | J57: 쓰레기 사이에 섞인 작은 반지 발견 후 획득 | K57: - | L57: 55초 | M57: 90초 이상 미발견 시 탐색 범위를 단계적으로 축소 | N57: 0.024768519 | O57: 2-A | 공원 축제·청소 | P57: 5 | Q57: 201 | S57: 55초 | T57: 45초 | U57: 45초 | Y57: 우정 반지 단서 확보 : 폐교 기억 대화 1종 해금
A58: 2 | 금이 간 일상 | B58: 56 | C58: 1 | D58: 8 | E58: 중학생에게 반지 전달하기 | F58: 비슷한 복장의 NPC가 있어 물건의 주인을 잘못 선택할 수 있음 | G58: 의뢰 대사와 위치를 확인한 뒤 반지의 주인에게 전달함 | H58: 1/10 – NPC 후보 수·위치 이동 여부·의뢰 단서 명확성이 난이도를 결정함 | I58: 2 | J58: 올바른 NPC에게 물품 전달 | K58: 오답 NPC 선택 시 전달이 취소되고 다시 선택 | L58: 25초 | M58: 의뢰 NPC 머리 위에 약한 대화 아이콘 표시 | N58: 0.02505787 | O58: 2-A | 공원 축제·청소 | P58: 3 | Q58: 204 | S58: 25초 | T58: 20초 | U58: 20초
A59: 2 | 금이 간 일상 | B59: 57 | C59: 2 | D59: 8 | E59: 남은 쓰레기와 갑작스러운 공원 정적 확인하기 | F59: 잔여 쓰레기를 확인하는 순간 새들이 한꺼번에 날아가고 휴대전화 통신이 끊겨 미완료 항목과 이상 징후를 함께 확인해야 함 | G59: 잔여 수량과 구역 상태를 점검하면서 새가 날아간 방향·멈춘 배경음·통신 불가 표시를 확인함 | H59: 2/10 – 점검 항목 수·이상 징후의 동시 발생·정보 분산 정도가 난이도를 결정함 | I59: 5 | J59: 잔여 수량 0·오류 항목 0 및 공원 정적·통신 장애 확인 | K59: 조건 미달 시 완료 상호작용이 비활성화됨 | L59: 30초 | M59: 배경음을 단계적으로 줄이고 통신 불가 아이콘을 화면에 고정 표시 | N59: 0.025405093 | O59: 2-A | 공원 축제·청소 | P59: 4 | Q59: 208 | S59: 30초 | T59: 25초 | U59: 25초 | X59: 공원 청소 구역·반지 전달 완료
A60: 2 | 금이 간 일상 | B60: 58 | C60: 3 | D60: 8 | E60: 진동이 커지는 분리수거장으로 이동하기 | F60: 분리수거장에 가까워질수록 바닥 진동과 금속 마찰음이 강해져 목적지 방향과 위험 구역을 동시에 판단해야 함 | G60: 표지판과 진동의 세기를 비교하며 갈라진 바닥과 흔들리는 수거함을 피해 분리수거장까지 이동함 | H60: 3/10 – 진동 구역 수·시야 흔들림·목적지 표식의 가시성이 난이도를 결정함 | I60: 3 | J60: 진동 구역을 피해 분리수거장의 도착 트리거에 진입 | K60: 진동 구역에 3회 진입하면 공원 입구 체크포인트에서 재시작 | L60: 20초 | M60: 위험 바닥의 파동을 강조하고 실패 후 안전 경로를 표시 | N60: 0.025636574 | O60: 2-B | 분리수거장 | P60: 4 | Q60: 212 | S60: 20초 | T60: 20초 | U60: 20초
A61: 2 | 금이 간 일상 | B61: 59 | C61: 2 | D61: 6 | E61: 일반쓰레기 분류하기 | F61: 외형이 비슷하거나 내용물이 남은 쓰레기는 분류 기준을 혼동하기 쉬움 | G61: 재질·오염 여부·남은 내용물을 확인하고 일반쓰레기 8개를 올바른 수거함에 넣음 | H61: 2/10 – 분류 종류 수·외형 유사도·오답 허용 횟수가 난이도를 결정함 | I61: 8 | J61: 일반쓰레기 8개 전부 올바르게 분류 | K61: 오분류 5회 누적 시 해당 분류 단계 재시작 | L61: 50초 | M61: 오답 2회 후 분류 기준 그림 표시 | N61: 0.026215278 | O61: 2-B | 분리수거장 | P61: 4 | Q61: 216 | S61: 50초 | T61: 40초 | U61: 40초
A62: 2 | 금이 간 일상 | B62: 60 | C62: 3 | D62: 7 | E62: 재활용품 분류하기 | F62: 외형이 비슷하거나 내용물이 남은 쓰레기는 분류 기준을 혼동하기 쉬움 | G62: 재질·오염 여부·남은 내용물을 확인하고 플라스틱·캔·종이 10개를 올바른 수거함에 넣음 | H62: 3/10 – 분류 종류 수·외형 유사도·오답 허용 횟수가 난이도를 결정함 | I62: 10 | J62: 플라스틱·캔·종이 10개 전부 올바르게 분류 | K62: 오분류 5회 누적 시 해당 분류 단계 재시작 | L62: 1분 5초 | M62: 오답 2회 후 분류 기준 그림 표시 | N62: 0.026967593 | O62: 2-B | 분리수거장 | P62: 5 | Q62: 221 | S62: 1분 5초 | T62: 55초 | U62: 55초
A63: 2 | 금이 간 일상 | B63: 61 | C63: 3 | D63: 7 | E63: 오염된 쓰레기 분류하기 | F63: 외형이 비슷하거나 내용물이 남은 쓰레기는 분류 기준을 혼동하기 쉬움 | G63: 재질·오염 여부·남은 내용물을 확인하고 내용물이 남거나 오염된 쓰레기 6개를 올바른 수거함에 넣음 | H63: 3/10 – 분류 종류 수·외형 유사도·오답 허용 횟수가 난이도를 결정함 | I63: 6 | J63: 내용물이 남거나 오염된 쓰레기 6개 전부 올바르게 분류 | K63: 오분류 5회 누적 시 해당 분류 단계 재시작 | L63: 55초 | M63: 오답 2회 후 분류 기준 그림 표시 | N63: 0.027604167 | O63: 2-B | 분리수거장 | P63: 5 | Q63: 226 | S63: 55초 | T63: 45초 | U63: 45초
A64: 2 | 금이 간 일상 | B64: 62 | C64: 5 | D64: 8 | E64: 분리수거 라인 막힘 해소하기 | F64: 한꺼번에 들어온 쓰레기로 컨베이어가 막히고 오염물이 다른 분류함으로 번짐 | G64: 막힘 원인을 먼저 제거한 뒤 제한 시간 동안 재활용·일반·세척 대상을 우선순위대로 분류함 | H64: 5/10 – 동시 등장 수·오염 확산 속도·우선순위 판단이 난이도를 결정함 | I64: 10 | J64: 막힘 제거 후 쓰레기 10개를 오분류 없이 처리 | K64: 오염도 게이지가 최대가 되면 구간 시작부터 재시작 | L64: 50초 | M64: 재시도 시 컨베이어 속도를 낮추고 오염 확산 대상에 경고 테두리 표시 | N64: 0.02818287 | O64: 2-B | 분리수거장 | P64: 6 | Q64: 232 | S64: 50초 | T64: 40초 | U64: 40초
A65: 2 | 금이 간 일상 | B65: 63 | C65: 2 | D65: 9 | E65: 분리수거를 완료하고 바닥의 균열 흔적 확인하기 | F65: 마지막 쓰레기를 치운 뒤 수거함 아래에서 검은 선이 퍼지지만 오염 자국과 비슷해 균열 전조임을 놓칠 수 있음 | G65: 잔여 수량과 오분류 여부를 점검한 뒤 수거함을 움직여 바닥의 검은 선과 미세한 빛을 조사함 | H65: 2/10 – 검사 항목 수·흔적의 가시성·연출 발생 시점이 난이도를 결정함 | I65: 4 | J65: 잔여 수량 0·오류 항목 0 및 바닥의 균열 흔적 조사 | K65: 조건 미달 시 완료 상호작용이 비활성화됨 | L65: 20초 | M65: 미완료 구역을 표시하고 완료 후 수거함 아래의 검은 선을 단계적으로 밝힘 | N65: 0.028414352 | O65: 2-B | 분리수거장 | P65: 5 | Q65: 237 | S65: 20초 | T65: 20초 | U65: 20초 | X65: 분리수거 4단계 완료
A66: 2 | 금이 간 일상 | B66: 64 | C66: 1 | D66: 10 | E66: 도덕 균열이 열리는 순간 목격하기 | F66: 분리수거장 바닥의 검은 선이 급격히 벌어지고 주변 시민이 몰려들어 균열과 사람들의 반응을 동시에 이해해야 함 | G66: 카메라가 강조하는 바닥·한해의 반응·구경하는 시민을 보며 도덕 균열이 현실 공간에 열리는 과정을 확인함 | H66: 1/10 – 연출 속도·동시에 제시되는 정보량·카메라 전환이 난이도를 결정함 | I66: 2 | J66: 균열 개방 연출과 한해·시민의 반응 확인 | K66: - | L66: 15초 | M66: 균열 중심에 카메라 줌을 적용하고 시민 반응을 순서대로 노출 | N66: 0.028587963 | O66: 2-C | 균열 전조·첫 조우 | P66: 4 | Q66: 241 | S66: 15초 | T66: 15초 | U66: 15초
A67: 2 | 금이 간 일상 | B67: 65 | C67: 2 | D67: 7 | E67: 균열 주변 스마트폰과 카메라가 먹통 되는 현상 확인하기 | F67: 균열을 촬영하려 하면 화면이 깨지고 저장 파일도 손상되어 현상을 기록하기 어려움 | G67: 스마트폰·카메라·통화 기능을 차례로 시험해 균열과 거리에 따른 고장 범위를 확인함 | H67: 2/10 – 시각·음향 단서를 연결해야 함 | I67: 3 | J67: 전자기기 3종의 작동 불능 확인 | K67: - | L67: 40초 | M67: 중요 오브젝트 미세 점멸·정체 시 음향 방향 강화 | N67: 0.029050926 | O67: 2-C | 균열 최초 관측 | P67: 4 | Q67: 245 | S67: 40초 | T67: 35초 | U67: 30초
A68: 2 | 금이 간 일상 | B68: 66 | C68: 2 | D68: 7 | E68: 취재 장비와 드론이 고장 나는 장면 목격하기 | F68: 기자와 유튜버가 동시에 촬영을 시도해 원인이 장비 문제인지 균열 영향인지 구분하기 어려움 | G68: 드론 추락·카메라 종료·파일 손상을 순서대로 확인하며 공통 원인이 균열임을 파악함 | H68: 2/10 – 시각·음향 단서를 연결해야 함 | I68: 3 | J68: 취재 장비 이상 현상 3개 확인 | K68: - | L68: 40초 | M68: 중요 오브젝트 미세 점멸·정체 시 음향 방향 강화 | N68: 0.029513889 | O68: 2-C | 균열 최초 관측 | P68: 4 | Q68: 249 | S68: 40초 | T68: 35초 | U68: 30초
A69: 2 | 금이 간 일상 | B69: 67 | C69: 1 | D69: 8 | E69: 정부 통제선 설치와 균열 관측 중단 확인하기 | F69: 구경꾼이 몰리고 장비가 고장 나 안전 통제가 지연됨 | G69: 통제 요원의 안내를 따라 공원 밖으로 이동하며 관측 중단과 접근 금지 방송을 확인함 | H69: 2/10 – 핵심 정보와 감정의 연결을 이해해야 함 | I69: 2 | J69: 통제선 밖으로 이동 및 접근 금지 안내 확인 | K69: - | L69: 45초 | M69: 핵심 문장 강조·대화 다시 보기·선택 시간 제한 없음 | N69: 0.030034722 | O69: 2-C | 균열 최초 관측 | P69: 4 | Q69: 253 | S69: 45초 | T69: 40초 | U69: 35초
A70: 2 | 금이 간 일상 | B70: 68 | C70: 2 | D70: 5 | E70: 밤이 되자 잠잠해진 균열 확인하고 귀가하기 | F70: 균열이 아무 반응 없이 멈춰 위험이 끝난 것처럼 보이지만 정확한 원인은 알 수 없음 | G70: 마지막으로 균열의 빛과 주변 정적을 확인한 뒤 한도윤과 헤어져 집으로 돌아감 | H70: 2/10 – 목적지와 우회 동선을 파악해야 함 | I70: 1 | J70: 공원 이탈 및 귀가 완료 | K70: - | L70: 35초 | M70: 목적지 방향 표시·정체 시 우회 경로 안내 | N70: 0.030439815 | O70: 2-D | 균열 잠잠·귀가 | P70: 3 | Q70: 256 | S70: 35초 | T70: 30초 | U70: 25초
A71: 2 | 금이 간 일상 | B71: 69 | C71: 1 | D71: 8 | E71: 괴물이 나타나지 않은 균열 보도 확인하고 잠자기 | F71: 뉴스마다 균열을 재난·기상 현상·테러 등 다르게 추측해 정확한 정보를 알기 어려움 | G71: 보도에서 공통으로 확인된 전자기기 이상과 접근 금지 정보만 정리하고 잠듦 | H71: 2/10 – 핵심 정보와 감정의 연결을 이해해야 함 | I71: 2 | J71: 뉴스 확인 후 취침 | K71: - | L71: 45초 | M71: 핵심 문장 강조·대화 다시 보기·선택 시간 제한 없음 | N71: 0.030960648 | O71: 2-D | 균열 잠잠·귀가 | P71: 4 | Q71: 260 | S71: 45초 | T71: 40초 | U71: 35초
A72: 3 | 선택된 선의 | B72: 70 | C72: 1 | D72: 6 | E72: 새벽 재난 문자 확인하기 | F72: 재난 문자와 주변 효과음이 동시에 출력되어 핵심 행동을 놓칠 수 있음 | G72: 균열 인근 대피 안내의 대피 위치와 위험 지역을 먼저 확인함 | H72: 1/10 – 동시 정보량·경고 문구의 명확성이 난이도를 결정함 | I72: 2 | J72: 재난 문자 핵심 항목 확인 | K72: - | L72: 15초 | M72: 문자를 닫은 뒤 화면에 대피 목표를 고정 표시 | N72: 0.031134259 | O72: 3-A | 아파트 재난 | P72: 3 | Q72: 263 | S72: 15초 | T72: 15초 | U72: 15초
A73: 3 | 선택된 선의 | B73: 71 | C73: 2 | D73: 8 | E73: 가족 찾기 | F73: 대화 속에 다음 목적지와 필요한 물품 정보가 섞여 있음 | G73: 강조되는 핵심 단어와 NPC의 요구를 확인하며 대화를 끝까지 진행함 | H73: 2/10 – 대사 길이·핵심 정보의 명확성·선택지 수가 난이도를 결정함 | I73: 3 | J73: 부모와 동생에 관한 대화를 마지막 문장까지 진행 | K73: - | L73: 25초 | M73: 대화 종료 후 핵심 내용을 화면 한쪽에 요약 표시 | N73: 0.031423611 | O73: 3-A | 아파트 재난 | P73: 4 | Q73: 267 | S73: 25초 | T73: 20초 | U73: 20초 | W73: [차우선] +5% (누적 60%)
A74: 3 | 선택된 선의 | B74: 72 | C74: 3 | D74: 7 | E74: 비상 물품 챙기기 | F74: 제한된 가방 칸 때문에 모든 물품을 챙길 수 없고 우선순위 판단이 필요함 | G74: 대피 상황에 필요한 물품을 비교해 가방·물·손전등·구급품 중 필수 물품를 선택함 | H74: 3/10 – 후보 물품 수·인벤토리 제한·필수 조합 수가 난이도를 결정함 | I74: 5 | J74: 필수 물품이 포함된 상태로 준비 완료 | K74: 필수 물품이 없으면 확인 단계에서 진행 불가 | L74: 45초 | M74: 필수 물품 누락 시 용도 힌트 표시 | N74: 0.031944444 | O74: 3-A | 아파트 재난 | P74: 5 | Q74: 272 | S74: 45초 | T74: 45초 | U74: 45초
A75: 3 | 선택된 선의 | B75: 73 | C75: 4 | D75: 9 | E75: 가족들 대피시키기 | F75: 동행 NPC가 장애물에 걸리거나 플레이어와 멀어지면 대피가 중단됨 | G75: 동행자 속도에 맞춰 이동하고 위험 구역 앞에서 부모와 동생를 기다림 | H75: 4/10 – 동행 인원·속도 차이·장애물 수·허용 거리가 난이도를 결정함 | I75: 3 | J75: 모든 동행 NPC가 대피 지점 도착 | K75: 동행 NPC가 위험 구역에 8초 이상 고립되면 재시작 | L75: 55초 | M75: 동행 NPC가 멀어지면 화면 가장자리에 방향 표시 | N75: 0.032581019 | O75: 3-A | 아파트 재난 | P75: 6 | Q75: 278 | S75: 55초 | T75: 50초 | U75: 50초
A76: 3 | 선택된 선의 | B76: 74 | C76: 2 | D76: 8 | E76: 아파트 계단으로 이동하며 ‘균열에서 기어 나온 자’를 피해 숨기 | F76: 균열에서 기어 나온 자의 느린 할퀴기·비틀거리며 접근 패턴과 가족과 이웃의 대피 동선을 들키지 않게 확보해야 함 | G76: 균열 주변을 배회하다가 가까이 접근한 대상을 짧게 추격함을 관찰한 뒤 회피·관찰 방식으로 안전 지점까지 이동함 | H76: 2/10 – 시야 범위·우회 경로 수·발각 후 추격 시간가 난이도를 결정함 | I76: 1 | J76: 균열에서 기어 나온 자에게 발각되거나 피격되지 않고 목표 지점 도달 | K76: 피격·발각 시 직전 안전 지점에서 재시작 | L76: 30초 | M76: 시야 범위 표시·공격 전조 길이·안전 지점 간격 조절 | N76: 0.032928241 | O76: 3-B | 대피 경로 | P76: 5 | Q76: 283 | R76: 느린 할퀴기→비틀거리며 접근→회피·관찰 | S76: 30초 | T76: 25초 | U76: 25초
A77: 3 | 선택된 선의 | B77: 75 | C77: 5 | D77: 9 | E77: 이웃 주민 구조하기 | F77: 위험이 지속되는 동안 대상 상태를 확인하고 구조 행동을 여러 번 수행해야 함 | G77: 위험 패턴이 멈춘 순간에 접근해 계단에 쓰러진 이웃 주민를 안전 지점으로 옮김 | H77: 5/10 – 위험 주기·대상 체력·이동 거리·구조 단계 수가 난이도를 결정함 | I77: 3 | J77: 구조 대상이 안전 지점 도착 | K77: 구조 대상 체력이 0이 되면 체크포인트 재시작 | L77: 1분 5초 | M77: 대상 체력 경고와 안전 경로 표시 | N77: 0.033680556 | O77: 3-B | 대피 경로 | P77: 6 | Q77: 289 | S77: 1분 5초 | T77: 55초 | U77: 55초
A78: 3 | 선택된 선의 | B78: 76 | C78: 2 | D78: 5 | E78: 가족과 이웃 주민을 건물 밖으로 먼저 내보내기 | F78: 출구가 좁고 주민들이 공포에 빠져 한꺼번에 몰리면 대피가 지연됨 | G78: 차한해가 뒤에 남아 주민을 순서대로 내보내고 마지막까지 계단과 현관을 확인함 | H78: 2/10 – 목적지와 우회 동선을 파악해야 함 | I78: 1 | J78: 가족·이웃 주민 전원 건물 밖 대피 | K78: - | L78: 35초 | M78: 목적지 방향 표시·정체 시 우회 경로 안내 | N78: 0.034085648 | O78: 3-B | 아파트 대피·첫 힘 | P78: 3 | Q78: 292 | S78: 35초 | T78: 30초 | U78: 25초 | W78: [도시] +5% (기본 5% · 최대 5%) [차우선] +5% (누적 65%) | X78: 가족·이웃 주민 대피 완료
A79: 3 | 선택된 선의 | B79: 77 | C79: 2 | D79: 7 | E79: 건물 안에 남은 어린아이의 울음소리 찾기 | F79: 괴물 소리와 경보음 사이에 아이의 작은 울음이 섞여 위치를 알아차리기 어려움 | G79: 현관을 나가기 전 멈춰 울음 방향을 듣고 계단 아래 사각지대의 아이를 발견함 | H79: 2/10 – 시각·음향 단서를 연결해야 함 | I79: 3 | J79: 숨어 있는 어린아이 발견 | K79: - | L79: 40초 | M79: 중요 오브젝트 미세 점멸·정체 시 음향 방향 강화 | N79: 0.034548611 | O79: 3-B | 아파트 대피·첫 힘 | P79: 4 | Q79: 296 | S79: 40초 | T79: 35초 | U79: 30초
A80: 3 | 선택된 선의 | B80: 78 | C80: 1 | D80: 10 | E80: 문 앞에 웅크린 자와 정면으로 마주치기 | F80: 문 앞에 웅크린 자의 돌진이 퇴로를 막지만, 차한해는 아직 자신의 힘을 알지 못함 | G80: 회피 불가능한 연출에서 반사적으로 양손을 뻗어 다음 접촉 소멸 장면으로 이어짐 | H80: 1/10 – 연출 정보량·단서 강조 정도가 난이도를 결정함 | I80: 2 | J80: 문 앞에 웅크린 자의 덮치기 직전 차한해가 양손을 뻗는 연출 진입 | K80: - | L80: 1분 20초 | M80: 공격 연출 속도·시선 유도·입력 유예 시간 조절 | N80: 0.035474537 | O80: 3-B | 아파트 대피·첫 힘 | P80: 5 | Q80: 301 | R80: 강제 덮치기→반사적 접촉→다음 콘텐츠에서 소멸 | S80: 1분 20초 | T80: 1분 10초 | U80: 1분
A81: 3 | 선택된 선의 | B81: 79 | C81: 1 | D81: 10 | E81: 두 눈을 감고 양손으로 괴물을 막기 | F81: 차한해는 공격 방법도 힘의 존재도 모르며 괴물의 돌진을 몸으로 막아야 한다고 생각함 | G81: 두 눈을 꼭 감고 양손을 뻗어 주민을 지키겠다는 의지를 한순간에 집중함 | H81: 2/10 – 감정 정보와 인물 관계를 이해해야 함 | I81: 2 | J81: 괴물이 차한해에게 접촉 | K81: - | L81: 35초 | M81: 일시정지·다시 보기·핵심 기억 요약 제공 | N81: 0.03587963 | O81: 3-B | 아파트 대피·첫 힘 | P81: 8 | Q81: 309 | R81: 무의식적 선의 폭발 +990→순간 출력 1000 | S81: 35초 | T81: 35초 | U81: 35초
A82: 3 | 선택된 선의 | B82: 80 | C82: 2 | D82: 7 | E82: 먼지처럼 사라진 괴물의 흔적 확인하기 | F82: 눈을 감고 충돌 감각도 느끼지 못해 차한해는 괴물이 어디로 사라졌는지 이해하지 못함 | G82: 몇 초 뒤 눈을 뜨고 비어 있는 복도와 먼지 같은 잔광만 확인함 | H82: 2/10 – 시각·음향 단서를 연결해야 함 | I82: 3 | J82: 괴물이 사라진 복도 확인 | K82: - | L82: 40초 | M82: 중요 오브젝트 미세 점멸·정체 시 음향 방향 강화 | N82: 0.036342593 | O82: 3-B | 아파트 대피·첫 힘 | P82: 4 | Q82: 313 | S82: 40초 | T82: 35초 | U82: 30초
A83: 3 | 선택된 선의 | B83: 81 | C83: 2 | D83: 5 | E83: 어린아이를 공주님 안기로 구출하기 | F83: 차한해가 괴물의 행방에 당황하는 사이 아이가 다시 위험 구역에 남아 있음 | G83: 괴물의 원인을 추측하는 대신 아이를 안아 들고 즉시 건물 밖으로 달려 나감 | H83: 2/10 – 목적지와 우회 동선을 파악해야 함 | I83: 1 | J83: 어린아이와 함께 건물 밖 도착 | K83: - | L83: 35초 | M83: 목적지 방향 표시·정체 시 우회 경로 안내 | N83: 0.036747685 | O83: 3-B | 아파트 대피·첫 힘 | P83: 3 | Q83: 316 | S83: 35초 | T83: 30초 | U83: 25초 | W83: [도시] +5% (기본 10% · 최대 10%) | X83: 어린아이 구조 완료
A84: 3 | 선택된 선의 | B84: 82 | C84: 1 | D84: 8 | E84: 아이의 ‘괴물 펑’ 목격담 듣기 | F84: 아이는 흥분한 상태로 짧고 불완전한 말만 해 차한해가 의미를 이해하기 어려움 | G84: 아이의 ‘언니, 괴물. 펑! 없어져써!’라는 말을 듣지만 놀라서 횡설수설한다고 판단함 | H84: 2/10 – 핵심 정보와 감정의 연결을 이해해야 함 | I84: 2 | J84: 아이의 목격담 확인 | K84: - | L84: 45초 | M84: 핵심 문장 강조·대화 다시 보기·선택 시간 제한 없음 | N84: 0.037268519 | O84: 3-B | 아파트 대피·첫 힘 | P84: 4 | Q84: 320 | S84: 45초 | T84: 40초 | U84: 35초
A85: 3 | 선택된 선의 | B85: 83 | C85: 2 | D85: 8 | E85: 몸을 끄는 자를 우회해 안전 구역으로 이동하기 | F85: 몸을 끄는 자의 몸통 내려찍기·느린 추격 패턴과 느린 추격이 좁은 대피 경로를 막음 | G85: 느리게 직선 접근하며 공격 직전에 몸을 크게 들어 올림을 관찰한 뒤 회피·우회 방식으로 안전 지점까지 이동함 | H85: 2/10 – 시야 범위·우회 경로 수·발각 후 추격 시간가 난이도를 결정함 | I85: 1 | J85: 몸을 끄는 자에게 발각되거나 피격되지 않고 목표 지점 도달 | K85: 피격·발각 시 직전 안전 지점에서 재시작 | L85: 40초 | M85: 시야 범위 표시·공격 전조 길이·안전 지점 간격 조절 | N85: 0.037731481 | O85: 3-B | 대피 경로 | P85: 5 | Q85: 325 | R85: 몸통 내려찍기→느린 추격→회피·우회 | S85: 40초 | T85: 35초 | U85: 35초
A86: 3 | 선택된 선의 | B86: 84 | C86: 2 | D86: 8 | E86: 울음이 남은 자의 울음 파동을 피해 새벽 괴물 습격 구간 벗어나기 | F86: 울음이 남은 자의 울음 파동·뒤로 물러나기 패턴과 울음이 다른 괴물의 시선을 끌어 안전 경로가 계속 바뀜 | G86: 제자리에서 울음소리를 내며 주변 개체의 시선을 끌고 접근 시 도망침을 관찰한 뒤 거리 유지 방식으로 안전 지점까지 이동함 | H86: 2/10 – 시야 범위·우회 경로 수·발각 후 추격 시간가 난이도를 결정함 | I86: 4 | J86: 울음이 남은 자에게 발각되거나 피격되지 않고 목표 지점 도달 | K86: 피격·발각 시 직전 안전 지점에서 재시작 | L86: 1분 50초 | M86: 시야 범위 표시·공격 전조 길이·안전 지점 간격 조절 | N86: 0.03900463 | O86: 3-B | 대피 경로 | P86: 10 | Q86: 335 | R86: 울음 파동→뒤로 물러나기→멈춰 서기→거리 유지 | S86: 1분 50초 | T86: 1분 30초 | U86: 1분 30초
A87: 3 | 선택된 선의 | B87: 85 | C87: 2 | D87: 8 | E87: 길을 잃은 자의 배회 경로를 피해 한도윤과 합류하기 | F87: 길을 잃은 자의 배회·짧은 밀치기 패턴과 반복 배회 구간을 읽으며 합류 지점까지 이동해야 함 | G87: 정해진 구역을 반복 이동하며 시야 안에서 오래 머물 때만 반응함을 관찰한 뒤 은폐·우회 방식으로 안전 지점까지 이동함 | H87: 2/10 – 시야 범위·우회 경로 수·발각 후 추격 시간가 난이도를 결정함 | I87: 2 | J87: 길을 잃은 자에게 발각되거나 피격되지 않고 목표 지점 도달 | K87: 피격·발각 시 직전 안전 지점에서 재시작 | L87: 30초 | M87: 시야 범위 표시·공격 전조 길이·안전 지점 간격 조절 | N87: 0.039351852 | O87: 3-B | 대피 경로 | P87: 4 | Q87: 339 | R87: 배회→짧은 밀치기→주변 살피기→은폐·우회 | S87: 30초 | T87: 25초 | U87: 25초 | W87: [한도윤] +5% (누적 85%) | X87: 가족 대피·아파트 탈출 완료 | Y87: 한도윤 인연 85% 이상 : 대피소 작전 힌트 대화 해금
A88: 3 | 선택된 선의 | B88: 86 | C88: 3 | D88: 8 | E88: 임시 대피소 도착하기 | F88: 갈림길과 주변 상호작용 오브젝트 때문에 목적지 방향을 놓칠 수 있음 | G88: 표지판·미니맵·NPC 이동 방향을 확인하며 임시 대피소까지 이동함 | H88: 3/10 – 맵 크기·갈림길 수·목적지 표식의 가시성이 난이도를 결정함 | I88: 1 | J88: 임시 대피소의 도착 트리거에 진입 | K88: - | L88: 35초 | M88: 일정 시간 정체 시 목적지 방향 화살표 표시 | N88: 0.039756944 | O88: 3-C | 대피소·선의관리국 | P88: 4 | Q88: 343 | S88: 35초 | T88: 30초 | U88: 30초
A89: 3 | 선택된 선의 | B89: 87 | C89: 1 | D89: 8 | E89: 맨몸으로 할머니를 구한 청년의 뉴스 확인하기 | F89: 경찰과 군대도 고전한 괴물을 청년이 맨손으로 쓰러뜨린 이유가 설명되지 않음 | G89: 구조 영상과 괴물의 상처를 확인해 청년에게 일반인과 다른 힘이 있었음을 추측함 | H89: 2/10 – 핵심 정보와 감정의 연결을 이해해야 함 | I89: 2 | J89: 청년의 할머니 구조 영상 확인 | K89: - | L89: 45초 | M89: 핵심 문장 강조·대화 다시 보기·선택 시간 제한 없음 | N89: 0.040277778 | O89: 3-C | 임시 대피소·선의 발견 | P89: 4 | Q89: 347 | S89: 45초 | T89: 40초 | U89: 35초
A90: 3 | 선택된 선의 | B90: 88 | C90: 1 | D90: 8 | E90: 청년의 ‘구해야겠다는 생각뿐’ 인터뷰와 밈 확인하기 | F90: 인터뷰 한 문장이 자극적으로 편집되고 밈으로 확산되어 사건의 진심이 희화화됨 | G90: 원본 인터뷰와 인터넷 반응을 비교해 청년이 보상보다 구조 의지로 움직였음을 확인함 | H90: 2/10 – 핵심 정보와 감정의 연결을 이해해야 함 | I90: 2 | J90: 원본 인터뷰 및 ‘저게 선의다’ 밈 확인 | K90: - | L90: 45초 | M90: 핵심 문장 강조·대화 다시 보기·선택 시간 제한 없음 | N90: 0.040798611 | O90: 3-C | 임시 대피소·선의 발견 | P90: 4 | Q90: 351 | S90: 45초 | T90: 40초 | U90: 35초
A91: 3 | 선택된 선의 | B91: 89 | C91: 1 | D91: 8 | E91: 악질 유튜버의 균열 접근 생방송 시청하기 | F91: 유튜버가 통제 구역을 넘어가며 자극적인 설명을 반복해 실제 현장 상황을 파악하기 어려움 | G91: 삼각대 생방송 화면에서 이전과 달리 장비가 멈추지 않는 사실과 균열까지의 거리를 확인함 | H91: 2/10 – 핵심 정보와 감정의 연결을 이해해야 함 | I91: 2 | J91: 유튜버가 균열에 손이 닿을 거리까지 접근 | K91: - | L91: 45초 | M91: 핵심 문장 강조·대화 다시 보기·선택 시간 제한 없음 | N91: 0.041319444 | O91: 3-C | 임시 대피소·선의 발견 | P91: 4 | Q91: 355 | S91: 45초 | T91: 40초 | U91: 35초
A92: 3 | 선택된 선의 | B92: 90 | C92: 2 | D92: 7 | E92: 유튜버에게 나타난 수치 96 확인하기 | F92: 숫자가 방송 화면과 실제 현장에 동시에 떠올라 영상 조작인지 이상 현상인지 논란이 발생함 | G92: 다른 각도의 영상과 현장 목격담을 대조해 수치 96이 실제로 나타났음을 확인함 | H92: 2/10 – 시각·음향 단서를 연결해야 함 | I92: 3 | J92: 유튜버의 수치 96 확인 | K92: - | L92: 40초 | M92: 중요 오브젝트 미세 점멸·정체 시 음향 방향 강화 | N92: 0.041782407 | O92: 3-C | 임시 대피소·선의 발견 | P92: 4 | Q92: 359 | S92: 40초 | T92: 35초 | U92: 30초
A93: 3 | 선택된 선의 | B93: 91 | C93: 1 | D93: 8 | E93: 기계가 정상 작동하는 균열 연구 현장 확인하기 | F93: 초기에는 고장 나던 장비가 정상으로 돌아와 현상 변화의 원인을 알기 어려움 | G93: 연구원들이 카메라·센서·측정 장비를 다시 설치하는 과정과 균열 반응을 관찰함 | H93: 2/10 – 핵심 정보와 감정의 연결을 이해해야 함 | I93: 2 | J93: 균열 주변 장비 정상 작동 및 연구 시작 확인 | K93: - | L93: 45초 | M93: 핵심 문장 강조·대화 다시 보기·선택 시간 제한 없음 | N93: 0.042303241 | O93: 3-C | 임시 대피소·선의 발견 | P93: 4 | Q93: 363 | S93: 45초 | T93: 40초 | U93: 35초
A94: 3 | 선택된 선의 | B94: 92 | C94: 1 | D94: 10 | E94: 할머니를 구한 청년의 수치 836 측정하기 | F94: 수치가 괴물 제압 능력과 연결되는지 확인하려면 유튜버와 청년의 행동·결과를 비교해야 함 | G94: 연구진이 청년을 균열 근처에서 측정하고 836이라는 당시 최고 수치를 확인함 | H94: 2/10 – 감정 정보와 인물 관계를 이해해야 함 | I94: 2 | J94: 청년의 선의 수치 836 측정 완료 | K94: - | L94: 1분 20초 | M94: 일시정지·다시 보기·핵심 기억 요약 제공 | N94: 0.043229167 | O94: 3-C | 임시 대피소·선의 발견 | P94: 5 | Q94: 368 | S94: 1분 20초 | T94: 1분 10초 | U94: 1분
A95: 3 | 선택된 선의 | B95: 93 | C95: 1 | D95: 8 | E95: 새로운 수치를 ‘선의 수치’라고 부르는 과정 확인하기 | F95: 공식 명칭이 정해지기 전 언론·연구자·시민이 서로 다른 이름을 사용함 | G95: 청년의 구조 동기와 수치의 전투 효과를 연결한 보도를 통해 ‘선의 수치’ 명칭이 확산되는 과정을 확인함 | H95: 2/10 – 핵심 정보와 감정의 연결을 이해해야 함 | I95: 2 | J95: 선의 수치 명칭의 공식 채택 확인 | K95: - | L95: 45초 | M95: 핵심 문장 강조·대화 다시 보기·선택 시간 제한 없음 | N95: 0.04375 | O95: 3-C | 임시 대피소·선의 발견 | P95: 4 | Q95: 372 | S95: 45초 | T95: 40초 | U95: 35초
A96: 3 | 선택된 선의 | B96: 94 | C96: 1 | D96: 8 | E96: 전국민 선의 수치 의무 측정 발표 듣기 | F96: 괴물 대응 인력을 찾는다는 명분과 개인의 내면을 국가가 수치화한다는 불안이 동시에 존재함 | G96: 측정 대상·요일제·고등급 기준·미측정 시 조치를 확인함 | H96: 2/10 – 핵심 정보와 감정의 연결을 이해해야 함 | I96: 2 | J96: 전국민 측정 의무와 700 이상 고등급 기준 확인 | K96: - | L96: 45초 | M96: 핵심 문장 강조·대화 다시 보기·선택 시간 제한 없음 | N96: 0.044270833 | O96: 3-C | 임시 대피소·선의 발견 | P96: 4 | Q96: 376 | S96: 45초 | T96: 40초 | U96: 35초
A97: 3 | 선택된 선의 | B97: 95 | C97: 1 | D97: 8 | E97: 출생연도 끝자리 6의 월요일 측정 일정 확인하기 | F97: 재난 안내와 가족 요청이 겹쳐 차한해 자신의 측정 일정을 놓치기 쉬움 | G97: 1996년생 차한해가 월요일 대상임을 확인하고 접수 마감 시간을 기록함 | H97: 2/10 – 핵심 정보와 감정의 연결을 이해해야 함 | I97: 2 | J97: 차한해 측정 요일·마감 시간 확인 | K97: - | L97: 45초 | M97: 핵심 문장 강조·대화 다시 보기·선택 시간 제한 없음 | N97: 0.044791667 | O97: 3-C | 임시 대피소·선의 발견 | P97: 4 | Q97: 380 | S97: 45초 | T97: 40초 | U97: 35초
A98: 3 | 선택된 선의 | B98: 96 | C98: 1 | D98: 8 | E98: 구호 음식이 질렸다는 가족의 부탁 받기 | F98: 가족들은 차한해의 측정 일정에도 불구하고 맛있는 음식을 구해 오라고 요구함 | G98: 측정소와 음식점의 위치·마감 시간을 비교하지만 결국 가족 부탁을 먼저 처리함 | H98: 2/10 – 핵심 정보와 감정의 연결을 이해해야 함 | I98: 2 | J98: 가족이 원하는 음식 목록 확인 | K98: - | L98: 45초 | M98: 핵심 문장 강조·대화 다시 보기·선택 시간 제한 없음 | N98: 0.0453125 | O98: 3-D | 대피소 가족 심부름 | P98: 4 | Q98: 384 | S98: 45초 | T98: 40초 | U98: 35초
A99: 3 | 선택된 선의 | B99: 97 | C99: 3 | D99: 8 | E99: 사람을 뒤쫓는 자와 싸우는 고등급자 곁을 지나 따뜻한 음식 구해오기 | F99: 사람을 뒤쫓는 자와 고등급자의 교전 구역에서 고등급자 교전 구역과 시민 이동 동선이 겹침 | G99: 회피·고등급자 교전 구간 통과을 적용해 고등급자 전투에 직접 개입하지 않고 원래 심부름 목표를 수행함 | H99: 3/10 – 시야 범위·우회 경로 수·발각 후 추격 시간가 난이도를 결정함 | I99: 1 | J99: 교전 범위를 통과하고 기존 심부름·이동 목표 완료 | K99: 몬스터의 공격 범위에 오래 머물러 피격하면 직전 대피 지점에서 재시작 | L99: 2분 | M99: NPC 제압 속도·몬스터 시선 유지 시간·우회 경로 수 조절 | N99: 0.046701389 | O99: 3-D | 대피소 가족 심부름 | P99: 5 | Q99: 389 | R99: 연속 할퀴기→추격 돌진→목표 전환→회피·고등급자 교전 구간 통과 | S99: 2분 | T99: 1분 40초 | U99: 1분 25초
A100: 3 | 선택된 선의 | B100: 98 | C100: 3 | D100: 8 | E100: 길을 막아선 자가 점거한 보급로를 우회해 대피소 노인 돕기 | F100: 길을 막아선 자와 고등급자의 교전 구역에서 좁은 보급로가 막혀 약품 전달 경로를 새로 찾아야 함 | G100: 우회·보급 동선 확보을 적용해 고등급자 전투에 직접 개입하지 않고 원래 심부름 목표를 수행함 | H100: 3/10 – 시야 범위·우회 경로 수·발각 후 추격 시간가 난이도를 결정함 | I100: 2 | J100: 교전 범위를 통과하고 기존 심부름·이동 목표 완료 | K100: 몬스터의 공격 범위에 오래 머물러 피격하면 직전 대피 지점에서 재시작 | L100: 50초 | M100: NPC 제압 속도·몬스터 시선 유지 시간·우회 경로 수 조절 | N100: 0.047280093 | O100: 3-D | 대피소 가족 심부름 | P100: 3 | Q100: 392 | R100: 통로 밀치기→앞길 막기→짧은 충격파→우회·보급 동선 확보 | S100: 50초 | T100: 45초 | U100: 40초 | W100: [도시] +5% 선택 (기본 10% · 최대 15%) | Y100: 도시 인연 선택 콘텐츠 +5%
...

Sheet PC DATA(대차대조표)
A1: 콘텐츠 진행 순서 | B1: 콘텐츠명 | C1: 이름 | D1: 이미지 | E1: 전투 상태 | F1: 기본 공격력 | G1: 공격력 변화(최초·일회성) | H1: 기본 방어력 | I1: 방어력 변화(획득·손상·파손) | J1: 스킬(최초 해금) | K1: 변경 근거·현재 상태
A2: ※ 밸런스 문서의 콘텐츠 진행 순서 1~306에서 현재 기본 공격력·기본 방어력과 전투 상태를 확인할 수 있음. 장비와 스킬은 처음 획득·교체·손상·파손되는 시점에만 기록함. 소모품·접근 도구의 획득과 사용은 아이템 시트와 밸런스 문서의 동일한 콘텐츠 번호로 검증함. 일반인 상태는 공격력 10·방어력 10이며, 첫 힘 발현은 해당 콘텐츠에만 적용되는 +990 일회성 보정임.
A3: 1 | B3: 차한해의 과거 오프닝 감상 | C3: 차한해 | E3: 전투 시스템 미개방 | F3: 10 | H3: 10 | K3: 기본 공격력 10 / 기본 방어력 10
A4: 2 | B4: 빨래 개기 | C4: 차한해 | E4: 전투 시스템 미개방 | F4: 10 | H4: 10 | K4: 일반인 신체 능력 유지
A5: 3 | B5: 동생에게 심부름 지시 받기 | C5: 차한해 | E5: 전투 시스템 미개방 | F5: 10 | H5: 10
A6: 4 | B6: 이동 조작 안내 확인 | C6: 차한해 | E6: 전투 시스템 미개방 | F6: 10 | H6: 10
A7: 5 | B7: 현관으로 이동하기 | C7: 차한해 | E7: 전투 시스템 미개방 | F7: 10 | H7: 10
A8: 6 | B8: 집 밖으로 나가기 | C8: 차한해 | E8: 전투 시스템 미개방 | F8: 10 | H8: 10
A9: 7 | B9: 편의점으로 이동하기 | C9: 차한해 | E9: 전투 시스템 미개방 | F9: 10 | H9: 10
A10: 8 | B10: 신상 과자 진열대 찾기 | C10: 차한해 | E10: 전투 시스템 미개방 | F10: 10 | H10: 10
A11: 9 | B11: 품절 안내 조사하기 | C11: 차한해 | E11: 전투 시스템 미개방 | F11: 10 | H11: 10
A12: 10 | B12: 알바생 NPC와 대화하고 이상 현상 뉴스 확인하기 | C12: 차한해 | E12: 전투 시스템 미개방 | F12: 10 | H12: 10
A13: 11 | B13: 골목에서 들리는 예쁜 고양이 울음소리 확인하기 | C13: 차한해 | E13: 전투 시스템 미개방 | F13: 10 | H13: 10
A14: 12 | B14: 편의점에서 츄르 4개입 세트 구매하기 | C14: 차한해 | E14: 전투 시스템 미개방 | F14: 10 | H14: 10
A15: 13 | B15: 예쁜 고양이에게 첫 번째 츄르 건네기 | C15: 차한해 | E15: 전투 시스템 미개방 | F15: 10 | H15: 10
A16: 14 | B16: 다이소로 이동하기 | C16: 차한해 | E16: 전투 시스템 미개방 | F16: 10 | H16: 10
... A80: 78 | B80: 문 앞에 웅크린 자와 정면으로 마주치기 | C80: 차한해 | E80: 전투 시스템 미개방 | F80: 10 | H80: 10
A81: 79 | B81: 두 눈을 감고 양손으로 괴물을 막기 | C81: 차한해 | E81: 무의식적 일회성 발현 | F81: 10 | G81: 무의식적 선의 폭발 +990 순간 출력 1000 | H81: 10 | K81: 기본 공격력 10 / 무의식적 선의 폭발 +990 · 순간 출력 1000 / 기본 방어력 10
A82: 80 | B82: 먼지처럼 사라진 괴물의 흔적 확인하기 | C82: 차한해 | E82: 미개방·힘 재현 불가 | F82: 10 | G82: 무의식적 선의 폭발 종료 : +990 → 0 | H82: 10 | K82: 무의식적 선의 폭발 종료 : +990 → 0
A83: 81 | B83: 어린아이를 공주님 안기로 구출하기 | C83: 차한해 | E83: 미개방·힘 재현 불가 | F83: 10 | H83: 10 | K83: 첫 힘의 존재와 발동 방법을 인식하지 못함
A84: 82 | B84: 아이의 ‘괴물 펑’ 목격담 듣기 | C84: 차한해 | E84: 미개방·힘 재현 불가 | F84: 10 | H84: 10
A85: 83 | B85: 몸을 끄는 자를 우회해 안전 구역으로 이동하기 | C85: 차한해 | E85: 미개방·힘 재현 불가 | F85: 10 | H85: 10
A86: 84 | B86: 울음이 남은 자의 울음 파동을 피해 새벽 괴물 습격 구간 벗어나기 | C86: 차한해 | E86: 미개방·힘 재현 불가 | F86: 10 | H86: 10
A87: 85 | B87: 길을 잃은 자의 배회 경로를 피해 한도윤과 합류하기 | C87: 차한해 | E87: 미개방·힘 재현 불가 | F87: 10 | H87: 10
A88: 86 | B88: 임시 대피소 도착하기 | C88: 차한해 | E88: 미개방·힘 재현 불가 | F88: 10 | H88: 10
A89: 87 | B89: 맨몸으로 할머니를 구한 청년의 뉴스 확인하기 | C89: 차한해 | E89: 미개방·힘 재현 불가 | F89: 10 | H89: 10
A90: 88 | B90: 청년의 ‘구해야겠다는 생각뿐’ 인터뷰와 밈 확인하기 | C90: 차한해 | E90: 미개방·힘 재현 불가 | F90: 10 | H90: 10
A91: 89 | B91: 악질 유튜버의 균열 접근 생방송 시청하기 | C91: 차한해 | E91: 미개방·힘 재현 불가 | F91: 10 | H91: 10
A92: 90 | B92: 유튜버에게 나타난 수치 96 확인하기 | C92: 차한해 | E92: 미개방·힘 재현 불가 | F92: 10 | H92: 10
A93: 91 | B93: 기계가 정상 작동하는 균열 연구 현장 확인하기 | C93: 차한해 | E93: 미개방·힘 재현 불가 | F93: 10 | H93: 10
A94: 92 | B94: 할머니를 구한 청년의 수치 836 측정하기 | C94: 차한해 | E94: 미개방·힘 재현 불가 | F94: 10 | H94: 10
A95: 93 | B95: 새로운 수치를 ‘선의 수치’라고 부르는 과정 확인하기 | C95: 차한해 | E95: 미개방·힘 재현 불가 | F95: 10 | H95: 10
... A119: 117 | B119: 선의 수치 836 청년의 구조 원칙 듣기 | C119: 차한해 | E119: 미개방·힘 재현 불가 | F119: 10 | H119: 10
A120: 118 | B120: 관리국 표준 대응 장비 8종·응급품 2종을 수령하고 상태 UI 확인하기 | C120: 차한해 | E120: 전투 가능·비전투 콘텐츠 | F120: 80 | G120: 관리국 지급 권총 +20 관리국 대응 장갑 +3 비살상 충격탄 사용 시 +6 | H120: 100 | I120: 기본 보호 조끼 +30 관리국 방진 고글 +4 관리국 대응 장갑 +5 관리국 전술화 +6 관리국 방진 마스크 +3 | J120: 상태 UI 확인 비살상 제압 게이지 무전 전조 알림 | K120: 관리국 표준 대응 세트 8종·응급 주사·비살상 충격탄 획득
A121: 119 | B121: 관리국 지급 권총·비살상 충격탄·관리국 전술화를 이용해 사격과 회피 연습하기 | C121: 차한해 | E121: 전투 가능 | F121: 100 | H121: 100 | J121: 조준 사격 긴급 회피 | K121: 기본 공격력 100 / 스킬 : 조준 사격 · 긴급 회피
A122: 120 | B122: 출동 차량을 향해 환호하는 시민들 지나가기 | C122: 차한해 | E122: 전투 가능·비전투 콘텐츠 | F122: 100 | H122: 100 | K122: 전투 수치 변화 없이 탐색·대화·이동 진행
A123: 121 | B123: 도심 잔해 구역으로 이동하며 관리국 보급 상자에서 소형 방진 필터 챙기기 | C123: 차한해 | E123: 전투 가능·비전투 콘텐츠 | F123: 100 | H123: 100 | K123: 소형 방진 필터 1개 획득
A124: 122 | B124: 고립 시민 찾기 | C124: 차한해 | E124: 전투 가능·비전투 콘텐츠 | F124: 100 | H124: 100
A125: 123 | B125: 관리국 대응 장갑을 착용하고 잔해 제거하기 | C125: 차한해 | E125: 전투 가능·비전투 콘텐츠 | F125: 100 | H125: 100
A126: 124 | B126: 시민 대피 유도하기 | C126: 차한해 | E126: 전투 가능·비전투 콘텐츠 | F126: 100 | H126: 100
A127: 125 | B127: 관리국 무전 이어피스로 문을 두드리는 자의 공격 예고 신호 파악하기 | C127: 차한해 | E127: 전투 가능 | F127: 100 | H127: 100 | J127: 공격 예고 판독 | K127: 스킬 : 공격 예고 판독
A128: 126 | B128: 틈을 파고드는 자의 후방 기습을 피하고 반격 타이밍 맞추기 | C128: 차한해 | E128: 전투 가능 | F128: 120 | H128: 100 | J128: 회피 반격 | K128: 기본 공격력 120 / 스킬 : 회피 반격
A129: 127 | B129: 관리국 지급 권총의 낮은 피해 확인하기 | C129: 차한해 | E129: 전투 가능 | F129: 120 | H129: 100 | K129: 현재 전투 숙련·장비 상태 적용
A130: 128 | B130: 관리국 방진 고글로 공명 흔적을 추적하고 소형 방진 필터 교체하기 | C130: 차한해 | E130: 전투 가능·비전투 콘텐츠 | F130: 120 | H130: 100 | I130: 관리국 방진 마스크 내구도 +30 | K130: 소형 방진 필터 1개 사용·관리국 방진 마스크 내구도 30 회복
A131: 129 | B131: 붕괴 표지판의 보랏빛 철봉 회수하기 | C131: 차한해 | E131: 전투 가능·비전투 콘텐츠 | F131: 120 | G131: 보랏빛 철봉 +80 | H131: 100 | K131: 보랏빛 철봉 +80
A132: 130 | B132: 보랏빛 철봉으로 밖으로 밀어내는 자 제압하기 | C132: 차한해 | E132: 전투 가능 | F132: 160 | H132: 100 | J132: 공명 약점 타격 | K132: 기본 공격력 160 / 스킬 : 공명 약점 타격
A133: 131 | B133: 관리국 상태 측정기로 기본 보호 조끼의 손상 확인하기 | C133: 차한해 | E133: 전투 가능·비전투 콘텐츠 | F133: 160 | H133: 110 | I133: 기본 보호 조끼 손상: +30 → +15 | J133: 장비 내구도 확인 | K133: 기본 방어력 110 / 기본 보호 조끼 손상 : +30 → +15 / 스킬 : 장비 내구도 확인
A134: 132 | B134: 공명 무기가 보랏빛 재로 소멸하는 현상 확인하기 | C134: 차한해 | E134: 전투 가능·비전투 콘텐츠 | F134: 160 | H134: 110 | K134: 전투 수치 변화 없이 탐색·대화·이동 진행
A135: 133 | B135: 구조 임무 완료 보고하기 | C135: 차한해 | E135: 전투 가능·비전투 콘텐츠 | F135: 160 | H135: 110 | K135: 전투 수치 변화 없이 탐색·대화·이동 진행
A136: 134 | B136: 구조한 경찰에게 깨진 경찰 방패와 휴대용 섬광 신호기 받기 | C136: 차한해 | E136: 전투 가능·비전투 콘텐츠 | F136: 160 | H136: 110 | I136: 깨진 경찰 방패 +20 | J136: 전방 방어 섬광 주의 분산 | K136: 깨진 경찰 방패·휴대용 섬광 신호기 획득
A137: 135 | B137: 편의점 알바생 가족의 대피소 위치를 전달할지 선택하기 | C137: 차한해 | E137: 전투 가능·비전투 콘텐츠 | F137: 160 | H137: 110 | K137: 전투 수치 변화 없이 탐색·대화·이동 진행
A138: 136 | B138: 카메라가 없는 골목의 구조 요청을 도울지 선택하기 | C138: 차한해 | E138: 전투 가능·비전투 콘텐츠 | F138: 160 | H138: 110
A139: 137 | B139: 숙소 귀환길에 예쁜 고양이와 다시 만나기 | C139: 차한해 | E139: 전투 가능·비전투 콘텐츠 | F139: 160 | H139: 110
A140: 138 | B140: 예쁜 고양이에게 네 번째 츄르 건네기 | C140: 차한해 | E140: 전투 가능·비전투 콘텐츠 | F140: 160 | H140: 110
A141: 139 | B141: 지하 주차장 구조 요청 받기 | C141: 차한해 | E141: 전투 가능·비전투 콘텐츠 | F141: 160 | H141: 110
A142: 140 | B142: 주차 차단기 막대의 공명을 확인하고 회수·무기 등록하기 | C142: 차한해 | E142: 전투 가능·비전투 콘텐츠 | F142: 160 | G142: 차단기 막대 +90 | H142: 110 | K142: 차단기 막대 +90·현장 회수 및 무기 등록 완료
A143: 141 | B143: 휴대용 섬광 신호기와 차단기 막대로 안쪽을 차지한 자 유인하기 | C143: 차한해 | E143: 전투 가능 | F143: 160 | H143: 110 | J143: 환경 유인 | K143: 스킬 : 환경 유인
A144: 142 | B144: 차단기 막대로 출구를 가로막는 자 제압하기 | C144: 차한해 | E144: 전투 가능 | F144: 180 | H144: 110 | K144: 기본 공격력 180
A145: 143 | B145: 괴물 발생 지역의 실종자 소지품을 전달할지 선택하기 | C145: 차한해 | E145: 전투 가능 | F145: 180 | H145: 110 | K145: 현재 전투 숙련·장비 상태 적용
A146: 144 | B146: 봉쇄된 임시 대피소의 구조 요청을 확인하고 응급 압박 붕대 챙기기 | C146: 차한해 | E146: 전투 가능·비전투 콘텐츠 | F146: 180 | H146: 110 | K146: 전투 수치 변화 없이 탐색·대화·이동 진행
A147: 145 | B147: 대피소 시민과 나무판 보호대 만들기 | C147: 차한해 | E147: 전투 가능·비전투 콘텐츠 | F147: 180 | H147: 110 | I147: 나무판 보호대 +10 | J147: 임시 장비 제작 | K147: 나무판 보호대 +10 / 스킬 : 임시 장비 제작
A148: 146 | B148: 응급 압박 붕대를 사용하고 닫힌 문지기의 돌진으로 철문 파괴하기 | C148: 차한해 | E148: 전투 가능 | F148: 180 | H148: 110 | K148: 현재 전투 숙련·장비 상태 적용
A149: 147 | B149: 문밖 시민을 열린 통로로 유도하기 | C149: 차한해 | E149: 전투 가능 | F149: 180 | H149: 110 | K149: 현재 전투 숙련·장비 상태 적용
A150: 148 | B150: 닫힌 문지기의 방어 핵 제압하기 | C150: 차한해 | E150: 전투 가능 | F150: 220 | H150: 120 | I150: 나무판 보호대 파손: 사용 불가 | J150: 보스 핵 집중 공격 | K150: 기본 공격력 220 / 기본 방어력 120 / 나무판 보호대 파손: 사용 불가 / 스킬 : 보스 핵 집중 공격
A151: 149 | B151: 관리인의 마지막 출입 기록 확인하기 | C151: 차한해 | E151: 전투 가능·비전투 콘텐츠 | F151: 220 | H151: 120 | K151: 전투 수치 변화 없이 탐색·대화·이동 진행
A152: 150 | B152: 구조 지연 항의 현장 통과하기 | C152: 차한해 | E152: 전투 가능·비전투 콘텐츠 | F152: 220 | H152: 120 | K152: 전투 수치 변화 없이 탐색·대화·이동 진행
A153: 151 | B153: 강재한에게 늦은 출동을 질타받기 | C153: 차한해 | E153: 전투 가능·비전투 콘텐츠 | F153: 220 | H153: 120 | K153: 전투 수치 변화 없이 탐색·대화·이동 진행
A154: 152 | B154: 부상당한 시민의 원망을 끝까지 들을지 선택하기 | C154: 차한해 | E154: 전투 가능·비전투 콘텐츠 | F154: 220 | H154: 120 | K154: 전투 수치 변화 없이 탐색·대화·이동 진행
A155: 153 | B155: 나대진에게 충격 보호대·공명 보호 장갑·고등급자 공명 증폭기 수령하기 | C155: 차한해 | E155: 전투 가능·비전투 콘텐츠 | F155: 220 | G155: 고등급자 공명 증폭기 +15 | H155: 120 | I155: 충격 보호대 +20 관리국 대응 장갑 해제 : +5 → 0 공명 보호 장갑 +15 | J155: 장비 효과 비교 공명 증폭 | K155: [나대진] 75% 이상에서 충격 보호대·공명 보호 장갑·고등급자 공명 증폭기 획득
A156: 154 | B156: 시민들의 연속 부탁 처리하기 | C156: 차한해 | E156: 전투 가능·비전투 콘텐츠 | F156: 220 | H156: 120 | K156: 전투 수치 변화 없이 탐색·대화·이동 진행
A157: 155 | B157: 고등급자들의 선의 수치 하락 보고 확인하기 | C157: 차한해 | E157: 전투 가능·비전투 콘텐츠 | F157: 220 | H157: 120
A158: 156 | B158: 출동하지 않은 고등급자의 수치도 떨어지는 사실 확인하기 | C158: 차한해 | E158: 전투 가능·비전투 콘텐츠 | F158: 220 | H158: 120
A159: 157 | B159: 고등급자들의 ‘괴물 처치가 선의를 소모한다’는 주장 듣기 | C159: 차한해 | E159: 전투 가능 | F159: 220 | H159: 120 | K159: 현재 전투 숙련·장비 상태 적용
A160: 158 | B160: 무한대인 차한해가 모든 출동을 맡으라는 요구 듣기 | C160: 차한해 | E160: 전투 가능·비전투 콘텐츠 | F160: 220 | H160: 120 | K160: 전투 수치 변화 없이 탐색·대화·이동 진행
A161: 159 | B161: 고등급자 공명 증폭기로 승강장 전광판의 쇠막대 회수하기 | C161: 차한해 | E161: 전투 가능·비전투 콘텐츠 | F161: 220 | G161: 전광판 쇠막대 +100 | H161: 120 | K161: 전광판 쇠막대 +100
A162: 160 | B162: 공명 증폭기와 전광판 쇠막대로 승강장의 달라붙은 자 제압하기 | C162: 차한해 | E162: 전투 가능 | F162: 250 | H162: 120 | J162: 다수 정렬 타격 공명 증폭기 운용 | K162: 고등급자 공명 증폭기와 전광판 쇠막대 동시 사용
A163: 161 | B163: 뒤엉켜 걷는 자를 제압한 뒤 작은 대피 구역을 도울지 선택하기 | C163: 차한해 | E163: 전투 가능·비전투 콘텐츠 | F163: 250 | H163: 120 | K163: 전투 수치 변화 없이 탐색·대화·이동 진행
A164: 162 | B164: 대피소의 아이에게 사탕 건네기 | C164: 차한해 | E164: 전투 가능·비전투 콘텐츠 | F164: 250 | H164: 120 | K164: 전투 수치 변화 없이 탐색·대화·이동 진행
A165: 163 | B165: 융합된 괴물의 단일 외피 공략하기 | C165: 차한해 | E165: 전투 가능 | F165: 250 | H165: 120 | J165: 상반 전조 판별 | K165: 스킬 : 상반 전조 판별
A166: 164 | B166: 남의 몸을 끌어쓴 자의 몸통 방패 공격을 시민 대신 막기 | C166: 차한해 | E166: 전투 가능 | F166: 250 | H166: 120 | K166: 현재 전투 숙련·장비 상태 적용
A167: 165 | B167: 무리를 삼킨 자가 흡수한 부하의 돌격을 끝까지 피하기 | C167: 차한해 | E167: 전투 가능 | F167: 250 | H167: 120 | K167: 현재 전투 숙련·장비 상태 적용
A168: 166 | B168: 군인의 트라우마 폭주에서 시민 대피시키기 | C168: 차한해 | E168: 전투 가능 | F168: 250 | H168: 120 | I168: 깨진 경찰 방패 파손: 사용 불가 | K168: 깨진 경찰 방패 파손 : 사용 불가
A169: 167 | B169: 엄마의 화염 폭주 경로 차단하기 | C169: 차한해 | E169: 전투 가능 | F169: 250 | H169: 120 | K169: 현재 전투 숙련·장비 상태 적용
A170: 168 | B170: 관리국 응급 주사를 사용하고 폭력의 순환 핵 파괴하기 | C170: 차한해 | E170: 전투 가능 | F170: 300 | H170: 135 | J170: 동시 핵 파괴 응급 주사 사용 | K170: 관리국 응급 주사 1개 사용·융합된 괴물 보스전 완료
A171: 169 | B171: 구조된 군인에게 군용 방탄판 받기 | C171: 차한해 | E171: 전투 가능·비전투 콘텐츠 | F171: 300 | H171: 135 | I171: 군용 방탄판 +35 | J171: 강한 공격 방어 | K171: 군용 방탄판 +35 / 스킬 : 강한 공격 방어
A172: 170 | B172: 청와대 괴물 습격 속보 확인하기 | C172: 차한해 | E172: 전투 가능 | F172: 300 | H172: 135 | K172: 현재 전투 숙련·장비 상태 적용
A173: 171 | B173: 이용익의 임시 대통령 취임 담화 듣기 | C173: 차한해 | E173: 전투 가능·비전투 콘텐츠 | F173: 300 | H173: 135 | K173: 전투 수치 변화 없이 탐색·대화·이동 진행
A174: 172 | B174: 국가 우선 출동 명령 체계 확인하기 | C174: 차한해 | E174: 전투 가능·비전투 콘텐츠 | F174: 300 | H174: 135
A175: 173 | B175: 고등급자와 폭력시위단체의 공동 기자회견 확인하기 | C175: 차한해 | E175: 전투 가능·비전투 콘텐츠 | F175: 300 | H175: 135
A176: 174 | B176: 자아마모도 16% 누적 변화 확인하기 | C176: 차한해 | E176: 전투 가능·비전투 콘텐츠 | F176: 300 | H176: 135
A177: 175 | B177: 다음 출동을 준비하던 중 박수를 멈추지 않는 자의 강화 차단하기 | C177: 차한해 | E177: 전투 가능·비전투 콘텐츠 | F177: 300 | H177: 135
A178: 176 | B178: 고등급자 특혜가 일상화된 기록 확인하기 | C178: 차한해 | E178: 전투 가능·비전투 콘텐츠 | F178: 300 | H178: 135
A179: 177 | B179: 고등급자 숙소에서 이름을 외치는 자의 증원 호출 막기 | C179: 차한해 | E179: 전투 가능·비전투 콘텐츠 | F179: 300 | H179: 135
A180: 178 | B180: 영웅의 뒤를 밟는 자의 추격을 피해 촬영 무대 진입하기 | C180: 차한해 | E180: 보스 전투 | F180: 300 | H180: 135 | K180: 보스 기믹 진행
A181: 179 | B181: 떠받드는 자의 보호막 부여를 차단하고 중계 카메라 끄기 | C181: 차한해 | E181: 보스 전투 | F181: 300 | H181: 135 | J181: 카메라 사각지대 이동 | K181: 스킬 : 카메라 사각지대 이동
A182: 180 | B182: 갈채를 모으는 자의 집단 강화를 끊으며 실제 시민 구분하기 | C182: 차한해 | E182: 보스 전투 | F182: 300 | H182: 135 | K182: 보스 기믹 진행
A183: 181 | B183: 아무도 보지 않는 곳에서 시민을 구하고 갈채를 먹는 자 제압하기 | C183: 차한해 | E183: 보스 전투 | F183: 340 | H183: 150 | I183: 군용 방탄판 균열: +35 → +15 | J183: 비공개 구조 | K183: 기본 공격력 340 / 기본 방어력 150 / 군용 방탄판 균열: +35 → +15 / 스킬 : 비공개 구조
A184: 182 | B184: 구조 영상의 빈 장면 때문에 차한해를 의심하는 보도 확인하기 | C184: 차한해 | E184: 보스 전투 | F184: 340 | H184: 150 | K184: 보스 기믹 진행
A185: 183 | B185: 한도윤과 비공개 안부 통화하기 | C185: 차한해 | E185: 전투 가능·비전투 콘텐츠 | F185: 340 | H185: 150 | K185: 전투 수치 변화 없이 탐색·대화·이동 진행
A186: 184 | B186: 한도윤의 회사 긴급 구조 요청 받기 | C186: 차한해 | E186: 전투 가능·비전투 콘텐츠 | F186: 340 | H186: 150
...

Sheet PC DATA
A1: 플레이어 고유명(CLASS) | B1: 이미지 | C1: 콘텐츠 진행 순서 | D1: 기본 공격력 | E1: 공격력 합산 요소(최초·일회성 변화) | F1: 기본 방어력 | G1: 방어력 합산 요소(획득·손상·파손) | H1: 스킬(최초 해금)
A2: ※ 일반인 상태의 기본 공격력·기본 방어력은 각각 10으로 시작함. 79번 콘텐츠에서 무의식적 선의 폭발 +990이 한 번만 적용되어 순간 출력 1000이 되지만 다음 콘텐츠에서 보정이 0으로 돌아감. 정식 전투 능력과 관리국 표준 대응 장비는 118번부터 개방되며, 무기·방어구·스킬은 최초 획득·교체·손상·파손 시점만 기록함. 소모품·접근 도구는 아이템 시트와 밸런스 문서에서 별도로 관리함.
A3: 차한해 | C3: 1 | D3: 10 | F3: 10
C4: 79 | D4: 10 | E4: 무의식적 선의 폭발 +990 순간 출력 1000 | F4: 10
C5: 80 | E5: 무의식적 선의 폭발 종료 : +990 → 0
C6: 118 | D6: 80 | E6: 관리국 지급 권총 +20 관리국 대응 장갑 +3 비살상 충격탄 사용 시 +6 | F6: 100 | G6: 기본 보호 조끼 +30 관리국 방진 고글 +4 관리국 대응 장갑 +5 관리국 전술화 +6 관리국 방진 마스크 +3 | H6: 상태 UI 확인 비살상 제압 게이지 무전 전조 알림
C7: 119 | D7: 100 | H7: 조준 사격 긴급 회피
C8: 125 | H8: 공격 예고 판독
C9: 126 | D9: 120 | H9: 회피 반격
C10: 129 | E10: 보랏빛 철봉 +80
C11: 130 | D11: 160 | H11: 공명 약점 타격
C12: 131 | F12: 110 | G12: 기본 보호 조끼 손상: +30 → +15 | H12: 장비 내구도 확인
C13: 134 | G13: 깨진 경찰 방패 +20 | H13: 전방 방어 섬광 주의 분산
C14: 140 | E14: 차단기 막대 +90
C15: 141 | H15: 환경 유인
C16: 142 | D16: 180
C17: 145 | G17: 나무판 보호대 +10 | H17: 임시 장비 제작
C18: 148 | D18: 220 | F18: 120 | G18: 나무판 보호대 파손: 사용 불가 | H18: 보스 핵 집중 공격
C19: 153 | E19: 고등급자 공명 증폭기 +15 | G19: 충격 보호대 +20 관리국 대응 장갑 해제 : +5 → 0 공명 보호 장갑 +15 | H19: 장비 효과 비교 공명 증폭
C20: 159 | E20: 전광판 쇠막대 +100
C21: 160 | D21: 250 | H21: 다수 정렬 타격 공명 증폭기 운용
C22: 163 | H22: 상반 전조 판별
C23: 166 | G23: 깨진 경찰 방패 파손: 사용 불가
C24: 168 | D24: 300 | F24: 135 | H24: 동시 핵 파괴 응급 주사 사용
C25: 169 | G25: 군용 방탄판 +35 | H25: 강한 공격 방어
C26: 179 | H26: 카메라 사각지대 이동
C27: 181 | D27: 340 | F27: 150 | G27: 군용 방탄판 균열: +35 → +15 | H27: 비공개 구조
C28: 185 | E28: 소방용 진압 도끼 +75 구조용 로프 발사기 +12 | G28: 구조대 안전모 +8 | H28: 구조 이동 경로 해금
C29: 187 | G29: 소방 방열복 +22 화염 보호복 +20 | H29: 화염 피해 대응
C30: 188 | D30: 380 | E30: 소방용 진압 도끼·구조용 로프 발사기 반납 : +87 → 0 | F30: 165 | G30: 구조대 안전모·소방 방열복 반납 : +30 → 0 기본 보호 조끼 완전 파손 : 사용 불가 화염 보호복 손상 : +20 → +10 | H30: 환경 파괴 구조
C31: 192 | G31: 관리국 방진 고글 해제 : +4 → 0 관리국 방진 마스크 해제 : +3 → 0 먼지 보호 안경 +10 균열 보호 마스크 +15 | H31: 환경별 장비 조합 안정 앰플 등록
C32: 194 | G32: 철판 보호대 +25 | H32: 시민 지원 장비
C33: 196 | G33: 오염 차단 전신복 +35 심층 균열 탐사 헬멧 +12 관리국 전술화 해제 : +6 → 0 고밀도 충격 흡수 장화 +10 | H33: 선의 안정 장치
C34: 215 | H34: 청각 추적 끊기
C35: 237 | E35: 사랑의 매 +140
C36: 238 | D36: 430 | H36: 공명 외피 파괴
C37: 242 | G37: 매트 보호대 +15 | H37: 현장 방어구 제작
C38: 243 | E38: 보랏빛 농구공 +120
C39: 244 | H39: 반사 투척
C40: 249 | D40: 470 | H40: 근·원거리 무기 전환 선의 안정 장치 자동 발동
C41: 250 | H41: 공격 중지 생존 안정 앰플 사용
C42: 251 | F42: 180 | G42: 철판 보호대 파손 : 사용 불가 매트 보호대 파손 : 사용 불가
C43: 270 | G43: 오염 차단 전신복 해제 : +35 → 0 공명 보호 외투 +30 고밀도 충격 흡수 장화 해제 : +10 → 0 강화 전투화 +20 | H43: 공명 부담 관리
C44: 283 | D44: 520 | F44: 200 | H44: 안전 구역 확보
C45: 285 | H45: 등급 규칙 무효화
C46: 288 | D46: 560 | F46: 220 | H46: 유한한 선의 분담

Sheet 스킬 DATA
A1: 지정 사용자 | B1: 구간 | C1: 콘텐츠 번호 | D1: 최초 사용 콘텐츠 | E1: 사용 주체 | F1: 스킬명 | G1: 스킬 추가 설명 | H1: 스킬 아이콘 | I1: 스킬 타입 | J1: 지정 사용자 | K1: 상태 이상 값 | L1: 발동 조건 타입 | M1: 발동 필요 값 | N1: 피해 적용 타입 | O1: 피해 계수 | P1: 고정 피해 | Q1: 피해 산정식 | R1: AI 발동 주기(초) | S1: AI 발동 확률 | T1: 쿨타임 타입 | U1: 쿨타임(초) | V1: 시전 필요 시간(초) | W1: 능력 변동 종류 | X1: 능력 변동 수치 | Y1: 단위 | Z1: 지속 시간(초) | AA1: 종료·취소 조건 | AB1: 연계 스킬 ID | AC1: 비고
A2: 차한해 | B2: 기본 상호작용 | C2: 9 | D2: 9번 | 알바생의 무거운 음료 박스 진열 부탁을 수락할지 선택하기 | E2: PC | F2: 싫어요. | G2: 거절 가능한 부탁·요청에서 수락 대신 사용해 해당 요청을 종료하는 기본 상호작용 스킬. 거절한 콘텐츠의 인연·보상 획득 기회는 포기함. | I2: 액티브 | J2: 차한해 | L2: 입력 | M2: 수락 전 [싫어요.] 선택 | N2: 없음 | O2: 0 | P2: 0 | Q2: 피해 없음 | T2: 없음 | U2: 0 | V2: 0 | W2: 없음 | X2: 0 | Y2: 없음 | Z2: 0 | AA2: 선택 확정 | AB2: 없음 | AC2: 게임 시작부터 해금·첫 사용 가능 콘텐츠 9번
A3: 차한해 | B3: 3장·첫 힘 발현 | C3: 79 | D3: 79번 | 두 눈을 감고 양손으로 괴물을 막기 | E3: PC | F3: 펑! | G3: 괴물이 덮치기 직전 전용 UI에서 1회 발동하는 사건형 액티브. 무의식적 선의 폭발을 호출해 순간 출력 1000을 만들고 접촉 소멸까지 연쇄함. | I3: 연출용+액티브 | J3: 차한해 | L3: 1회 강제 발동 | M3: 문틈젤리 접촉 직전 | N3: 없음 | O3: 0 | P3: 0 | Q3: 피해 없음 | T3: 없음 | U3: 0 | V3: 0.6 | W3: 공격력 | X3: 990 | Y3: + | Z3: 0 | AA3: 접촉 소멸 완료 | AB3: SKL-STS-011 → SKL-STS-012 | AC3: 스토리 필수 사용·해당 콘텐츠에만 적용
A4: 차한해 | B4: 정식 전투 | C4: 119 | D4: 119번 | 관리국 지급 권총·비살상 충격탄·관리국 전술화를 이용해 사격과 회피 연습하기 | E4: PC | F4: 탕! | G4: 장착한 총기·원거리 무기의 공격 수치를 포함해 정면 표적 1체를 공격하는 기본 사격. | I4: 액티브 | J4: 차한해 | K4: 경직 0.20초 | L4: 입력 | M4: 공격 입력 1회 | N4: 기본 공격력 비율 | O4: 1 | P4: 0 | Q4: 기본 공격력 × 100% | T4: 개별 | U4: 0.45 | V4: 0.2 | W4: 없음 | X4: 0 | Y4: 없음 | Z4: 0 | AA4: 시전 종료 | AB4: SKL-STS-001 | AC4: 관리국 지급 권총을 기준으로 최초 훈련
A5: 차한해 | B5: 정식 전투 | C5: 119 | D5: 119번 | 관리국 지급 권총·비살상 충격탄·관리국 전술화를 이용해 사격과 회피 연습하기 | E5: PC | F5: 앗, 피해! | G5: 입력 방향으로 짧게 이동하며 공격 판정을 피하는 기본 회피. 성공 시 일부 반격 스킬의 조건을 열어 줌. | I5: 액티브 | J5: 차한해 | L5: 입력 | M5: 회피 입력 1회 | N5: 없음 | O5: 0 | P5: 0 | Q5: 피해 없음 | T5: 개별 | U5: 1.8 | V5: 0.1 | W5: 이동 속도 | X5: 80 | Y5: % | Z5: 0.25 | AA5: 이동 종료 | AB5: 없음 | AC5: 훈련 이후 상시 사용
A6: 보스 | B6: 보스 공통 | C6: 146 | D6: 146번 | 나만 살아서 다행이 연속으로 닫는 방화문 다시 열기 | E6: PC | F6: 잠깐만! | G6: 보스전에서 딱 1번 사용할 수 있는 보조 스킬. 보스의 현재 행동을 1초간 멈춰 위험 패턴을 끊을 틈을 만듦. | I6: 액티브 | J6: 보스 | K6: 경직 1.00초 | L6: 전투당 1회 | M6: 보스전·미사용 상태 | N6: 없음 | O6: 0 | P6: 0 | Q6: 피해 없음 | T6: 전투당 1회 | U6: 0 | V6: 0.15 | W6: 없음 | X6: 0 | Y6: 없음 | Z6: 1 | AA6: 1초 종료 | AB6: SKL-STS-001 | AC6: 118번에서 해금·146번 첫 보스부터 실제 사용 가능
A7: 차한해 | B7: 전투 정보 | C7: 125 | D7: 125번 | 관리국 무전 이어피스로 똑똑소라의 공격 예고 신호 파악하기 | E7: PC | F7: 먼저 들었어 | G7: 관리국 무전 이어피스의 공격 예고 신호를 판독해 적의 전조를 기본보다 0.3초 먼저 표시하는 패시브. | I7: 패시브 | J7: 차한해 | L7: 장비 착용 | M7: 관리국 무전 이어피스 장착 | N7: 없음 | O7: 0 | P7: 0 | Q7: 피해 없음 | T7: 없음 | U7: 0 | V7: 0 | W7: 전조 표시 시간 | X7: 0.3 | Y7: 초 | Z7: 0 | AA7: 장비 해제 | AB7: 없음 | AC7: 장비 효과를 스킬 형태로 표현
A8: 차한해 | B8: 정식 전투 | C8: 126 | D8: 126번 | 문틈새우의 후방 기습을 피하고 반격 타이밍 맞추기 | E8: PC | F8: 피했으면 내 차례 | G8: 직전 공격을 회피한 직후 짧은 반격 창에서 사용하는 대응 사격·타격. | I8: 액티브 | J8: 차한해 | K8: 경직 0.30초 | L8: 조건부 입력 | M8: 회피 성공 후 0.8초 이내 | N8: 기본 공격력 비율 | O8: 1.15 | P8: 0 | Q8: 기본 공격력 × 115% | T8: 개별 | U8: 2 | V8: 0.25 | W8: 없음 | X8: 0 | Y8: 없음 | Z8: 0 | AA8: 반격 창 종료 | AB8: SKL-STS-001 | AC8: 회피 성공을 공격 기회로 전환
A9: 차한해 | B9: 공명 전투 | C9: 130 | D9: 130번 | 보랏빛 철봉으로 밖으로 나가재 제압하기 | E9: PC | F9: 보라색, 여기! | G9: 차한해에게만 보이는 보랏빛 공명 반응 부위를 노려 타격해 일반 공격보다 큰 약점 피해를 줌. | I9: 액티브 | J9: 차한해 | L9: 약점 노출 | M9: 보랏빛 약점 표식 활성 | N9: 기본 공격력 비율 | O9: 1.35 | P9: 0 | Q9: 기본 공격력 × 135% | T9: 개별 | U9: 2.5 | V9: 0.35 | W9: 없음 | X9: 0 | Y9: 없음 | Z9: 0 | AA9: 약점 타격 종료 | AB9: 없음 | AC9: 공명 약점이 없는 대상에는 사용 불가
A10: 차한해 | B10: 방어 전투 | C10: 134 | D10: 134번 | 구조한 경찰에게 깨진 경찰 방패와 휴대용 섬광 신호기 받기 | E10: PC | F10: 앞은 내가 막아 | G10: 깨진 경찰 방패 등 전방 방어 장비를 들어 정면 피해와 밀려남을 줄이는 유지형 방어. | I10: 액티브 | J10: 차한해 | L10: 입력 유지 | M10: 방어 장비 장착·방어 입력 유지 | N10: 없음 | O10: 0 | P10: 0 | Q10: 피해 없음 | T10: 유지형 | U10: 0 | V10: 0.15 | W10: 받는 정면 피해 | X10: -50 | Y10: % | Z10: 0 | AA10: 입력 해제·방패 파손 | AB10: 없음 | AC10: 보스·강한 공격에는 감소량이 낮아질 수 있음
A11: 일반 변이체 | B11: 환경 유인 | C11: 141 | D11: 141번 | 휴대용 섬광 신호기와 차단기 막대로 내자리산호 유인하기 | E11: PC | F11: 저기 봐! | G11: 휴대용 섬광 신호기 1개를 소비해 일반 변이체의 주의를 설치 지점으로 4초간 돌리는 비전투·전투 겸용 스킬. | I11: 연출용+액티브 | J11: 일반 변이체 | K11: 주의 분산 4초 | L11: 아이템 사용 | M11: 휴대용 섬광 신호기 1회 소모 | N11: 없음 | O11: 0 | P11: 0 | Q11: 피해 없음 | T11: 아이템 횟수 | U11: 0 | V11: 0.4 | W11: 표적 인식 | X11: -1 | Y11: 대상 | Z11: 4 | AA11: 지속 종료·보스 면역 | AB11: SKL-STS-010 | AC11: PPT의 폭죽형 유틸리티 스킬과 같은 구조
A12: 차한해 | B12: 환경 유인 | C12: 141 | D12: 141번 | 휴대용 섬광 신호기와 차단기 막대로 내자리산호 유인하기 | E12: PC | F12: 이쪽이야! | G12: 차단기 막대나 주변 소음 오브젝트를 이용해 주의가 분산된 적의 이동 목표를 열린 공간으로 유도함. | I12: 액티브 | J12: 차한해 | L12: 환경 상호작용 | M12: 유인 가능한 오브젝트 활성 | N12: 없음 | O12: 0 | P12: 0 | Q12: 피해 없음 | T12: 개별 | U12: 3 | V12: 0.3 | W12: 이동 목표 | X12: 1 | Y12: 지점 | Z12: 3 | AA12: 대상 도달·지속 종료 | AB12: SKL-STS-007 | AC12: 환경 지형과 함께 사용하는 전술형 스킬
A13: 차한해 | B13: 첫 보스 | C13: 148 | D13: 148번 | 모든 문을 열린 채 고정하고 잠금 핵 무력화하기 | E13: PC | F13: 핵부터! | G13: 보스의 노출된 핵에 공격을 집중해 외피보다 큰 파괴 효율을 내는 상황형 집중 공격. | I13: 액티브 | J13: 차한해 | L13: 약점 노출 | M13: 보스 핵 노출 상태 | N13: 기본 공격력 비율 | O13: 1.4 | P13: 0 | Q13: 기본 공격력 × 140% | T13: 개별 | U13: 1.5 | V13: 0.3 | W13: 핵 피해 | X13: 40 | Y13: % | Z13: 0 | AA13: 핵 은폐 | AB13: 없음 | AC13: 노출 약점 전용
A14: 차한해 | B14: 공명 장비 | C14: 153 | D14: 153번 | 나대진에게 충격 보호대·공명 보호 장갑·고등급자 공명 증폭기 수령하기 | E14: PC | F14: 증폭기, 켠다! | G14: 고등급자 공명 증폭기를 켜 공명 대상 공격력을 높이는 대신 화면 간섭을 함께 발생시키는 장비 액티브. | I14: 액티브 | J14: 차한해 | K14: UI 간섭 | L14: 장비 사용 | M14: 고등급자 공명 증폭기 장착 | N14: 없음 | O14: 0 | P14: 0 | Q14: 피해 없음 | T14: 개별 | U14: 8 | V14: 0.35 | W14: 공격력 | X14: 15 | Y14: + | Z14: 8 | AA14: 장비 해제·지속 종료 | AB14: 없음 | AC14: 공명 대상 피해 +8%·UI 간섭 +3%는 아이템 시트 값 적용
A15: 차한해 | B15: 다수 전투 | C15: 160 | D15: 160번 | 공명 증폭기와 전광판 쇠막대로 승강장의 찰싹진드기 제압하기 | E15: PC | F15: 한 줄로 서! | G15: 전광판 쇠막대의 넓은 궤적으로 일렬에 겹친 여러 적을 한 번에 타격하는 정렬 공격. | I15: 액티브 | J15: 차한해 | L15: 입력 | M15: 2체 이상 일렬 정렬 | N15: 기본 공격력 비율 | O15: 1.1 | P15: 0 | Q15: 기본 공격력 × 110% | T15: 개별 | U15: 3.2 | V15: 0.5 | W15: 최대 타격 수 | X15: 3 | Y15: 체 | Z15: 0 | AA15: 시전 종료 | AB15: 없음 | AC15: 대상별 피해 동일
A16: 차한해 | B16: 융합 보스 | C16: 163 | D16: 163번 | 합치면 강해진댔잖아의 단일 외피 공략하기 | E16: PC | F16: 둘 중 하나! | G16: 상반된 공격 전조를 읽고 이번 공격을 받아낼지 피할지 판별하는 판단형 패시브. | I16: 패시브 | J16: 차한해 | L16: 패턴 판독 | M16: 상반 전조 발생 | N16: 없음 | O16: 0 | P16: 0 | Q16: 피해 없음 | T16: 없음 | U16: 0 | V16: 0 | W16: 판독 표시 | X16: 1 | Y16: 회 | Z16: 0 | AA16: 해당 공격 종료 | AB16: 없음 | AC16: 잘못 판독하면 보스 패턴 페널티 적용
A17: 차한해 | B17: 융합 보스 | C17: 168 | D17: 168번 | 관리국 응급 주사를 사용하고 폭력의 순환 핵 파괴하기 | E17: PC | F17: 하나, 둘—지금! | G17: 동시에 노출된 2개의 연결 핵을 짧은 허용 시간 안에 맞혀 폭력의 순환 연결을 끊는 동시 타격. | I17: 액티브 | J17: 차한해 | L17: 동시 조건 | M17: 연결 핵 2개 동시 노출 | N17: 기본 공격력 비율 | O17: 1.2 | P17: 0 | Q17: 기본 공격력 × 120% | T17: 개별 | U17: 5 | V17: 0.45 | W17: 동시 판정 시간 | X17: 0.6 | Y17: 초 | Z17: 0 | AA17: 핵 파괴·허용 시간 초과 | AB17: 없음 | AC17: 2개 핵 모두 적중해야 성공
A18: 차한해 | B18: 중장비 방어 | C18: 169 | D18: 169번 | 구조된 군인에게 군용 방탄판 받기 | E18: PC | F18: 버텨! | G18: 군용 방탄판 등 중량 방어구를 이용해 강한 단발 공격을 정면에서 받아내고 밀려남을 크게 줄임. | I18: 액티브 | J18: 차한해 | L18: 조건부 입력 | M18: 강공격 전조 중 방어 입력 | N18: 없음 | O18: 0 | P18: 0 | Q18: 피해 없음 | T18: 개별 | U18: 4 | V18: 0.2 | W18: 받는 피해 | X18: -35 | Y18: % | Z18: 1 | AA18: 강공격 종료 | AB18: SKL-STS-002 | AC18: 방어구 내구도 소모
A19: 차한해 | B19: 갈채 보스 | C19: 179 | D19: 179번 | 추앙풍뎅이의 보호막 부여를 차단하고 중계 카메라 끄기 | E19: PC | F19: 안 찍히면 돼 | G19: 카메라 시야와 스포트라이트를 피해 사각지대에서 이동하면 갈채 계열 적의 추적·강화 조건을 끊음. | I19: 패시브 | J19: 차한해 | L19: 위치 조건 | M19: 카메라 시야 밖 | N19: 없음 | O19: 0 | P19: 0 | Q19: 피해 없음 | T19: 없음 | U19: 0 | V19: 0 | W19: 갈채 획득 | X19: 0 | Y19: 고정 | Z19: 0 | AA19: 카메라 시야 진입 | AB19: SKL-STS-016 | AC19: 카메라 없는 행동이 보스 기믹을 약화
A20: 차한해 | B20: 갈채 보스 | C20: 181 | D20: 181번 | 아무도 보지 않는 곳에서 시민을 구하고 박수 없인 못 살아 제압하기 | E20: PC | F20: 아무도 안 봐도 | G20: 카메라가 없는 위치에서 실제 시민을 구조해 갈채와 무관한 선행을 증명하고 보스 보호막을 제거하는 사건형 행동. | I20: 연출용+액티브 | J20: 차한해 | L20: 사건 조건 | M20: 실제 시민 판별·카메라 비노출 | N20: 없음 | O20: 0 | P20: 0 | Q20: 피해 없음 | T20: 없음 | U20: 0 | V20: 1 | W20: 보호막 | X20: 0 | Y20: 고정 | Z20: 0 | AA20: 구조 완료 | AB20: SKL-STS-016 | AC20: 서사와 보스 공략을 직접 연결
A21: 지원 가능 NPC | B21: 회사 구조 | C21: 186 | D21: 186번 | 구조용 로프 발사기로 한도윤과 회사 직원 대피시키기 | E21: PC | F21: 도와줘! | G21: 현재 콘텐츠에 사전 정의된 지원 행동이 있고 해당 NPC의 인연·위치 조건을 만족할 때만 지원을 호출하는 제한형 스킬. | I21: 액티브 | J21: 지원 가능 NPC | L21: 상황 조건 | M21: 지원 가능 NPC·인연·콘텐츠 플래그 충족 | N21: 없음 | O21: 0 | P21: 0 | Q21: 피해 없음 | T21: 상황당 1회 | U21: 0 | V21: 0.3 | W21: 없음 | X21: 0 | Y21: 없음 | Z21: 0 | AA21: 지원 행동 완료 | AB21: SKL-NPC-001 / SKL-NPC-002 | AC21: 범용 동료 AI가 아니라 콘텐츠별 고정 지원 행동 호출
A22: 차한해 | B22: 회사 구조 | C22: 186 | D22: 186번 | 구조용 로프 발사기로 한도윤과 회사 직원 대피시키기 | E22: PC | F22: 길 하나 만들게! | G22: 구조용 로프 발사기 1회를 소비해 끊어진 계단·붕괴 통로에 임시 이동 경로를 생성함. | I22: 연출용+액티브 | J22: 차한해 | L22: 아이템 사용 | M22: 구조용 로프 발사기 1회 소모 | N22: 없음 | O22: 0 | P22: 0 | Q22: 피해 없음 | T22: 아이템 횟수 | U22: 0 | V22: 0.8 | W22: 이동 경로 | X22: 1 | Y22: 개 | Z22: 0 | AA22: 경로 생성 완료 | AB22: 없음 | AC22: 186번·188번 총 2회 사용
A23: 차한해 | B23: 심층 탐사 | C23: 249 | D23: 249번 | 별을 삼킨 강당가 변혜서임을 확정하고 선의 안정 장치 발동 견디기 | E23: PC | F23: 괜찮아, 아직. | G23: 선의 안정 장치가 큰 심리 충격으로 입력 흔들림이 발생할 때 1회 자동 발동해 자아마모 수치는 유지한 채 조작 흔들림만 완화함. | I23: 패시브+자동 | J23: 차한해 | L23: 사건 플래그 | M23: 선의 안정 장치 장착·친구 정체 확정 | N23: 없음 | O23: 0 | P23: 0 | Q23: 피해 없음 | T23: 1회 자동 | U23: 0 | V23: 0 | W23: 입력 흔들림 | X23: -100 | Y23: % | Z23: 10 | AA23: 10초 종료 | AB23: SKL-STS-013 | AC23: 196번에서 장치 획득·249번 첫 자동 발동
A24: 차한해 | B24: 폐교 은폐 | C24: 215 | D24: 215번 | 고밀도 충격 흡수 장화로 등 뒤 한 칸의 기습을 버티며 복도 통과하기 | E24: PC | F24: 쉿. | G24: 이동을 잠시 멈추고 소리 발생 행동을 제한해 청각 추적형 변이체의 추적 게이지를 끊음. | I24: 액티브 | J24: 차한해 | L24: 입력 유지 | M24: 1초간 이동·공격 입력 없음 | N24: 없음 | O24: 0 | P24: 0 | Q24: 피해 없음 | T24: 개별 | U24: 2.5 | V24: 1 | W24: 소음 발생량 | X24: -100 | Y24: % | Z24: 1.5 | AA24: 이동·공격 입력 | AB24: 없음 | AC24: 은폐 전용
A25: 차한해 | B25: 폐교 공명 | C25: 238 | D25: 238번 | 보랏빛 사랑의 매로 기억 외피 공명 타격 시험하기 | E25: PC | F25: 껍데기부터 | G25: 사랑의 매로 보랏빛 공명 외피만 골라 때려 외피 방어를 먼저 제거하는 전용 공략 스킬. | I25: 액티브 | J25: 차한해 | L25: 약점 노출 | M25: 공명 외피 활성 | N25: 기본 공격력 비율 | O25: 1.3 | P25: 0 | Q25: 기본 공격력 × 130% | T25: 개별 | U25: 2.8 | V25: 0.45 | W25: 외피 피해 | X25: 50 | Y25: % | Z25: 0 | AA25: 외피 파괴 | AB25: 없음 | AC25: 본체 피해보다 외피 제거에 특화
A26: 차한해 | B26: 폐교 투척 | C26: 244 | D26: 244번 | 농구공의 투척 궤적 익히기 | E26: PC | F26: 한 번 튕겨! | G26: 보랏빛 농구공을 벽·골대에 반사시켜 직선으로 닿지 않는 기억 핵을 타격함. | I26: 액티브 | J26: 차한해 | L26: 입력 | M26: 반사 경로 조준 완료 | N26: 기본 공격력 비율 | O26: 1.1 | P26: 0 | Q26: 기본 공격력 × 110% | T26: 개별 | U26: 2 | V26: 0.55 | W26: 반사 횟수 | X26: 1 | Y26: 회 | Z26: 0 | AA26: 공 회수·화면 밖 이탈 | AB26: 없음 | AC26: 반사 성공 시 기억 핵 판정 가능
... A31: 차한해·동료 | B31: 최종 보스 | C31: 287 | D31: 287번 | 차한해에게 연결된 무한대 부담 장치 파괴하기 | E31: PC | F31: 이번엔 같이. | G31: 차한해 혼자 무한대 부담을 받아내지 않고 전장에 분산된 연결 장치를 동료와 동시 작동시키는 협력형 사건 스킬. | I31: 연출용+액티브 | J31: 차한해·동료 | L31: 동시 입력 | M31: 부담 연결 장치 4개 활성 | N31: 없음 | O31: 0 | P31: 0 | Q31: 피해 없음 | T31: 페이즈 1회 | U31: 0 | V31: 0.6 | W31: 부담 연결 | X31: -4 | Y31: 개 | Z31: 0 | AA31: 장치 4개 동시 파괴 | AB31: 없음 | AC31: 최종부 주제인 책임 분담을 전투 기믹으로 표현
A32: 도시 전체 시민 | B32: 희생 엔딩 | C32: 296 | D32: 296번 | 모두가 각자 가까운 균열로 함께 들어가기 | E32: PC | F32: 눈물 | G32: 차한해가 혼자 균열로 들어가는 희생 경로에서 진입 직전 UI로 반드시 사용하는 마지막 스킬. 눈물 한 방울과 함께 기억·감정이 도시 전체로 공명됨. | I32: 연출용+액티브 | J32: 도시 전체 시민 | K32: 죄책감 | L32: 1회 강제 발동 | M32: 단독 희생 엔딩 확정·균열 진입 직전 | N32: 없음 | O32: 0 | P32: 0 | Q32: 피해 없음 | T32: 엔딩 1회 | U32: 0 | V32: 2 | W32: 없음 | X32: 0 | Y32: 없음 | Z32: 0 | AA32: 눈물 연출 종료·균열 진입 | AB32: SKL-STS-015 | AC32: 공동 진입 엔딩에서는 UI 자체가 나타나지 않음
A33: 차한해 | B33: 고유 특성 | C33: 112 | D33: 112번 | 다른 측정기로 재측정하고 같은 오류 확인하기 | E33: PC | F33: 무한 선의 | G33: 차한해의 선의 감소 연산을 0으로 고정하고 측정 상한을 반복 초과시키는 태생적 패시브. 전투 행위 자체는 선의 감소 조건이 아님. | I33: 패시브 | J33: 차한해 | L33: 상시 | M33: 차한해 활성 상태 | N33: 없음 | O33: 0 | P33: 0 | Q33: 피해 없음 | T33: 없음 | U33: 0 | V33: 0 | W33: 선의 감소량 | X33: 0 | Y33: 고정값 | Z33: 0 | AA33: 해제 불가 | AB33: 없음 | AC33: 112번 재측정에서 시스템적으로 확정
A34: 한도윤 | B34: 회사 구조 | C34: 186 | D34: 186번 | 구조용 로프 발사기로 한도윤과 회사 직원 대피시키기 | E34: NPC | F34: 찾았어, 여기야! | G34: 한도윤 인연 100%에서 [도와줘!]로 호출되는 지원 행동. 마지막 직원의 위치를 무전과 표식으로 즉시 알려 줌. | I34: 지원+이벤트 | J34: 한도윤 | L34: 연계 호출 | M34: SKL-PC-020 사용·한도윤 인연 100% | N34: 없음 | O34: 0 | P34: 0 | Q34: 피해 없음 | T34: 상황당 1회 | U34: 0 | V34: 0.5 | W34: 탐색 후보 | X34: -1 | Y34: 구역 | Z34: 0 | AA34: 위치 표식 확인 | AB34: 없음 | AC34: 범용 AI 이동이 아니라 정보 지원
A35: 나대진 | B35: 최종 보스 | C35: 287 | D35: 287번 | 차한해에게 연결된 무한대 부담 장치 파괴하기 | E35: NPC | F35: 여기서 받쳐줄게 | G35: 나대진 인연 100%에서 [도와줘!]로 호출되는 원격 지원. 치명 피해 1회를 막고 가장 가까운 부담 장치 1개를 안정화함. | I35: 지원+이벤트 | J35: 나대진 | L35: 연계 호출 | M35: SKL-PC-020 사용·나대진 인연 100% | N35: 없음 | O35: 0 | P35: 0 | Q35: 피해 없음 | T35: 전투당 1회 | U35: 0 | V35: 0.4 | W35: 치명 피해 | X35: -100 | Y35: % | Z35: 0 | AA35: 지원 1회 소모 | AB35: 없음 | AC35: 270번에서 지원 조건 해금
A36: 피격 대상 | B36: 공용 상태 | C36: 119 | D36: 최초 호출 | 119번 | E36: 상태/시스템 | F36: 경직 | G36: 일정 시간 대상의 이동·공격 입력 또는 AI 행동을 중단시키는 공용 상태. | I36: 상태이상 | J36: 피격 대상 | K36: 행동 불가 | L36: 연계 호출 | M36: 경직을 부여하는 스킬 적중 | N36: 없음 | O36: 0 | P36: 0 | Q36: 피해 없음 | T36: 없음 | U36: 0 | V36: 0 | W36: 행동 가능 여부 | X36: -1 | Y36: 상태 | Z36: 1 | AA36: 지속 종료 | AB36: 없음 | AC36: 호출 스킬이 지속 시간을 덮어씀
A37: 피격 대상 | B37: 공용 상태 | C37: 130 | D37: 최초 호출 | 130번 | E37: 상태/시스템 | F37: 밀려남 | G37: 대상을 공격 방향 반대로 강제 이동시키는 공용 위치 제어 상태. | I37: 상태이상 | J37: 피격 대상 | K37: 강제 이동 | L37: 연계 호출 | M37: 밀치기·돌진·충격파 적중 | N37: 없음 | O37: 0 | P37: 0 | Q37: 피해 없음 | T37: 없음 | U37: 0 | V37: 0 | W37: 위치 이동 | X37: 1.5 | Y37: 칸 | Z37: 0 | AA37: 이동 완료 | AB37: 없음 | AC37: 보스·고정형 개체는 거리 감소
A38: 피격 대상 | B38: 공용 상태 | C38: 160 | D38: 최초 호출 | 160번 | E38: 상태/시스템 | F38: 이동 둔화 | G38: 대상의 이동 속도를 일정 시간 낮추는 공용 상태. | I38: 상태이상 | J38: 피격 대상 | K38: 이동 속도 감소 | L38: 연계 호출 | M38: 이동 방해 계열 스킬 적중 | N38: 없음 | O38: 0 | P38: 0 | Q38: 피해 없음 | T38: 없음 | U38: 0 | V38: 0 | W38: 이동 속도 | X38: -40 | Y38: % | Z38: 3 | AA38: 지속 종료 | AB38: 없음 | AC38: 중첩 시 높은 값 우선
A39: 시전자·아군 | B39: 공용 상태 | C39: 103 | D39: 최초 호출 | 103번 | E39: 상태/시스템 | F39: 공격 강화 | G39: 몬스터 또는 무리의 공격력을 일정 시간 높이는 공용 강화 상태. | I39: 버프 | J39: 시전자·아군 | L39: 연계 호출 | M39: 강화·가속·구호 계열 스킬 성공 | N39: 없음 | O39: 0 | P39: 0 | Q39: 피해 없음 | T39: 없음 | U39: 0 | V39: 0 | W39: 공격력 | X39: 20 | Y39: % | Z39: 6 | AA39: 지속 종료 | AB39: 없음 | AC39: 선도체·갈채 계열 공용
A40: 시전자·아군 | B40: 공용 상태 | C40: 179 | D40: 최초 호출 | 179번 | E40: 상태/시스템 | F40: 보호막 | G40: 일정량의 피해를 본체보다 먼저 흡수하는 공용 방어 상태. | I40: 버프 | J40: 시전자·아군 | L40: 연계 호출 | M40: 보호막·외피 계열 스킬 성공 | N40: 없음 | O40: 0 | P40: 0 | Q40: 피해 없음 | T40: 없음 | U40: 0 | V40: 0 | W40: 보호막 | X40: 20 | Y40: % | Z40: 6 | AA40: 보호막 소진·지속 종료 | AB40: 없음 | AC40: 최대 HP 비율 기준
A41: 차한해 | B41: 공용 상태 | C41: 222 | D41: 최초 호출 | 222번 | E41: 상태/시스템 | F41: 방향 혼란 | G41: 플레이어의 이동·전조 방향 정보를 짧게 뒤틀어 판단을 방해하는 상태. | I41: 디버프 | J41: 차한해 | K41: 방향 정보 왜곡 | L41: 연계 호출 | M41: 환각·혼란 계열 스킬 적중 | N41: 없음 | O41: 0 | P41: 0 | Q41: 피해 없음 | T41: 없음 | U41: 0 | V41: 0 | W41: 방향 판독 | X41: -1 | Y41: 단계 | Z41: 2.5 | AA41: 지속 종료 | AB41: 없음 | AC41: 접근성 설정에서 시각 왜곡 완화 가능
A42: 대상·위치 | B42: 공용 상태 | C42: 103 | D42: 최초 호출 | 103번 | E42: 상태/시스템 | F42: 표적 지정 | G42: AI가 특정 대상 또는 위치를 우선 목표로 삼도록 바꾸는 공용 상태. | I42: 상태이상 | J42: 대상·위치 | K42: 우선 표적 변경 | L42: 연계 호출 | M42: 지정·호명·유인 계열 스킬 성공 | N42: 없음 | O42: 0 | P42: 0 | Q42: 피해 없음 | T42: 없음 | U42: 0 | V42: 0 | W42: AI 우선순위 | X42: 1 | Y42: 단계 | Z42: 4 | AA42: 대상 이탈·지속 종료 | AB42: 없음 | AC42: PC 유인과 몬스터 호명 모두 사용
A43: 연결 대상 | B43: 공용 상태 | C43: 275 | D43: 최초 호출 | 275번 | E43: 상태/시스템 | F43: 피해 전가 | G43: 받을 피해 또는 상태이상을 연결된 다른 대상에게 넘기는 상태. | I43: 상태이상 | J43: 연결 대상 | K43: 피해 이전 | L43: 연계 호출 | M43: 전가 연결 활성 | N43: 없음 | O43: 0 | P43: 0 | Q43: 피해 없음 | T43: 없음 | U43: 0 | V43: 0 | W43: 피해 이전 | X43: 70 | Y43: % | Z43: 5 | AA43: 연결 해제·대상 소멸 | AB43: 없음 | AC43: 시민 환영 연결은 직접 피해 판정 없음
A44: 피격 대상 | B44: 공용 상태 | C44: 276 | D44: 최초 호출 | 276번 | E44: 상태/시스템 | F44: 속박 | G44: 이동 또는 특정 행동 입력을 잠시 제한하는 공용 제어 상태. | I44: 상태이상 | J44: 피격 대상 | K44: 이동·행동 제한 | L44: 연계 호출 | M44: 속박·행동 봉쇄 적중 | N44: 없음 | O44: 0 | P44: 0 | Q44: 피해 없음 | T44: 없음 | U44: 0 | V44: 0 | W44: 이동 속도 | X44: -100 | Y44: % | Z44: 1.5 | AA44: 지속 종료·해제 입력 성공 | AB44: 없음 | AC44: 장비 저항으로 지속시간 감소
A45: 일반 변이체 | B45: 공용 상태 | D45: 최초 호출 | 141번 | E45: 상태/시스템 | F45: 주의 분산 | G45: 일반 변이체의 표적을 실제 대상에서 소리·빛 발생 지점으로 잠시 바꾸는 상태. | I45: 상태이상 | J45: 일반 변이체 | K45: 표적 전환 | L45: 연계 호출 | M45: [저기 봐!] 발동 | N45: 없음 | O45: 0 | P45: 0 | Q45: 피해 없음 | T45: 없음 | U45: 0 | V45: 0 | W45: 표적 우선순위 | X45: 1 | Y45: 지점 | Z45: 4 | AA45: 지속 종료·피격 | AB45: 없음 | AC45: 보스 면역
A46: 차한해 | B46: 첫 힘 발현 | D46: 79번 | 두 눈을 감고 양손으로 괴물을 막기 | E46: 상태/시스템 | F46: 무의식적 선의 폭발 | G46: [펑!]에 의해 호출되어 차한해의 공격력 보정에 +990을 더해 순간 출력 1000을 만드는 일회성 상태. | I46: 버프 | J46: 차한해 | L46: 연계 호출 | M46: SKL-PC-002 발동 | N46: 없음 | O46: 0 | P46: 0 | Q46: 피해 없음 | T46: 없음 | U46: 0 | V46: 0 | W46: 공격력 | X46: 990 | Y46: + | Z46: 0.8 | AA46: 접촉 판정 완료 | AB46: SKL-STS-012 | AC46: 다음 콘텐츠에서 즉시 0으로 복귀
A47: 접촉 초기 변이체 | B47: 첫 힘 발현 | D47: 79번 | 두 눈을 감고 양손으로 괴물을 막기 | E47: 상태/시스템 | F47: 접촉 소멸 | G47: 무의식적 선의 폭발 상태에서 초기 변이체가 차한해에게 접촉하면 외피가 먼지처럼 붕괴하는 사건 처리. | I47: 이벤트 | J47: 접촉 초기 변이체 | L47: 연계 호출 | M47: SKL-STS-011 활성·접촉 판정 | N47: 특수 사건 | O47: 0 | P47: 0 | Q47: 스토리 판정 | T47: 없음 | U47: 0 | V47: 0 | W47: 대상 상태 | X47: -1 | Y47: 개체 | Z47: 0 | AA47: 대상 소멸 완료 | AB47: 없음 | AC47: 일반 전투 처치와 다른 사건 판정
A48: 차한해 | B48: 심층 탐사 | D48: 249번 | 별을 삼킨 강당가 변혜서임을 확정하고 선의 안정 장치 발동 견디기 | E48: 상태/시스템 | F48: 입력 안정 | G48: 자아마모 수치를 되돌리지 않고 입력 흔들림만 일정 시간 제거하는 보조 상태. | I48: 버프 | J48: 차한해 | L48: 연계 호출 | M48: 선의 안정 장치 자동 발동 | N48: 없음 | O48: 0 | P48: 0 | Q48: 피해 없음 | T48: 없음 | U48: 0 | V48: 0 | W48: 입력 흔들림 | X48: -100 | Y48: % | Z48: 10 | AA48: 지속 종료 | AB48: 없음 | AC48: 자아마모 수치에는 영향 없음
A49: 차한해 | B49: 폐교 보스 | D49: 250번 | 안정 앰플로 화면 간섭을 완화하고 변혜서에게 공격 멈추기 | E49: 상태/시스템 | F49: UI 안정 | G49: 자아마모 수치는 유지한 채 화면 노이즈·간섭 강도만 낮추는 상태. | I49: 버프 | J49: 차한해 | L49: 연계 호출 | M49: 안정 앰플 사용 | N49: 없음 | O49: 0 | P49: 0 | Q49: 피해 없음 | T49: 없음 | U49: 0 | V49: 0 | W49: UI 간섭 | X49: -100 | Y49: % | Z49: 8 | AA49: 지속 종료 | AB49: 없음 | AC49: 게임플레이 가독성 보조
A50: 도시 전체 시민 | B50: 희생 엔딩 | D50: 296번 | 모두가 각자 가까운 균열로 함께 들어가기 | E50: 상태/시스템 | F50: 죄책감 | G50: [눈물]로 전달된 차한해의 기억과 감정을 도시 시민이 체감하며 스스로 자신의 요구와 방관을 되돌아보게 되는 엔딩 상태. | I50: 상태이상+연출 | J50: 도시 전체 시민 | K50: 기억 회상·후회 대사 플래그 | L50: 연계 호출 | M50: SKL-PC-031 발동 | N50: 없음 | O50: 0 | P50: 0 | Q50: 피해 없음 | T50: 없음 | U50: 0 | V50: 0 | W50: 시민 반응 플래그 | X50: 1 | Y50: 상태 | Z50: 0 | AA50: 엔딩 종료·후일담 전환 | AB50: 없음 | AC50: 감정 강제 조종이 아니라 기억 공유 후 자발적 죄책감
A51: 갈채 계열 변이체 | B51: 갈채 계열 | D51: 최초 호출 | 175번 | E51: 상태/시스템 | F51: 갈채 | G51: 박수·카메라·시선이 축적될수록 갈채 계열 변이체의 공격력·보호막이 강화되는 공용 자원 상태. | I51: 버프 | J51: 갈채 계열 변이체 | L51: 연계 호출 | M51: 박수·시선 계열 스킬 성공 | N51: 없음 | O51: 0 | P51: 0 | Q51: 피해 없음 | T51: 없음 | U51: 0 | V51: 0 | W51: 갈채 스택 | X51: 1 | Y51: 스택 | Z51: 0 | AA51: 카메라 차단·비공개 구조 | AB51: SKL-STS-004 / SKL-STS-005 | AC51: 최대 스택은 보스별 별도 설정
A52: 차한해 | B52: 최종 균열 | D52: 283번 | 정예 균열 수호체 ‘선의 압류관’과 전투 치르기 | E52: 상태/시스템 | F52: 회복 반전 | G52: 회복 효과가 들어오면 같은 수치의 피해 또는 회복 차단으로 변환되는 정예전 상태. | I52: 디버프 | J52: 차한해 | K52: 회복 반전 | L52: 연계 호출 | M52: 선의 압류관 [회복도 압류] 성공 | N52: 없음 | O52: 0 | P52: 0 | Q52: 피해 없음 | T52: 없음 | U52: 0 | V52: 0 | W52: 회복 효율 | X52: -200 | Y52: % | Z52: 4 | AA52: 지속 종료·장치 파괴 | AB52: 없음 | AC52: 회복 사용 타이밍을 바꾸는 정예 기믹
A53: 차한해 | B53: 최종 균열 | D53: 283번 | 정예 균열 수호체 ‘선의 압류관’과 전투 치르기 | E53: 상태/시스템 | F53: 선의 봉쇄 | G53: 차한해의 공명·회복 관련 보조 효과를 일정 시간 봉쇄하는 정예전 상태. | I53: 디버프 | J53: 차한해 | K53: 공명 보조 봉쇄 | L53: 연계 호출 | M53: 선의 압류관 [선의 압류] 성공 | N53: 없음 | O53: 0 | P53: 0 | Q53: 피해 없음 | T53: 없음 | U53: 0 | V53: 0 | W53: 공명 보조 사용 | X53: -1 | Y53: 상태 | Z53: 5 | AA53: 봉쇄 장치 파괴·지속 종료 | AB53: 없음 | AC53: 무한 선의 자체는 감소시키지 않음
A54: 전장 대상 | B54: 최종 보스 | D54: 285번 | 너만 무한이잖아의 등급 배정 규칙 무효화하기 | E54: 상태/시스템 | F54: 등급 표식 | G54: 너만 무한이잖아가 행동과 무관하게 대상에게 등급을 부여해 공격 우선순위를 강제하는 보스 규칙 상태. | I54: 상태이상 | J54: 전장 대상 | K54: 등급 부여 | L54: 연계 호출 | M54: [등급부터 매길게.] 성공 | N54: 없음 | O54: 0 | P54: 0 | Q54: 피해 없음 | T54: 없음 | U54: 0 | V54: 0 | W54: 우선순위 | X54: 1 | Y54: 등급 | Z54: 0 | AA54: [등급? 됐거든.] 성공·장치 파괴 | AB54: 없음 | AC54: 등급의 부당함을 시스템 규칙으로 표현
A55: 차한해 | B55: 최종 보스 | D55: 284번 | 중심 섬의 너만 무한이잖아와 마주하기 | E55: 상태/시스템 | F55: 희생 표식 | G55: 특정 1인을 희생 우선 대상으로 지정해 주변 공격·밀치기 AI가 해당 대상에 집중되도록 만드는 상태. | I55: 상태이상 | J55: 차한해 | K55: 희생 우선순위 | L55: 연계 호출 | M55: 희생·선동 계열 스킬 성공 | N55: 없음 | O55: 0 | P55: 0 | Q55: 피해 없음 | T55: 없음 | U55: 0 | V55: 0 | W55: AI 우선순위 | X55: 2 | Y55: 단계 | Z55: 5 | AA55: 표식 해제·지속 종료 | AB55: 없음 | AC55: 최종부 선도체와 보스가 공유
A56: 보라멍울 | B56: 3 | 선택된 선의 · 3-B | 대피 경로 | D56: 74번 | 아파트 계단으로 이동하며 ‘보라멍울’를 피해 숨기 | E56: 몬스터 | F56: 슥, 긁기 | G56: 근거리 전방을 긁어 기본 피해를 줌. | I56: 액티브 | J56: 보라멍울 | L56: AI 가중치 | M56: 사거리·페이즈·주변 상황 조건 충족 | N56: 몬스터 최종 공격력 비율 | O56: 0.95 | P56: 0 | Q56: 몬스터 최종 공격력 × 95% | R56: 5.5 | S56: 0.7 | T56: 개별 | U56: 4 | V56: 0.55 | W56: 없음 | X56: 0 | Y56: 없음 | Z56: 0 | AA56: 시전 종료 | AB56: 없음 | AC56: 기능 원형: 느린 할퀴기 · 몬스터 시트 발동률 70%와 동기화
A57: 보라멍울 | B57: 3 | 선택된 선의 · 3-B | 대피 경로 | D57: 74번 | 아파트 계단으로 이동하며 ‘보라멍울’를 피해 숨기 | E57: 몬스터 | F57: 꿈틀꿈틀 | G57: '비틀거리며 접근' 행동을 수행해 위치·전투 리듬을 변화시킴. | I57: 액티브 | J57: 보라멍울 | L57: AI 가중치 | M57: 사거리·페이즈·주변 상황 조건 충족 | N57: 없음 | O57: 0 | P57: 0 | Q57: 피해 없음 | R57: 6.2 | S57: 0.3 | T57: 개별 | U57: 4.7 | V57: 0.55 | W57: 없음 | X57: 0 | Y57: 없음 | Z57: 0 | AA57: 시전 종료 | AB57: 없음 | AC57: 기능 원형: 비틀거리며 접근 · 몬스터 시트 발동률 30%와 동기화
A58: 문틈젤리 | B58: 3 | 선택된 선의 · 3-B | 아파트 대피·첫 힘 | D58: 78번 | 문틈젤리와 정면으로 마주치기 | E58: 몬스터 | F58: 문 열면 나와! | G58: '갑작스러운 덮치기' 행동을 수행해 위치·전투 리듬을 변화시킴. | I58: 액티브 | J58: 문틈젤리 | L58: AI 가중치 | M58: 사거리·페이즈·주변 상황 조건 충족 | N58: 몬스터 최종 공격력 비율 | O58: 1 | P58: 0 | Q58: 몬스터 최종 공격력 × 100% | R58: 5.5 | S58: 0.45 | T58: 개별 | U58: 4 | V58: 0.55 | W58: 없음 | X58: 0 | Y58: 없음 | Z58: 0 | AA58: 시전 종료 | AB58: 없음 | AC58: 기능 원형: 갑작스러운 덮치기 · 몬스터 시트 발동률 45%와 동기화
A59: 문틈젤리 | B59: 3 | 선택된 선의 · 3-B | 아파트 대피·첫 힘 | D59: 78번 | 문틈젤리와 정면으로 마주치기 | E59: 몬스터 | F59: 여긴 내 틈 | G59: '문 앞 버티기' 행동을 수행해 위치·전투 리듬을 변화시킴. | I59: 액티브 | J59: 문틈젤리 | L59: AI 가중치 | M59: 사거리·페이즈·주변 상황 조건 충족 | N59: 없음 | O59: 0 | P59: 0 | Q59: 피해 없음 | R59: 6.2 | S59: 0.35 | T59: 개별 | U59: 4.7 | V59: 0.55 | W59: 없음 | X59: 0 | Y59: 없음 | Z59: 0 | AA59: 시전 종료 | AB59: 없음 | AC59: 기능 원형: 문 앞 버티기 · 몬스터 시트 발동률 35%와 동기화
A60: 문틈젤리 | B60: 3 | 선택된 선의 · 3-B | 아파트 대피·첫 힘 | D60: 78번 | 문틈젤리와 정면으로 마주치기 | E60: 몬스터 | F60: 쭈욱! | G60: '고개 들기' 행동을 수행해 위치·전투 리듬을 변화시킴. | I60: 액티브 | J60: 문틈젤리 | L60: AI 가중치 | M60: 사거리·페이즈·주변 상황 조건 충족 | N60: 없음 | O60: 0 | P60: 0 | Q60: 피해 없음 | R60: 6.9 | S60: 0.2 | T60: 개별 | U60: 5.4 | V60: 0.55 | W60: 없음 | X60: 0 | Y60: 없음 | Z60: 0 | AA60: 시전 종료 | AB60: 없음 | AC60: 기능 원형: 고개 들기 · 몬스터 시트 발동률 20%와 동기화
A61: 질질핵 | B61: 3 | 선택된 선의 · 3-B | 대피 경로 | D61: 83번 | 질질핵를 우회해 안전 구역으로 이동하기 | E61: 몬스터 | F61: 쿵. | G61: 전방 바닥을 강하게 내려찍어 충격 피해를 줌. | I61: 액티브 | J61: 질질핵 | L61: AI 가중치 | M61: 사거리·페이즈·주변 상황 조건 충족 | N61: 몬스터 최종 공격력 비율 | O61: 1.2 | P61: 0 | Q61: 몬스터 최종 공격력 × 120% | R61: 5.5 | S61: 0.6 | T61: 개별 | U61: 4 | V61: 0.55 | W61: 없음 | X61: 0 | Y61: 없음 | Z61: 0 | AA61: 시전 종료 | AB61: 없음 | AC61: 기능 원형: 몸통 내려찍기 · 몬스터 시트 발동률 60%와 동기화
A62: 질질핵 | B62: 3 | 선택된 선의 · 3-B | 대피 경로 | D62: 83번 | 질질핵를 우회해 안전 구역으로 이동하기 | E62: 몬스터 | F62: 질질질… | G62: '느린 추격' 행동을 수행해 위치·전투 리듬을 변화시킴. | I62: 액티브 | J62: 질질핵 | L62: AI 가중치 | M62: 사거리·페이즈·주변 상황 조건 충족 | N62: 없음 | O62: 0 | P62: 0 | Q62: 피해 없음 | R62: 6.2 | S62: 0.4 | T62: 개별 | U62: 4.7 | V62: 0.55 | W62: 없음 | X62: 0 | Y62: 없음 | Z62: 0 | AA62: 시전 종료 | AB62: 없음 | AC62: 기능 원형: 느린 추격 · 몬스터 시트 발동률 40%와 동기화
A63: 울음주머니 | B63: 3 | 선택된 선의 · 3-B | 대피 경로 | D63: 84번 | 울음주머니의 울음 파동을 피해 새벽 괴물 습격 구간 벗어나기 | E63: 몬스터 | F63: 으아앙— | G63: '울음 파동' 행동을 수행해 위치·전투 리듬을 변화시킴. | I63: 액티브 | J63: 울음주머니 | L63: AI 가중치 | M63: 사거리·페이즈·주변 상황 조건 충족 | N63: 몬스터 최종 공격력 비율 | O63: 1 | P63: 0 | Q63: 몬스터 최종 공격력 × 100% | R63: 5.5 | S63: 0.45 | T63: 개별 | U63: 4 | V63: 0.55 | W63: 없음 | X63: 0 | Y63: 없음 | Z63: 0 | AA63: 시전 종료 | AB63: 없음 | AC63: 기능 원형: 울음 파동 · 몬스터 시트 발동률 45%와 동기화
A64: 울음주머니 | B64: 3 | 선택된 선의 · 3-B | 대피 경로 | D64: 84번 | 울음주머니의 울음 파동을 피해 새벽 괴물 습격 구간 벗어나기 | E64: 몬스터 | F64: 가까이 오지 마 | G64: '뒤로 물러나기' 행동을 수행해 위치·전투 리듬을 변화시킴. | I64: 액티브 | J64: 울음주머니 | L64: AI 가중치 | M64: 사거리·페이즈·주변 상황 조건 충족 | N64: 없음 | O64: 0 | P64: 0 | Q64: 피해 없음 | R64: 6.2 | S64: 0.35 | T64: 개별 | U64: 4.7 | V64: 0.55 | W64: 없음 | X64: 0 | Y64: 없음 | Z64: 0 | AA64: 시전 종료 | AB64: 없음 | AC64: 기능 원형: 뒤로 물러나기 · 몬스터 시트 발동률 35%와 동기화
A65: 울음주머니 | B65: 3 | 선택된 선의 · 3-B | 대피 경로 | D65: 84번 | 울음주머니의 울음 파동을 피해 새벽 괴물 습격 구간 벗어나기 | E65: 몬스터 | F65: 숨 한번 | G65: 정해진 감지 행동으로 주변을 탐색하며 플레이어 발견 여부에 따라 다음 행동을 바꿈. | I65: AI 행동 | J65: 울음주머니 | L65: AI 가중치 | M65: 사거리·페이즈·주변 상황 조건 충족 | N65: 없음 | O65: 0 | P65: 0 | Q65: 피해 없음 | R65: 6.9 | S65: 0.2 | T65: 개별 | U65: 5.4 | V65: 0.55 | W65: 감지 우선순위 | X65: 1 | Y65: 단계 | Z65: 0 | AA65: 시전 종료 | AB65: 없음 | AC65: 기능 원형: 멈춰 서기 · 몬스터 시트 발동률 20%와 동기화
A66: 길치섬모 | B66: 3 | 선택된 선의 · 3-B | 대피 경로 | D66: 85번 | 길치섬모의 배회 경로를 피해 한도윤과 합류하기 | E66: 몬스터 | F66: 어디였지? | G66: 정해진 감지 행동으로 주변을 탐색하며 플레이어 발견 여부에 따라 다음 행동을 바꿈. | I66: AI 행동 | J66: 길치섬모 | L66: AI 가중치 | M66: 사거리·페이즈·주변 상황 조건 충족 | N66: 없음 | O66: 0 | P66: 0 | Q66: 피해 없음 | R66: 5.5 | S66: 0.55 | T66: 개별 | U66: 4 | V66: 0.55 | W66: 감지 우선순위 | X66: 1 | Y66: 단계 | Z66: 0 | AA66: 시전 종료 | AB66: 없음 | AC66: 기능 원형: 배회 · 몬스터 시트 발동률 55%와 동기화
A67: 길치섬모 | B67: 3 | 선택된 선의 · 3-B | 대피 경로 | D67: 85번 | 길치섬모의 배회 경로를 피해 한도윤과 합류하기 | E67: 몬스터 | F67: 아, 비켜! | G67: 몸체·집게·외피로 목표를 밀어 안전 위치에서 벗어나게 함. | I67: 액티브 | J67: 길치섬모 | K67: 밀려남 1.5칸 | L67: AI 가중치 | M67: 사거리·페이즈·주변 상황 조건 충족 | N67: 몬스터 최종 공격력 비율 | O67: 0.75 | P67: 0 | Q67: 몬스터 최종 공격력 × 75% | R67: 6.2 | S67: 0.3 | T67: 개별 | U67: 4.7 | V67: 0.55 | W67: 없음 | X67: 0 | Y67: 없음 | Z67: 0 | AA67: 시전 종료 | AB67: SKL-STS-002 | AC67: 기능 원형: 짧은 밀치기 · 몬스터 시트 발동률 30%와 동기화
A68: 길치섬모 | B68: 3 | 선택된 선의 · 3-B | 대피 경로 | D68: 85번 | 길치섬모의 배회 경로를 피해 한도윤과 합류하기 | E68: 몬스터 | F68: 여기 맞나? | G68: 정해진 감지 행동으로 주변을 탐색하며 플레이어 발견 여부에 따라 다음 행동을 바꿈. | I68: AI 행동 | J68: 길치섬모 | L68: AI 가중치 | M68: 사거리·페이즈·주변 상황 조건 충족 | N68: 없음 | O68: 0 | P68: 0 | Q68: 피해 없음 | R68: 6.9 | S68: 0.15 | T68: 개별 | U68: 5.4 | V68: 0.55 | W68: 감지 우선순위 | X68: 1 | Y68: 단계 | Z68: 0 | AA68: 시전 종료 | AB68: 없음 | AC68: 기능 원형: 주변 살피기 · 몬스터 시트 발동률 15%와 동기화
A69: 쫓쫓해삼 | B69: 3 | 선택된 선의 · 3-D | 대피소 가족 심부름 | D69: 97번 | 쫓쫓해삼와 싸우는 고등급자 곁을 지나 따뜻한 음식 구해오기 | E69: 몬스터 | F69: 잡았다, 또! | G69: 근거리 전방을 긁어 기본 피해를 줌. | I69: 액티브 | J69: 쫓쫓해삼 | L69: AI 가중치 | M69: 사거리·페이즈·주변 상황 조건 충족 | N69: 몬스터 최종 공격력 비율 | O69: 1.1 | P69: 0 | Q69: 몬스터 최종 공격력 × 110% | R69: 5 | S69: 0.45 | T69: 개별 | U69: 3.5 | V69: 0.55 | W69: 없음 | X69: 0 | Y69: 없음 | Z69: 0 | AA69: 시전 종료 | AB69: 없음 | AC69: 기능 원형: 연속 할퀴기 · 몬스터 시트 발동률 45%와 동기화
A70: 쫓쫓해삼 | B70: 3 | 선택된 선의 · 3-D | 대피소 가족 심부름 | D70: 97번 | 쫓쫓해삼와 싸우는 고등급자 곁을 지나 따뜻한 음식 구해오기 | E70: 몬스터 | F70: 쫓아간다! | G70: 직선 전조 후 목표 방향으로 빠르게 돌진해 경로상의 대상을 압박함. | I70: 액티브 | J70: 쫓쫓해삼 | K70: 밀려남 1.5칸 | L70: AI 가중치 | M70: 사거리·페이즈·주변 상황 조건 충족 | N70: 몬스터 최종 공격력 비율 | O70: 1.15 | P70: 0 | Q70: 몬스터 최종 공격력 × 115% | R70: 5.7 | S70: 0.35 | T70: 개별 | U70: 4.2 | V70: 0.55 | W70: 없음 | X70: 0 | Y70: 없음 | Z70: 0 | AA70: 시전 종료 | AB70: SKL-STS-002 | AC70: 기능 원형: 추격 돌진 · 몬스터 시트 발동률 35%와 동기화
A71: 쫓쫓해삼 | B71: 3 | 선택된 선의 · 3-D | 대피소 가족 심부름 | D71: 97번 | 쫓쫓해삼와 싸우는 고등급자 곁을 지나 따뜻한 음식 구해오기 | E71: 몬스터 | F71: 너 말고 너! | G71: '목표 전환' 행동을 수행해 위치·전투 리듬을 변화시킴. | I71: 액티브 | J71: 쫓쫓해삼 | L71: AI 가중치 | M71: 사거리·페이즈·주변 상황 조건 충족 | N71: 없음 | O71: 0 | P71: 0 | Q71: 피해 없음 | R71: 6.4 | S71: 0.2 | T71: 개별 | U71: 4.9 | V71: 0.55 | W71: 없음 | X71: 0 | Y71: 없음 | Z71: 0 | AA71: 시전 종료 | AB71: 없음 | AC71: 기능 원형: 목표 전환 · 몬스터 시트 발동률 20%와 동기화
A72: 길막말미잘 | B72: 3 | 선택된 선의 · 3-D | 대피소 보급로·약주머니 서브 | D72: 98번 | 길막말미잘가 점거한 보급로에서 노인의 약주머니 찾아주기 | E72: 몬스터 | F72: 여기 못 지나가 | G72: 몸체·집게·외피로 목표를 밀어 안전 위치에서 벗어나게 함. | I72: 액티브 | J72: 길막말미잘 | K72: 밀려남 1.5칸 | L72: AI 가중치 | M72: 사거리·페이즈·주변 상황 조건 충족 | N72: 몬스터 최종 공격력 비율 | O72: 0.75 | P72: 0 | Q72: 몬스터 최종 공격력 × 75% | R72: 5 | S72: 0.5 | T72: 개별 | U72: 3.5 | V72: 0.55 | W72: 없음 | X72: 0 | Y72: 없음 | Z72: 0 | AA72: 시전 종료 | AB72: SKL-STS-002 | AC72: 기능 원형: 통로 밀치기 · 몬스터 시트 발동률 50%와 동기화
A73: 길막말미잘 | B73: 3 | 선택된 선의 · 3-D | 대피소 보급로·약주머니 서브 | D73: 98번 | 길막말미잘가 점거한 보급로에서 노인의 약주머니 찾아주기 | E73: 몬스터 | F73: 길막 완료 | G73: 통로·출구·안전 위치를 점유하거나 닫아 플레이어의 이동 선택지를 줄임. | I73: 액티브 | J73: 길막말미잘 | K73: 이동 경로 제한 | L73: AI 가중치 | M73: 사거리·페이즈·주변 상황 조건 충족 | N73: 없음 | O73: 0 | P73: 0 | Q73: 피해 없음 | R73: 5.7 | S73: 0.3 | T73: 개별 | U73: 4.2 | V73: 0.55 | W73: 이동 가능 경로 | X73: -1 | Y73: 개 | Z73: 4 | AA73: 지속 종료 | AB73: 없음 | AC73: 기능 원형: 앞길 막기 · 몬스터 시트 발동률 30%와 동기화
A74: 길막말미잘 | B74: 3 | 선택된 선의 · 3-D | 대피소 보급로·약주머니 서브 | D74: 98번 | 길막말미잘가 점거한 보급로에서 노인의 약주머니 찾아주기 | E74: 몬스터 | F74: 툭! | G74: 주변 또는 전방으로 충격파를 퍼뜨려 피해와 위치 흔들림을 줌. | I74: 액티브 | J74: 길막말미잘 | K74: 밀려남 1칸 | L74: AI 가중치 | M74: 사거리·페이즈·주변 상황 조건 충족 | N74: 몬스터 최종 공격력 비율 | O74: 0.85 | P74: 0 | Q74: 몬스터 최종 공격력 × 85% | R74: 6.4 | S74: 0.2 | T74: 개별 | U74: 4.9 | V74: 0.55 | W74: 없음 | X74: 0 | Y74: 없음 | Z74: 0 | AA74: 시전 종료 | AB74: SKL-STS-002 | AC74: 기능 원형: 짧은 충격파 · 몬스터 시트 발동률 20%와 동기화
A75: 엉킨세포군 | B75: 3 | 선택된 선의 · 3-D | 대피소 가족 심부름 | D75: 100번 | 엉킨세포군의 공격 범위를 피해 아파트에서 토퍼와 생활용품 챙기기 | E75: 몬스터 | F75: 셋이서 빙글 | G75: 넓은 전방 범위를 한 번에 휩쓸어 여러 대상을 압박함. | I75: 액티브 | J75: 엉킨세포군 | L75: AI 가중치 | M75: 사거리·페이즈·주변 상황 조건 충족 | N75: 몬스터 최종 공격력 비율 | O75: 1.1 | P75: 0 | Q75: 몬스터 최종 공격력 × 110% | R75: 6.5 | S75: 0.4 | T75: 개별 | U75: 5 | V75: 0.65 | W75: 없음 | X75: 0 | Y75: 없음 | Z75: 0 | AA75: 시전 종료 | AB75: 없음 | AC75: 기능 원형: 회전 휩쓸기 · 몬스터 시트 발동률 40%와 동기화
A76: 엉킨세포군 | B76: 3 | 선택된 선의 · 3-D | 대피소 가족 심부름 | D76: 100번 | 엉킨세포군의 공격 범위를 피해 아파트에서 토퍼와 생활용품 챙기기 | E76: 몬스터 | F76: 한꺼번에 쿵 | G76: 전방 바닥을 강하게 내려찍어 충격 피해를 줌. | I76: 액티브 | J76: 엉킨세포군 | L76: AI 가중치 | M76: 사거리·페이즈·주변 상황 조건 충족 | N76: 몬스터 최종 공격력 비율 | O76: 1.2 | P76: 0 | Q76: 몬스터 최종 공격력 × 120% | R76: 7.2 | S76: 0.3 | T76: 개별 | U76: 5.7 | V76: 0.65 | W76: 없음 | X76: 0 | Y76: 없음 | Z76: 0 | AA76: 시전 종료 | AB76: 없음 | AC76: 기능 원형: 다중 내려찍기 · 몬스터 시트 발동률 30%와 동기화
A77: 엉킨세포군 | B77: 3 | 선택된 선의 · 3-D | 대피소 가족 심부름 | D77: 100번 | 엉킨세포군의 공격 범위를 피해 아파트에서 토퍼와 생활용품 챙기기 | E77: 몬스터 | F77: 방향은 모르겠고! | G77: 직선 전조 후 목표 방향으로 빠르게 돌진해 경로상의 대상을 압박함. | I77: 액티브 | J77: 엉킨세포군 | K77: 밀려남 1.5칸 | L77: AI 가중치 | M77: 사거리·페이즈·주변 상황 조건 충족 | N77: 몬스터 최종 공격력 비율 | O77: 1.15 | P77: 0 | Q77: 몬스터 최종 공격력 × 115% | R77: 7.9 | S77: 0.2 | T77: 개별 | U77: 6.4 | V77: 0.65 | W77: 없음 | X77: 0 | Y77: 없음 | Z77: 0 | AA77: 시전 종료 | AB77: SKL-STS-002 | AC77: 기능 원형: 비틀린 돌진 · 몬스터 시트 발동률 20%와 동기화
A78: 엉킨세포군 | B78: 3 | 선택된 선의 · 3-D | 대피소 가족 심부름 | D78: 100번 | 엉킨세포군의 공격 범위를 피해 아파트에서 토퍼와 생활용품 챙기기 | E78: 몬스터 | F78: 엉켜서 딱! | G78: '경직' 행동을 수행해 위치·전투 리듬을 변화시킴. | I78: 액티브 | J78: 엉킨세포군 | L78: AI 가중치 | M78: 사거리·페이즈·주변 상황 조건 충족 | N78: 없음 | O78: 0 | P78: 0 | Q78: 피해 없음 | R78: 8.6 | S78: 0.1 | T78: 개별 | U78: 7.1 | V78: 0.65 | W78: 없음 | X78: 0 | Y78: 없음 | Z78: 0 | AA78: 시전 종료 | AB78: 없음 | AC78: 기능 원형: 경직 · 몬스터 시트 발동률 10%와 동기화
A79: 대장촉수 | B79: 3 | 선택된 선의 · 3-D | 대피소 가족 심부름 | D79: 103번 | 대장촉수의 습격으로 지연되어 선의 수치 측정 마감 놓치기 | E79: 몬스터 | F79: 너부터! | G79: 특정 대상이나 위치에 표식을 남겨 무리의 공격 우선순위를 집중시킴. | I79: 액티브 | J79: 대장촉수 | K79: 표적 지정 | L79: AI 가중치 | M79: 사거리·페이즈·주변 상황 조건 충족 | N79: 없음 | O79: 0 | P79: 0 | Q79: 피해 없음 | R79: 7 | S79: 0.3 | T79: 개별 | U79: 5.5 | V79: 0.75 | W79: AI 우선순위 | X79: 1 | Y79: 단계 | Z79: 4 | AA79: 지속 종료 | AB79: SKL-STS-007 | AC79: 기능 원형: 표적 지정 · 몬스터 시트 발동률 30%와 동기화
A80: 대장촉수 | B80: 3 | 선택된 선의 · 3-D | 대피소 가족 심부름 | D80: 103번 | 대장촉수의 습격으로 지연되어 선의 수치 측정 마감 놓치기 | E80: 몬스터 | F80: 다 같이 가! | G80: '부하 돌격 명령' 행동을 수행해 위치·전투 리듬을 변화시킴. | I80: 액티브 | J80: 대장촉수 | L80: AI 가중치 | M80: 사거리·페이즈·주변 상황 조건 충족 | N80: 없음 | O80: 0 | P80: 0 | Q80: 피해 없음 | R80: 7.7 | S80: 0.3 | T80: 개별 | U80: 6.2 | V80: 0.75 | W80: 없음 | X80: 0 | Y80: 없음 | Z80: 0 | AA80: 시전 종료 | AB80: 없음 | AC80: 기능 원형: 부하 돌격 명령 · 몬스터 시트 발동률 30%와 동기화
A81: 대장촉수 | B81: 3 | 선택된 선의 · 3-D | 대피소 가족 심부름 | D81: 103번 | 대장촉수의 습격으로 지연되어 선의 수치 측정 마감 놓치기 | E81: 몬스터 | F81: 빨리빨리! | G81: 주변 아군의 전투 리듬을 끌어올려 공격 성능을 일정 시간 강화함. | I81: 액티브 | J81: 대장촉수 | L81: AI 가중치 | M81: 사거리·페이즈·주변 상황 조건 충족 | N81: 없음 | O81: 0 | P81: 0 | Q81: 피해 없음 | R81: 8.4 | S81: 0.25 | T81: 개별 | U81: 6.9 | V81: 0.75 | W81: 공격력 | X81: 20 | Y81: % | Z81: 6 | AA81: 지속 종료 | AB81: SKL-STS-004 | AC81: 기능 원형: 무리 가속 · 몬스터 시트 발동률 25%와 동기화
A82: 대장촉수 | B82: 3 | 선택된 선의 · 3-D | 대피소 가족 심부름 | D82: 103번 | 대장촉수의 습격으로 지연되어 선의 수치 측정 마감 놓치기 | E82: 몬스터 | F82: 내가 간다 | G82: 근거리 목표를 반복 또는 단발로 직접 타격함. | I82: 액티브 | J82: 대장촉수 | L82: AI 가중치 | M82: 사거리·페이즈·주변 상황 조건 충족 | N82: 몬스터 최종 공격력 비율 | O82: 1.05 | P82: 0 | Q82: 몬스터 최종 공격력 × 105% | R82: 9.1 | S82: 0.15 | T82: 개별 | U82: 7.6 | V82: 0.75 | W82: 없음 | X82: 0 | Y82: 없음 | Z82: 0 | AA82: 시전 종료 | AB82: 없음 | AC82: 기능 원형: 직접 타격 · 몬스터 시트 발동률 15%와 동기화
A83: 똑똑소라 | B83: 4 | 영웅의 시작 · 4-B | 도심 공동 구조 | D83: 125번 | 관리국 무전 이어피스로 똑똑소라의 공격 예고 신호 파악하기 | E83: 몬스터 | F83: 똑똑똑! | G83: '문 두드리기' 행동을 수행해 위치·전투 리듬을 변화시킴. | I83: 액티브 | J83: 똑똑소라 | L83: AI 가중치 | M83: 사거리·페이즈·주변 상황 조건 충족 | N83: 없음 | O83: 0 | P83: 0 | Q83: 피해 없음 | R83: 5 | S83: 0.4 | T83: 개별 | U83: 3.5 | V83: 0.55 | W83: 없음 | X83: 0 | Y83: 없음 | Z83: 0 | AA83: 시전 종료 | AB83: 없음 | AC83: 기능 원형: 문 두드리기 · 몬스터 시트 발동률 40%와 동기화
A84: 똑똑소라 | B84: 4 | 영웅의 시작 · 4-B | 도심 공동 구조 | D84: 125번 | 관리국 무전 이어피스로 똑똑소라의 공격 예고 신호 파악하기 | E84: 몬스터 | F84: 문 좀 열어! | G84: 근거리 목표를 반복 또는 단발로 직접 타격함. | I84: 액티브 | J84: 똑똑소라 | L84: AI 가중치 | M84: 사거리·페이즈·주변 상황 조건 충족 | N84: 몬스터 최종 공격력 비율 | O84: 1.2 | P84: 0 | Q84: 몬스터 최종 공격력 × 120% | R84: 5.7 | S84: 0.35 | T84: 개별 | U84: 4.2 | V84: 0.55 | W84: 없음 | X84: 0 | Y84: 없음 | Z84: 0 | AA84: 시전 종료 | AB84: 없음 | AC84: 기능 원형: 연속 주먹질 · 몬스터 시트 발동률 35%와 동기화
A85: 똑똑소라 | B85: 4 | 영웅의 시작 · 4-B | 도심 공동 구조 | D85: 125번 | 관리국 무전 이어피스로 똑똑소라의 공격 예고 신호 파악하기 | E85: 몬스터 | F85: 다음 문! | G85: '목표 전환' 행동을 수행해 위치·전투 리듬을 변화시킴. | I85: 액티브 | J85: 똑똑소라 | L85: AI 가중치 | M85: 사거리·페이즈·주변 상황 조건 충족 | N85: 없음 | O85: 0 | P85: 0 | Q85: 피해 없음 | R85: 6.4 | S85: 0.25 | T85: 개별 | U85: 4.9 | V85: 0.55 | W85: 없음 | X85: 0 | Y85: 없음 | Z85: 0 | AA85: 시전 종료 | AB85: 없음 | AC85: 기능 원형: 목표 전환 · 몬스터 시트 발동률 25%와 동기화
A86: 문틈새우 | B86: 4 | 영웅의 시작 · 4-B | 도심 공동 구조 | D86: 126번 | 문틈새우의 후방 기습을 피하고 반격 타이밍 맞추기 | E86: 몬스터 | F86: 쏙! | G86: '틈새 이동' 행동을 수행해 위치·전투 리듬을 변화시킴. | I86: 액티브 | J86: 문틈새우 | L86: AI 가중치 | M86: 사거리·페이즈·주변 상황 조건 충족 | N86: 없음 | O86: 0 | P86: 0 | Q86: 피해 없음 | R86: 5 | S86: 0.35 | T86: 개별 | U86: 3.5 | V86: 0.55 | W86: 없음 | X86: 0 | Y86: 없음 | Z86: 0 | AA86: 시전 종료 | AB86: 없음 | AC86: 기능 원형: 틈새 이동 · 몬스터 시트 발동률 35%와 동기화
A87: 문틈새우 | B87: 4 | 영웅의 시작 · 4-B | 도심 공동 구조 | D87: 126번 | 문틈새우의 후방 기습을 피하고 반격 타이밍 맞추기 | E87: 몬스터 | F87: 뒤에 있다! | G87: 가느다란 공격 기관으로 빈틈을 찔러 높은 단일 피해를 줌. | I87: 액티브 | J87: 문틈새우 | L87: AI 가중치 | M87: 사거리·페이즈·주변 상황 조건 충족 | N87: 몬스터 최종 공격력 비율 | O87: 1.25 | P87: 0 | Q87: 몬스터 최종 공격력 × 125% | R87: 5.7 | S87: 0.4 | T87: 개별 | U87: 4.2 | V87: 0.55 | W87: 없음 | X87: 0 | Y87: 없음 | Z87: 0 | AA87: 시전 종료 | AB87: 없음 | AC87: 기능 원형: 후방 찌르기 · 몬스터 시트 발동률 40%와 동기화
A88: 문틈새우 | B88: 4 | 영웅의 시작 · 4-B | 도심 공동 구조 | D88: 126번 | 문틈새우의 후방 기습을 피하고 반격 타이밍 맞추기 | E88: 몬스터 | F88: 쏙 빠지기 | G88: 공격 후 거리를 벌리거나 사각으로 이동해 다음 공격 위치를 다시 잡음. | I88: 액티브 | J88: 문틈새우 | L88: AI 가중치 | M88: 사거리·페이즈·주변 상황 조건 충족 | N88: 없음 | O88: 0 | P88: 0 | Q88: 피해 없음 | R88: 6.4 | S88: 0.25 | T88: 개별 | U88: 4.9 | V88: 0.55 | W88: 이동 위치 | X88: 1 | Y88: 지점 | Z88: 0 | AA88: 시전 종료 | AB88: 없음 | AC88: 기능 원형: 빠른 이탈 · 몬스터 시트 발동률 25%와 동기화
A89: 밖으로 나가재 | B89: 4 | 영웅의 시작 · 4-B | 도심 공동 구조 | D89: 130번 | 보랏빛 철봉으로 밖으로 나가재 제압하기 | E89: 몬스터 | F89: 나가! | G89: 몸체·집게·외피로 목표를 밀어 안전 위치에서 벗어나게 함. | I89: 액티브 | J89: 밖으로 나가재 | K89: 밀려남 1.5칸 | L89: AI 가중치 | M89: 사거리·페이즈·주변 상황 조건 충족 | N89: 몬스터 최종 공격력 비율 | O89: 0.75 | P89: 0 | Q89: 몬스터 최종 공격력 × 75% | R89: 5 | S89: 0.5 | T89: 개별 | U89: 3.5 | V89: 0.55 | W89: 없음 | X89: 0 | Y89: 없음 | Z89: 0 | AA89: 시전 종료 | AB89: SKL-STS-002 | AC89: 기능 원형: 강제 밀치기 · 몬스터 시트 발동률 50%와 동기화
A90: 밖으로 나가재 | B90: 4 | 영웅의 시작 · 4-B | 도심 공동 구조 | D90: 130번 | 보랏빛 철봉으로 밖으로 나가재 제압하기 | E90: 몬스터 | F90: 출구는 내 자리 | G90: 통로·출구·안전 위치를 점유하거나 닫아 플레이어의 이동 선택지를 줄임. | I90: 액티브 | J90: 밖으로 나가재 | K90: 이동 경로 제한 | L90: AI 가중치 | M90: 사거리·페이즈·주변 상황 조건 충족 | N90: 없음 | O90: 0 | P90: 0 | Q90: 피해 없음 | R90: 5.7 | S90: 0.3 | T90: 개별 | U90: 4.2 | V90: 0.55 | W90: 이동 가능 경로 | X90: -1 | Y90: 개 | Z90: 4 | AA90: 지속 종료 | AB90: 없음 | AC90: 기능 원형: 출구 점거 · 몬스터 시트 발동률 30%와 동기화
A91: 밖으로 나가재 | B91: 4 | 영웅의 시작 · 4-B | 도심 공동 구조 | D91: 130번 | 보랏빛 철봉으로 밖으로 나가재 제압하기 | E91: 몬스터 | F91: 바닥도 나가! | G91: '바닥 충격' 행동을 수행해 위치·전투 리듬을 변화시킴. | I91: 액티브 | J91: 밖으로 나가재 | L91: AI 가중치 | M91: 사거리·페이즈·주변 상황 조건 충족 | N91: 없음 | O91: 0 | P91: 0 | Q91: 피해 없음 | R91: 6.4 | S91: 0.2 | T91: 개별 | U91: 4.9 | V91: 0.55 | W91: 없음 | X91: 0 | Y91: 없음 | Z91: 0 | AA91: 시전 종료 | AB91: 없음 | AC91: 기능 원형: 바닥 충격 · 몬스터 시트 발동률 20%와 동기화
A92: 내자리산호 | B92: 4 | 영웅의 시작 · 4-D | 지하 주차장 구조 | D92: 141번 | 휴대용 섬광 신호기와 차단기 막대로 내자리산호 유인하기 | E92: 몬스터 | F92: 여긴 내 자리! | G92: 주변 또는 전방으로 충격파를 퍼뜨려 피해와 위치 흔들림을 줌. | I92: 액티브 | J92: 내자리산호 | K92: 밀려남 1칸 | L92: AI 가중치 | M92: 사거리·페이즈·주변 상황 조건 충족 | N92: 몬스터 최종 공격력 비율 | O92: 0.85 | P92: 0 | Q92: 몬스터 최종 공격력 × 85% | R92: 6.5 | S92: 0.35 | T92: 개별 | U92: 5 | V92: 0.65 | W92: 없음 | X92: 0 | Y92: 없음 | Z92: 0 | AA92: 시전 종료 | AB92: SKL-STS-002 | AC92: 기능 원형: 영역 충격파 · 몬스터 시트 발동률 35%와 동기화
A93: 내자리산호 | B93: 4 | 영웅의 시작 · 4-D | 지하 주차장 구조 | D93: 141번 | 휴대용 섬광 신호기와 차단기 막대로 내자리산호 유인하기 | E93: 몬스터 | F93: 자리 찍기 | G93: 전방 바닥을 강하게 내려찍어 충격 피해를 줌. | I93: 액티브 | J93: 내자리산호 | L93: AI 가중치 | M93: 사거리·페이즈·주변 상황 조건 충족 | N93: 몬스터 최종 공격력 비율 | O93: 1.2 | P93: 0 | Q93: 몬스터 최종 공격력 × 120% | R93: 7.2 | S93: 0.3 | T93: 개별 | U93: 5.7 | V93: 0.65 | W93: 없음 | X93: 0 | Y93: 없음 | Z93: 0 | AA93: 시전 종료 | AB93: 없음 | AC93: 기능 원형: 전면 내려찍기 · 몬스터 시트 발동률 30%와 동기화
A94: 내자리산호 | B94: 4 | 영웅의 시작 · 4-D | 지하 주차장 구조 | D94: 141번 | 휴대용 섬광 신호기와 차단기 막대로 내자리산호 유인하기 | E94: 몬스터 | F94: 절대 안 비켜 | G94: 통로·출구·안전 위치를 점유하거나 닫아 플레이어의 이동 선택지를 줄임. | I94: AI 행동 | J94: 내자리산호 | K94: 이동 경로 제한 | L94: AI 가중치 | M94: 사거리·페이즈·주변 상황 조건 충족 | N94: 없음 | O94: 0 | P94: 0 | Q94: 피해 없음 | R94: 7.9 | S94: 0.2 | T94: 개별 | U94: 6.4 | V94: 0.65 | W94: 이동 가능 경로 | X94: -1 | Y94: 개 | Z94: 4 | AA94: 지속 종료 | AB94: 없음 | AC94: 기능 원형: 자리 고정 · 몬스터 시트 발동률 20%와 동기화
A95: 내자리산호 | B95: 4 | 영웅의 시작 · 4-D | 지하 주차장 구조 | D95: 141번 | 휴대용 섬광 신호기와 차단기 막대로 내자리산호 유인하기 | E95: 몬스터 | F95: 조금만 밀어 | G95: '밀어내기' 행동을 수행해 위치·전투 리듬을 변화시킴. | I95: 액티브 | J95: 내자리산호 | L95: AI 가중치 | M95: 사거리·페이즈·주변 상황 조건 충족 | N95: 없음 | O95: 0 | P95: 0 | Q95: 피해 없음 | R95: 8.6 | S95: 0.15 | T95: 개별 | U95: 7.1 | V95: 0.65 | W95: 없음 | X95: 0 | Y95: 없음 | Z95: 0 | AA95: 시전 종료 | AB95: 없음 | AC95: 기능 원형: 밀어내기 · 몬스터 시트 발동률 15%와 동기화
A96: 비상구대게 | B96: 4 | 영웅의 시작 · 4-D | 지하 주차장 구조 | D96: 142번 | 차단기 막대로 비상구대게 제압하기 | E96: 몬스터 | F96: 비상구 폐쇄! | G96: 통로·출구·안전 위치를 점유하거나 닫아 플레이어의 이동 선택지를 줄임. | I96: 액티브 | J96: 비상구대게 | K96: 이동 경로 제한 | L96: AI 가중치 | M96: 사거리·페이즈·주변 상황 조건 충족 | N96: 없음 | O96: 0 | P96: 0 | Q96: 피해 없음 | R96: 7 | S96: 0.3 | T96: 개별 | U96: 5.5 | V96: 0.75 | W96: 이동 가능 경로 | X96: -1 | Y96: 개 | Z96: 4 | AA96: 지속 종료 | AB96: 없음 | AC96: 기능 원형: 출구 봉쇄 · 몬스터 시트 발동률 30%와 동기화
A97: 비상구대게 | B97: 4 | 영웅의 시작 · 4-D | 지하 주차장 구조 | D97: 142번 | 차단기 막대로 비상구대게 제압하기 | E97: 몬스터 | F97: 자리 바꿔! | G97: 주변 부하의 위치를 다시 배치해 봉쇄·보호 진형을 재구성함. | I97: 액티브 | J97: 비상구대게 | L97: AI 가중치 | M97: 사거리·페이즈·주변 상황 조건 충족 | N97: 없음 | O97: 0 | P97: 0 | Q97: 피해 없음 | R97: 7.7 | S97: 0.25 | T97: 개별 | U97: 6.2 | V97: 0.75 | W97: AI 위치 | X97: 1 | Y97: 단계 | Z97: 0 | AA97: 시전 종료 | AB97: 없음 | AC97: 기능 원형: 부하 재배치 · 몬스터 시트 발동률 25%와 동기화
A98: 비상구대게 | B98: 4 | 영웅의 시작 · 4-D | 지하 주차장 구조 | D98: 142번 | 차단기 막대로 비상구대게 제압하기 | E98: 몬스터 | F98: 다 같이 밀어! | G98: 몸체·집게·외피로 목표를 밀어 안전 위치에서 벗어나게 함. | I98: 액티브 | J98: 비상구대게 | K98: 밀려남 1.5칸 | L98: AI 가중치 | M98: 사거리·페이즈·주변 상황 조건 충족 | N98: 몬스터 최종 공격력 비율 | O98: 0.79 | P98: 0 | Q98: 몬스터 최종 공격력 × 79% | R98: 8.4 | S98: 0.3 | T98: 개별 | U98: 6.9 | V98: 0.75 | W98: 없음 | X98: 0 | Y98: 없음 | Z98: 0 | AA98: 시전 종료 | AB98: SKL-STS-002 | AC98: 기능 원형: 집단 밀치기 · 몬스터 시트 발동률 30%와 동기화
A99: 비상구대게 | B99: 4 | 영웅의 시작 · 4-D | 지하 주차장 구조 | D99: 142번 | 차단기 막대로 비상구대게 제압하기 | E99: 몬스터 | F99: 집게 한 번 | G99: 근거리 목표를 반복 또는 단발로 직접 타격함. | I99: 액티브 | J99: 비상구대게 | L99: AI 가중치 | M99: 사거리·페이즈·주변 상황 조건 충족 | N99: 몬스터 최종 공격력 비율 | O99: 1.05 | P99: 0 | Q99: 몬스터 최종 공격력 × 105% | R99: 9.1 | S99: 0.15 | T99: 개별 | U99: 7.6 | V99: 0.75 | W99: 없음 | X99: 0 | Y99: 없음 | Z99: 0 | AA99: 시전 종료 | AB99: 없음 | AC99: 기능 원형: 직접 타격 · 몬스터 시트 발동률 15%와 동기화
A100: 나만 살아서 다행 | B100: 4 | 영웅의 시작 · 4-E | 나만 살아서 다행 보스전 | D100: 146번 | 나만 살아서 다행이 연속으로 닫는 방화문 다시 열기 | E100: 보스 | F100: 문 닫습니다! | G100: 직선 전조 후 목표 방향으로 빠르게 돌진해 경로상의 대상을 압박함. | I100: 액티브 | J100: 나만 살아서 다행 | K100: 밀려남 1.5칸 | L100: 페이즈+AI | M100: 현재 페이즈에서 사용 가능·가중치 판정 | N100: 몬스터 최종 공격력 비율 | O100: 1.32 | P100: 0 | Q100: 몬스터 최종 공격력 × 132% | R100: 8 | S100: 0.3 | T100: 개별 | U100: 6.5 | V100: 0.9 | W100: 없음 | X100: 0 | Y100: 없음 | Z100: 0 | AA100: 시전 종료 | AB100: SKL-STS-002 | AC100: 기능 원형: 철문 돌진 · 몬스터 시트 발동률 30%와 동기화
A101: 나만 살아서 다행 | B101: 4 | 영웅의 시작 · 4-E | 나만 살아서 다행 보스전 | D101: 146번 | 나만 살아서 다행이 연속으로 닫는 방화문 다시 열기 | E101: 보스 | F101: 밖에 있어. | G101: 주변 또는 전방으로 충격파를 퍼뜨려 피해와 위치 흔들림을 줌. | I101: 액티브 | J101: 나만 살아서 다행 | K101: 밀려남 1칸 | L101: 페이즈+AI | M101: 현재 페이즈에서 사용 가능·가중치 판정 | N101: 몬스터 최종 공격력 비율 | O101: 0.98 | P101: 0 | Q101: 몬스터 최종 공격력 × 98% | R101: 8.7 | S101: 0.25 | T101: 개별 | U101: 7.2 | V101: 0.9 | W101: 없음 | X101: 0 | Y101: 없음 | Z101: 0 | AA101: 시전 종료 | AB101: SKL-STS-002 | AC101: 기능 원형: 봉쇄 충격파 · 몬스터 시트 발동률 25%와 동기화
A102: 나만 살아서 다행 | B102: 4 | 영웅의 시작 · 4-E | 나만 살아서 다행 보스전 | D102: 146번 | 나만 살아서 다행이 연속으로 닫는 방화문 다시 열기 | E102: 보스 | F102: 너도 밖으로. | G102: '시민 밀어내기' 행동을 수행해 위치·전투 리듬을 변화시킴. | I102: 액티브 | J102: 나만 살아서 다행 | L102: 페이즈+AI | M102: 현재 페이즈에서 사용 가능·가중치 판정 | N102: 없음 | O102: 0 | P102: 0 | Q102: 피해 없음 | R102: 9.4 | S102: 0.2 | T102: 개별 | U102: 7.9 | V102: 0.9 | W102: 없음 | X102: 0 | Y102: 없음 | Z102: 0 | AA102: 시전 종료 | AB102: 없음 | AC102: 기능 원형: 시민 밀어내기 · 몬스터 시트 발동률 20%와 동기화
A103: 나만 살아서 다행 | B103: 4 | 영웅의 시작 · 4-E | 나만 살아서 다행 보스전 | D103: 146번 | 나만 살아서 다행이 연속으로 닫는 방화문 다시 열기 | E103: 보스 | F103: 잠금 해제? 잠깐. | G103: 자신의 핵심 부위를 짧게 노출해 공격 기회를 만들지만 이후 패턴 전환을 준비함. | I103: 액티브 | J103: 나만 살아서 다행 | L103: 페이즈+AI | M103: 현재 페이즈에서 사용 가능·가중치 판정 | N103: 없음 | O103: 0 | P103: 0 | Q103: 피해 없음 | R103: 10.1 | S103: 0.25 | T103: 개별 | U103: 8.6 | V103: 0.9 | W103: 방어력 | X103: -40 | Y103: % | Z103: 2 | AA103: 지속 종료 | AB103: 없음 | AC103: 기능 원형: 방어 핵 노출 · 몬스터 시트 발동률 25%와 동기화
A104: 찰싹진드기 | B104: 5 | 영웅의 대가 · 5-B | 지하철 승강장 구조 | D104: 160번 | 공명 증폭기와 전광판 쇠막대로 승강장의 찰싹진드기 제압하기 | E104: 몬스터 | F104: 찰싹! | G104: '달라붙기' 행동을 수행해 위치·전투 리듬을 변화시킴. | I104: 액티브 | J104: 찰싹진드기 | L104: AI 가중치 | M104: 사거리·페이즈·주변 상황 조건 충족 | N104: 없음 | O104: 0 | P104: 0 | Q104: 피해 없음 | R104: 5 | S104: 0.4 | T104: 개별 | U104: 3.5 | V104: 0.55 | W104: 없음 | X104: 0 | Y104: 없음 | Z104: 0 | AA104: 시전 종료 | AB104: 없음 | AC104: 기능 원형: 달라붙기 · 몬스터 시트 발동률 40%와 동기화
...

Sheet 아이템
A1: 이름 | B1: 타입 | C1: 참고 이미지 | D1: 사용 권한 | 획득 방식 | 획득 조건 | G1: 거래 제한 | H1: 사용 조건 | I1: 공격 수치 | 공격 보정 | K1: 방어 수치 | 방어 보정 | M1: 기타 수치 | N1: 세트 이름 | 효과 | 내용 | Q1: 수치 | R1: 최소 공격력 | S1: 최대 공격력
A2: 관리국 지급 권총 | B2: 무기 | D2: 선의관리국 요원 | E2: 퀘스트 | F2: 118번 | 관리국 표준 대응 장비 8종·응급품 2종을 수령하고 상태 UI 확인하기 | G2: 획득 시 귀속 | H2: 119번 이후 | 균열 대응 원거리 전투에서 사용 | I2: 20 | J2: 원거리 공격 보정 +5 | K2: 0 | N2: 관리국 표준 대응 세트 | O2: 2세트: 장비 교체 시간 -10% 5세트: 균열 오염 저항 +10 8세트: 자아 마모 누적량 -15% | P2: 물리·관통 | Q2: 100 | R2: 18 | S2: 22
A3: 기본 보호 조끼 | B3: 상의 | D3: 선의관리국 요원 | E3: 퀘스트 | F3: 118번 | 관리국 표준 대응 장비 8종·응급품 2종을 수령하고 상태 UI 확인하기 | G3: 획득 시 귀속 | H3: 130번 사용·131번 손상·188번 완전 파손 | I3: 0 | K3: 30 | L3: 충격 저항 +8 | N3: 관리국 표준 대응 세트 | P3: 충격 저항 | Q3: 100 | R3: 0 | S3: 0
A4: 관리국 방진 고글 | B4: 얼굴 | D4: 선의관리국 요원 | E4: 퀘스트 | F4: 118번 | 관리국 표준 대응 장비 8종·응급품 2종을 수령하고 상태 UI 확인하기 | G4: 획득 시 귀속 | H4: 128번 공명 흔적 추적·192번 먼지 보호 안경으로 교체 | I4: 0 | K4: 4 | L4: 분진·시야 방해 저항 +10 | M4: 균열 감지 범위 +2m | N4: 관리국 표준 대응 세트 | P4: 균열 감지 패시브 | Q4: +2m | R4: 0 | S4: 0
A5: 관리국 대응 장갑 | B5: 손 | D5: 선의관리국 요원 | E5: 퀘스트 | F5: 118번 | 관리국 표준 대응 장비 8종·응급품 2종을 수령하고 상태 UI 확인하기 | G5: 획득 시 귀속 | H5: 123번 잔해 제거·153번 공명 보호 장갑으로 교체 | I5: 3 | J5: 근접 공격 보정 +2 | K5: 5 | L5: 접촉 피해 감소 +5% | M5: 상호작용 속도 +5% | N5: 관리국 표준 대응 세트 | P5: 접촉 안정 패시브 | Q5: 피해 -5% | R5: 2 | S5: 4
A6: 관리국 전술화 | B6: 신발 | D6: 선의관리국 요원 | E6: 퀘스트 | F6: 118번 | 관리국 표준 대응 장비 8종·응급품 2종을 수령하고 상태 UI 확인하기 | G6: 획득 시 귀속 | H6: 119·126번 회피 훈련·196번 고밀도 충격 흡수 장화로 교체 | I6: 0 | K6: 6 | L6: 넘어짐 저항 +10% | M6: 회피 이동 거리 +5% | N6: 관리국 표준 대응 세트 | P6: 기동 보정 | Q6: +5% | R6: 0 | S6: 0
A7: 관리국 방진 마스크 | B7: 얼굴 | D7: 선의관리국 요원 | E7: 퀘스트 | F7: 118번 | 관리국 표준 대응 장비 8종·응급품 2종을 수령하고 상태 UI 확인하기 | G7: 획득 시 귀속 | H7: 128번 필터 교체 후 공명 흔적 추적·192번 균열 보호 마스크로 교체 | I7: 0 | K7: 3 | L7: 균열 오염 저항 +8 | M7: 자아 마모 저항 +3% | N7: 관리국 표준 대응 세트 | P7: 오염 저항 | Q7: 108 | R7: 0 | S7: 0
A8: 관리국 무전 이어피스 | B8: 액세서리 | D8: 선의관리국 요원 | E8: 퀘스트 | F8: 118번 | 관리국 표준 대응 장비 8종·응급품 2종을 수령하고 상태 UI 확인하기 | G8: 획득 시 귀속 | H8: 125번 공격 예고 판독에 사용 | I8: 0 | K8: 0 | M8: 공격 예고 판독 시간 +0.3초 | N8: 관리국 표준 대응 세트 | P8: 전술 정보 패시브 | Q8: +0.3초 | R8: 0 | S8: 0
A9: 관리국 상태 측정기 | B9: 액세서리 | D9: 선의관리국 요원 | E9: 퀘스트 | F9: 118번 | 관리국 표준 대응 장비 8종·응급품 2종을 수령하고 상태 UI 확인하기 | G9: 획득 시 귀속 | H9: 131번 장비 손상 확인·임무 종료 시 자동 동기화 | I9: 0 | K9: 0 | M9: 장비 내구도·자아 마모도 표시 | N9: 관리국 표준 대응 세트 | P9: 상태 확인 패시브 | Q9: UI 표시 | R9: 0 | S9: 0
A10: 보랏빛 철봉 | B10: 무기 | D10: 일반인 / 모든 선의 등급자 | E10: 콘텐츠 | F10: 129번 | 붕괴 표지판의 보랏빛 철봉 회수하기 | H10: 130번 밖으로 밀어내는 자 제압 후 132번 소멸 | I10: 80 | J10: 근접 강공격 보정 +10 | K10: 0 | M10: 경직 유발 +12% | P10: 충격 | Q10: 115 | R10: 72 | S10: 88
A11: 깨진 경찰 방패 | B11: 보조 장비 | D11: 일반인 / 모든 선의 등급자 | E11: 콘텐츠 | F11: 134번 | 구조한 경찰에게 깨진 경찰 방패와 휴대용 섬광 신호기 받기 | H11: 146번 닫힌 문지기 보스전·166번 파손 | I11: 0 | K11: 20 | L11: 전방 피해 감소 +12% | M11: 전방 방어 해금 | P11: 물리 저항 | Q11: 112 | R11: 0 | S11: 0
A12: 차단기 막대 | B12: 무기 | D12: 일반인 / 모든 선의 등급자 | E12: 콘텐츠 | F12: 140번 | 주차 차단기 막대의 공명을 확인하고 회수·무기 등록 | H12: 141번 유인·142번 출구를 가로막는 자 제압 | I12: 90 | J12: 근접 공격 보정 +12 | K12: 0 | M12: 환경 유인 효과 +10% | P12: 전기·충격 | Q12: 120 | R12: 81 | S12: 99
A13: 나무판 보호대 | B13: 팔 방어구 | D13: 일반인 / 모든 선의 등급자 | E13: 제작 | F13: 145번 | 대피소 시민과 나무판 보호대 제작 | H13: 146~148번 닫힌 문지기 보스전 사용 후 파손 | I13: 0 | K13: 10 | L13: 근접 피해 감소 +5% | M13: 임시 장비 제작 | P13: 물리 저항 | Q13: 105 | R13: 0 | S13: 0
A14: 소방용 진압 도끼 | B14: 무기 | D14: 고등급자 / 선의관리국 요원 | E14: 콘텐츠 | F14: 185번 | 회사로 우회하며 소방 보급 상자에서 확보 | G14: 획득 시 귀속 | H14: 188번 붕괴 잔해 3개 파괴 후 반납 | I14: 75 | J14: 구조물 공격 보정 +30 | K14: 0 | M14: 구조 행동 속도 +15% | N14: 재난 구조 세트 | O14: 2세트: 구조 행동 속도 +10% 4세트: 화염·연기 피해 -15% | P14: 화염 대응 | Q14: 115 | R14: 68 | S14: 82
A15: 소방 방열복 | B15: 상의 | D15: 고등급자 / 선의관리국 요원 | E15: 퀘스트 | F15: 187번 | 부상당한 소방관 구조 후 임시 대여 | G15: 획득 시 귀속 | H15: 188번 고열·낙하물 구간 통과 후 반납 | I15: 0 | K15: 22 | L15: 화염 피해 감소 +20% | M15: 이동 속도 -5% | N15: 재난 구조 세트 | P15: 화염 저항 | Q15: 120 | R15: 0 | S15: 0
A16: 구조대 안전모 | B16: 머리 | D16: 일반인 / 모든 선의 등급자 | E16: 콘텐츠 | F16: 185번 | 회사로 우회하며 소방 보급 상자에서 확보 | H16: 186~188번 낙하물 피해 대응 후 반납 | I16: 0 | K16: 8 | L16: 낙하물 피해 감소 +15% | M16: 기절 시간 -10% | N16: 재난 구조 세트 | P16: 낙하 충격 저항 | Q16: 115 | R16: 0 | S16: 0
A17: 구조용 로프 발사기 | B17: 보조 장비 | D17: 고등급자 / 선의관리국 요원 | E17: 퀘스트 | F17: 185번 | 회사로 우회하며 소방 보급 상자에서 확보 | G17: 획득 시 귀속 | H17: 186번 1회·188번 1회 사용 후 2회분 소진 | I17: 12 | J17: 원거리 경직 보정 +5 | K17: 0 | M17: 구조 이동 경로 해금 | N17: 재난 구조 세트 | P17: 이동 보조 패시브 | Q17: 2회 | R17: 10 | S17: 14
A18: 오염 차단 전신복 | B18: 상의 | D18: 고등급자 | E18: 퀘스트 | F18: 196번 | 관리국 현장 보급함에서 수령·장착 | G18: 획득 시 귀속 | H18: 213~217번 폐교 오염 조사·270번 최종 장비로 교체 | I18: 0 | K18: 35 | L18: 균열 오염 저항 +20 | M18: 자아 마모 누적량 -8% | N18: 심층 균열 탐사 세트 | O18: 2세트: 균열 감지 범위 +3m 4세트: 자아 마모 누적량 -12% | P18: 균열 저항 | Q18: 120 | R18: 0 | S18: 0
A19: 심층 균열 탐사 헬멧 | B19: 머리 | D19: 고등급자 | E19: 퀘스트 | F19: 196번 | 관리국 현장 보급함에서 수령·장착 | G19: 획득 시 귀속 | H19: 213·217번 흔적·퍼즐 단서 탐지 | I19: 0 | K19: 12 | L19: 정신 피해 저항 +10 | M19: 균열 감지 범위 +4m | N19: 심층 균열 탐사 세트 | P19: 균열 감지 패시브 | Q19: +4m | R19: 0 | S19: 0
A20: 선의 안정 장치 | B20: 액세서리 | D20: 차한해 전용 | E20: 업적 | F20: 196번 | 시민 구조 누적 30회 달성 후 관리국 현장 보급함에서 추가 수령 | G20: 획득 시 귀속 | H20: 249번 친구 정체 확인 시 1회 자동 발동 | I20: 0 | K20: 0 | M20: 자아마모 수치 유지·입력 흔들림 10초 완화 | N20: 심층 균열 탐사 세트 | P20: 입력 안정 | Q20: 10초 | R20: 0 | S20: 0
A21: 고밀도 충격 흡수 장화 | B21: 신발 | D21: 고등급자 | E21: 퀘스트 | F21: 196번 | 관리국 현장 보급함에서 수령·장착 | G21: 획득 시 귀속 | H21: 215번 밀치기 방어·251번 친구 접근·270번 강화 전투화로 교체 | I21: 0 | K21: 10 | L21: 넘어짐·밀쳐짐 저항 +20% | M21: 회피 후 경직 시간 -10% | N21: 심층 균열 탐사 세트 | P21: 기동 안정 | Q21: 120 | R21: 0 | S21: 0
A22: 응급 압박 붕대 | B22: 소모품 | D22: 일반인 / 모든 선의 등급자 | E22: 보급 | F22: 144번 | 봉쇄 대피소 보급 상자에서 획득 | H22: 146번 닫힌 문지기 보스전에서 1회 사용 | I22: 0 | K22: 0 | M22: 체력 20% 회복 | P22: 회복 | Q22: 20 | R22: 0 | S22: 0
A23: 관리국 응급 주사 | B23: 소모품 | D23: 선의관리국 요원 | E23: 퀘스트 | F23: 118번 | 관리국 표준 대응 장비와 함께 지급 | G23: 획득 시 귀속 | H23: 168번 융합된 괴물 보스전에서 1회 사용 | I23: 0 | K23: 0 | M23: 체력 35% 회복, 이동 속도 5초간 -10% | P23: 회복 | Q23: 35 | R23: 0 | S23: 0
A24: 안정 앰플 | B24: 소모품 | D24: 고등급자 / 차한해 전용 | E24: 퀘스트 | F24: 192번 | 나대진에게 환경 장비와 함께 수령 | G24: 획득 시 귀속 | H24: 250번 공격 중지 생존 구간에서 1회 사용 | I24: 0 | K24: 0 | M24: 자아마모 수치 유지·UI 간섭 8초 완화 | P24: UI 안정 | Q24: 8초 | R24: 0 | S24: 0
A25: 소형 방진 필터 | B25: 소모품 | D25: 일반인 / 모든 선의 등급자 | E25: 보급 | F25: 121번 | 도심 잔해 구역 이동 중 관리국 보급 상자에서 획득 | H25: 128번 관리국 방진 마스크에 1회 사용 | I25: 0 | K25: 0 | M25: 마스크 내구도 30 회복 | P25: 장비 회복 | Q25: 30 | R25: 0 | S25: 0
A26: 휴대용 섬광 신호기 | B26: 소모품 | D26: 일반인 / 모든 선의 등급자 | E26: 콘텐츠 | F26: 134번 | 구조한 경찰에게 깨진 방패와 함께 받기 | H26: 141번 안쪽을 차지한 자 유인에 1회 사용 | I26: 0 | K26: 0 | M26: 일반 괴물 주의 분산 4초 | P26: 시야 교란 | Q26: 4 | R26: 0 | S26: 0
A27: 비살상 충격탄 | B27: 탄약 | D27: 선의관리국 요원 | E27: 퀘스트 | F27: 118번 | 관리국 표준 대응 장비와 함께 지급 | G27: 획득 시 귀속 | H27: 119번 사격 훈련·125번 비살상 제압에 사용 | I27: 6 | J27: 경직 피해 +20% | K27: 0 | M27: 처치 대신 제압 게이지 증가 | P27: 비살상 충격 | Q27: 120 | R27: 5 | S27: 7
A28: 고등급자 공명 증폭기 | B28: 액세서리 | D28: 고등급자 | E28: 나대진 지급 | F28: 153번 | [나대진] 75% 이상에서 장비 지원으로 수령 | G28: 획득 시 귀속 | H28: 159번 공명 탐지·160번 달라붙은 자 제압 | I28: 15 | J28: 균열 개체 대상 피해 +8% | K28: 0 | M28: 공명 피해 증가·UI 간섭 +3% | P28: 공명 증폭 | Q28: 108 | R28: 13 | S28: 17
A29: 연구실 최고 권한 키카드 | B29: 접근 도구 | D29: 연구실 최고 권한자 | E29: 지원 | F29: 265번 | [나대진] 85% 이상에서 암호 메시지를 확인하고 회수 | G29: 획득 시 귀속 | H29: 266번 첫 번째 연구실 보안문 해제 | I29: 0 | K29: 0 | M29: 최고 보안 구역 접근 | P29: 접근 권한 | Q29: 최고 | R29: 0 | S29: 0
A30: 보안 요원 생체 인증 모듈 | B30: 접근 도구 | D30: 차한해 | E30: 나대진·보안 요원 지원 | F30: 265번 | [나대진] 85% 이상에서 협조한 보안 요원이 발급하고 나대진이 전달한 모듈 회수 | G30: 획득 시 귀속 | H30: 266번 두 번째 연구실 생체 인식문 해제 | I30: 0 | K30: 0 | M30: 보안 구역 접근 | P30: 생체 인증 | Q30: 1회 | R30: 0 | S30: 0
A31: 충격 보호대 | B31: 보조 장비 | D31: 차한해 | E31: 나대진 지급 | F31: 153번 | 충격 보호대·공명 보호 장갑·공명 증폭기 수령 | G31: 획득 시 귀속 | H31: 164~168번 융합된 괴물 보스전에서 사용 | I31: 0 | K31: 20 | L31: 피격 경직 감소 | P31: 충격 보호 | Q31: 20 | R31: 0 | S31: 0
A32: 공명 보호 장갑 | B32: 손 | D32: 차한해 | E32: 나대진 지급 | F32: 153번 | 충격 보호대·공명 보호 장갑·공명 증폭기 수령 | G32: 획득 시 귀속 | H32: 159~168번 공명 무기·증폭기 사용 부담 완화 | I32: 0 | K32: 15 | L32: 공명 반동 감소 | P32: 공명 보호 | Q32: 15 | R32: 0 | S32: 0
A33: 전광판 쇠막대 | B33: 무기 | D33: 차한해 | E33: 현장 획득 | F33: 159번 | 공명 증폭기로 승강장 전광판 쇠막대 회수 | H33: 160번 달라붙은 자 제압 | I33: 100 | J33: 다수 정렬 타격 | K33: 0 | P33: 충격 | Q33: 100 | R33: 90 | S33: 110
A34: 군용 방탄판 | B34: 상의 | D34: 차한해 | E34: 군인 지원 | F34: 169번 | 구조된 군인에게 지원받기 | G34: 획득 시 귀속 | H34: 178~181번 갈채를 먹는 자 보스전·181번 균열 | I34: 0 | K34: 35 | L34: 강한 공격 방어 | P34: 물리 저항 | Q34: 35 | R34: 0 | S34: 0
A35: 화염 보호복 | B35: 상의 | D35: 차한해 | E35: 소방관 지원 | F35: 187번 | 도시 인연 50% 이상에서 부상당한 소방관 구조 보상으로 획득 | G35: 획득 시 귀속 | H35: 188번 회사 화재 구조·손상 후 +10 유지 | I35: 0 | K35: 20 | L35: 화염 피해 대응 | P35: 화염 저항 | Q35: 20 | R35: 0 | S35: 0
A36: 먼지 보호 안경 | B36: 얼굴 | D36: 차한해 | E36: 나대진 지급 | F36: 192번 | 폐교 환경 장비 수령 | G36: 획득 시 귀속 | H36: 213~217번 폐교 분진·시야 방해 구간 | I36: 0 | K36: 10 | L36: 분진 시야 확보 | P36: 분진 저항 | Q36: 10 | R36: 0 | S36: 0
A37: 균열 보호 마스크 | B37: 얼굴 | D37: 차한해 | E37: 나대진 지급 | F37: 192번 | 폐교 환경 장비 수령 | G37: 획득 시 귀속 | H37: 213~217번 폐교 균열 오염 구간 | I37: 0 | K37: 15 | L37: 균열 오염 차단 | P37: 균열 저항 | Q37: 15 | R37: 0 | S37: 0
A38: 철판 보호대 | B38: 보조 장비 | D38: 차한해 | E38: 정비공 지원 | F38: 194번 | 구조받은 정비공에게 획득 | G38: 획득 시 귀속 | H38: 246~251번 폐교의 보스전·251번 파손 | I38: 0 | K38: 25 | L38: 충격 보호 | P38: 물리 저항 | Q38: 25 | R38: 0 | S38: 0
A39: 사랑의 매 | B39: 무기 | D39: 차한해 | E39: 현장 획득 | F39: 237번 | 공명 확인 후 회수·무기 등록 | H39: 238번 시험·246번 폐교의 보스 외피 파괴 | I39: 140 | J39: 공명 외피 파괴 | K39: 0 | P39: 공명 | Q39: 140 | R39: 126 | S39: 154
A40: 매트 보호대 | B40: 보조 장비 | D40: 차한해 | E40: 현장 제작 | F40: 242번 | 체육관 매트로 제작 | G40: 획득 시 귀속 | H40: 246~251번 폐교의 보스전·251번 파손 | I40: 0 | K40: 15 | L40: 충격 완화 | P40: 물리 저항 | Q40: 15 | R40: 0 | S40: 0
A41: 보랏빛 농구공 | B41: 무기 | D41: 차한해 | E41: 현장 획득 | F41: 243번 | 공명 확인 후 회수·투척 무기 등록 | H41: 244번 투척 훈련·247~248번 기억 개입 패턴 차단 | I41: 120 | J41: 반사 투척 | K41: 0 | P41: 공명 | Q41: 120 | R41: 108 | S41: 132
A42: 공명 보호 외투 | B42: 상의 | D42: 차한해 | E42: 나대진 지급 | F42: 270번 | 최종 균열 장비 수령 | G42: 획득 시 귀속 | H42: 276~288번 균열 내부·최종 보스전 | I42: 0 | K42: 30 | L42: 공명 부담 감소 | P42: 공명 보호 | Q42: 30 | R42: 0 | S42: 0
A43: 강화 전투화 | B43: 신발 | D43: 차한해 | E43: 나대진 지급 | F43: 270번 | 최종 균열 장비 수령 | G43: 획득 시 귀속 | H43: 276·280번 반전·공간 도약 통로와 최종 보스전 | I43: 0 | K43: 20 | L43: 밀쳐짐·미끄러짐 저항 | P43: 기동 안정 | Q43: 20 | R43: 0 | S43: 0

Sheet 속성 대차대조표
A1: 1. 속성 정의 및 적용 대상
A2: 속성 | B2: 핵심 성질 | E2: 공격 속성 적용 | I2: 방어 속성 적용 | M2: 대표 표현
A3: 안정 | B3: 형태와 에너지의 상태를 고정하고 과도한 진동을 억제하는 파장 | E3: 공명 주기 고정, 흔들림 억제, 변이체의 움직임 안정화 | I3: 공명·진동 피해 완화, 밀려남과 흔들림을 억제하는 방호 상태 | M3: 청색 고정선, 입자가 한 지점으로 모이는 연출
A4: 공명 | B4: 파동을 반복·중첩하여 내부 진동과 에너지 증폭을 일으키는 파장 | E4: 반복 타격과 파동 중첩, 차단 한계 초과, 균열 확대 | I4: 외부 파장을 되울리거나 분산하여 충격을 흘려보내는 상태 | M4: 보라색 파문, 동심원과 진동 잔상
A5: 차단 | B5: 에너지·파장·오염의 전달 경로와 연결을 끊는 파장 | E5: 능력 연결 절단, 침식 확산 중단, 유지 에너지 공급 방해 | I5: 외부 에너지 유입과 상태이상 전이를 막는 방호 상태 | M5: 짙은 회색 단절선, 벽 형태의 끊김 연출
A6: 침식 | B6: 조직과 구조의 결합을 약화하고 형태를 점진적으로 붕괴시키는 파장 | E6: 고정 구조 붕괴, 방어 상태 약화, 균열 부위 확대 | I6: 공격 에너지를 분해·흡수하며 일부 피해를 약화하는 상태 | M6: 자홍색 번짐, 표면이 부식되듯 퍼지는 연출
A8: 2. 속성 대차대조표 및 피해 계산 검증
A9: 피해 매개 상수표 K | G9: 상성 순환
A10: 공격자＼방어자 | B10: 안정 | C10: 공명 | D10: 차단 | E10: 침식 | L10: 안정 → 공명 → 차단 → 침식 → 안정은 ×1.7의 강한 우위 관계이며, 반대 방향은 ×0.3의 강한 열위 관계로 적용함.
A11: 안정 | B11: 1 | C11: 1.7 | D11: 0.8 | E11: 0.3
A12: 공명 | B12: 0.3 | C12: 1 | D12: 1.7 | E12: 1.2
A13: 차단 | B13: 1.2 | C13: 0.3 | D13: 1 | E13: 1.7
A14: 침식 | B14: 1.7 | C14: 0.8 | D14: 0.3 | E14: 1
A16: 3. 수치 근거표
A17: 공격 속성 | B17: 방어 속성 | C17: 관계 유형 | E17: 매개 상수 | G17: 수치 적용 근거 | L17: 전투 표현
A18: 안정 | B18: 안정 | C18: 동일 | E18: 1 | G18: 동일한 파장끼리는 서로 우위가 없으므로 기존 피해식에 영향을 주지 않음. | L18: 기본 피해 수치와 기본 속성 이펙트 적용
A19: 안정 | B19: 공명 | C19: 강한 우위 | E19: 1.7 | G19: 안정 파장이 진동 주기를 고정하여 공명의 반복·증폭 작용을 직접 억제함. | L19: 파동이 멈추고 약점 적중 이펙트 강조
A20: 안정 | B20: 차단 | C20: 약한 열위 | E20: 0.8 | G20: 차단 상태가 안정 파장의 전달 경로를 일부 끊어 고정 효과가 충분히 도달하지 못함. | L20: 안정선이 끊기며 피해 표시를 약하게 표현
A21: 안정 | B21: 침식 | C21: 강한 열위 | E21: 0.3 | G21: 이미 침식된 구조는 고정할 원형과 기준이 약해 안정화 효과가 크게 감소함. | L21: 고정선이 번짐에 흡수되는 연출
A22: 공명 | B22: 안정 | C22: 강한 열위 | E22: 0.3 | G22: 안정된 구조가 진동의 확산과 파동 중첩을 막아 공명 증폭이 발생하기 어려움. | L22: 파문이 짧게 사라지는 연출
A23: 공명 | B23: 공명 | C23: 동일 | E23: 1 | G23: 동일한 파장끼리는 서로 우위가 없으므로 기존 피해식에 영향을 주지 않음. | L23: 기본 피해 수치와 기본 속성 이펙트 적용
A24: 공명 | B24: 차단 | C24: 강한 우위 | E24: 1.7 | G24: 반복되는 공명 파동이 차단 상태의 처리 한계를 넘어 과부하를 발생시킴. | L24: 차단벽에 균열이 번지고 파동이 관통하는 연출
A25: 공명 | B25: 침식 | C25: 약한 우위 | E25: 1.2 | G25: 침식으로 약해진 구조의 미세 균열을 진동이 확대하여 붕괴를 촉진함. | L25: 침식 부위가 파동에 따라 넓어지는 연출
A26: 차단 | B26: 안정 | C26: 약한 우위 | E26: 1.2 | G26: 안정 상태를 유지하는 에너지 공급과 연결을 끊어 구조의 유지력을 약화함. | L26: 고정선 일부가 끊기며 약점 이펙트 표시
A27: 차단 | B27: 공명 | C27: 강한 열위 | E27: 0.3 | G27: 공명은 파동이 누적된 뒤에도 영향이 남아 단일 연결 차단만으로 완전히 제거하기 어려움. | L27: 차단선 너머로 파문이 이어지는 연출
A28: 차단 | B28: 차단 | C28: 동일 | E28: 1 | G28: 동일한 파장끼리는 서로 우위가 없으므로 기존 피해식에 영향을 주지 않음. | L28: 기본 피해 수치와 기본 속성 이펙트 적용
A29: 차단 | B29: 침식 | C29: 강한 우위 | E29: 1.7 | G29: 침식 에너지의 접촉·전이·확산 경로를 끊어 핵심 작용을 직접 무력화함. | L29: 번짐이 절단되고 약점 적중 이펙트 강조
... A33: 침식 | B33: 침식 | C33: 동일 | E33: 1 | G33: 동일한 파장끼리는 서로 우위가 없으므로 기존 피해식에 영향을 주지 않음. | L33: 기본 피해 수치와 기본 속성 이펙트 적용

Sheet 몬스터
B1: 검증 항목 | C1: 값 | E1: 작성 기준
B2: 전체 콘텐츠 수 | C2: 306 | E2: ▶향후 콘텐츠 및 이벤트의 추가·삭제·수정에 따른 순서 변경과 연계 오류에 유연하게 대응할 수 있도록, 몬스터가 배치되지 않은 구간을 포함해 게임 시작부터 종료까지의 전체 콘텐츠 흐름을 작성함. ▶관련 정보가 없는 항목은 공란으로 유지하여 실제 배치 여부를 명확히 구분하고, 문서의 확장성·추적성· 유지보수성을 확보함.
B3: 몬스터 배치 콘텐츠 수 | C3: =COUNTIF(C7:C312,"<>") -> 42
B4: 몬스터 미배치 콘텐츠 수 | C4: =C2-C3 -> 264
B5: 콘텐츠 누락 개수 | C5: =C2-COUNT(A7:A312) -> 0
A6: 콘텐츠 제시 순서 | C6: 몬스터 이름 | D6: 몬스터 이미지 | E6: 몬스터 타입 | F6: 생명력 | G6: 공격력 | H6: 공격력 합산 STATUS | I6: 공격력 보정 | J6: 최종 공격력 | K6: 방어력 | L6: 방어력 합산 STATUS | M6: 방어력 보정 | N6: 최종 방어력 | O6: 스킬1 | P6: 발동률1 | Q6: 스킬2 | R6: 발동률2 | S6: 스킬3 | T6: 발동률3 | U6: 스킬4 | V6: 발동률4 | W6: 비고
A7: 1 | J7: =IF(C7="","",G7+I7) | N7: =IF(C7="","",K7+M7)
A8: 2
A9: 3
A10: 4
A11: 5
A12: 6
A13: 7
A14: 8
A15: 9
A16: 10
A17: 11
A18: 12
A19: 13
... A70: 64
A71: 65 | J71: =IF(C71="","",G71+I71) | N71: =IF(C71="","",K71+M71)
A72: 66
A73: 67
A74: 68
A75: 69
A76: 70
A77: 71
A78: 72
A79: 73
A80: 74 | B80: 조건부 선공 | C80: 균열에서 기어 나온 자 | E80: 초기 변이체 | F80: 30 | G80: 4 | H80: 근접 본능 | I80: 1 | J80: 5 | K80: 0 | L80: 불완전한 외피 | M80: 0 | N80: 0 | O80: 느린 할퀴기 | P80: 70 | Q80: 비틀거리며 접근 | R80: 30 | T80: 0 | V80: 0 | W80: 차한해의 첫 괴물 조우용. 1~2챕터에는 괴물이 등장하지 않으며, 3챕터 새벽 재난부터 은폐·회피로 처음 마주침.
A81: 75
A82: 76
A83: 77
A84: 78 | B84: 조건부 선공 | C84: 문 앞에 웅크린 자 | E84: 초기 변이체 | F84: 60 | G84: 7 | H84: 기습 반응 | I84: 1 | J84: 8 | K84: 2 | L84: 웅크린 자세 | M84: 1 | N84: 3 | O84: 갑작스러운 덮치기 | P84: 45 | Q84: 문 앞 버티기 | R84: 35 | S84: 고개 들기 | T84: 20 | V84: 0 | W84: 차한해의 접촉으로 괴물이 처음 소멸하는 연출에 사용함. 차한해는 당시 자신이 처치했다는 사실을 인지하지 못함.
A85: 79
A86: 80
A87: 81
A88: 82
A89: 83 | B89: 선공 | C89: 몸을 끄는 자 | E89: 초기 변이체 | F89: 45 | G89: 5 | H89: 체중 충격 | I89: 1 | J89: 6 | K89: 1 | L89: 두꺼운 등 외피 | M89: 1 | N89: 2 | O89: 몸통 내려찍기 | P89: 60 | Q89: 느린 추격 | R89: 40 | T89: 0 | V89: 0 | W89: 아파트를 빠져나온 뒤 안전 구역으로 이동하는 대피 구간에 배치함. 차한해는 직접 전투하지 않고 우회함.
A90: 84 | B90: 비선공 | C90: 울음이 남은 자 | E90: 초기 변이체 | F90: 35 | G90: 4 | H90: 공포 음파 | I90: 1 | J90: 5 | K90: 0 | L90: 얇은 외피 | M90: 0 | N90: 0 | O90: 울음 파동 | P90: 45 | Q90: 뒤로 물러나기 | R90: 35 | S90: 멈춰 서기 | T90: 20 | V90: 0 | W90: 인간과 유사한 울음으로 괴물의 인간 기원을 복선으로 제시하되, 3챕터에서는 정체를 공개하지 않음.
A91: 85 | B91: 비선공 | C91: 길을 잃은 자 | E91: 초기 변이체 | F91: 55 | G91: 6 | H91: 당황한 반격 | I91: 1 | J91: 7 | K91: 2 | L91: 굳은 외피 | M91: 0 | N91: 2 | O91: 배회 | P91: 55 | Q91: 짧은 밀치기 | R91: 30 | S91: 주변 살피기 | T91: 15 | V91: 0 | W91: 한도윤과 합류하기 전 배회 규칙을 관찰하고 우회하는 비선공 조우에 사용함.
A92: 86
A93: 87
A94: 88
A95: 89
A96: 90
A97: 91
A98: 92
A99: 93
A100: 94
A101: 95
A102: 96
A103: 97 | B103: 선공 | C103: 사람을 뒤쫓는 자 | E103: 일반 변이체 | F103: 80 | G103: 10 | H103: 추격 가속 | I103: 2 | J103: 12 | K103: 4 | L103: 긴장된 근육 | M103: 1 | N103: 5 | O103: 연속 할퀴기 | P103: 45 | Q103: 추격 돌진 | R103: 35 | S103: 목표 전환 | T103: 20 | V103: 0 | W103: 대피소 주변에서 고등급자 NPC가 교전하며, 차한해는 시민과 심부름 동선을 확보하는 데 집중함.
A104: 98 | B104: 선공 | C104: 길을 막아선 자 | E104: 일반 변이체 | F104: 110 | G104: 12 | H104: 길목 압박 | I104: 2 | J104: 14 | K104: 6 | L104: 넓은 체형 | M104: 2 | N104: 8 | O104: 통로 밀치기 | P104: 50 | Q104: 앞길 막기 | R104: 30 | S104: 짧은 충격파 | T104: 20 | V104: 0 | W104: 대피소 보급로의 고등급자 교전 구간에 배치함. 차한해는 직접 처치하지 않고 우회함.
A105: 99
A106: 100 | B106: 선공 | C106: 서로 엉킨 자 | E106: 강화 변이체 | F106: 190 | G106: 20 | H106: 다중 팔 타격 | I106: 4 | J106: 24 | K106: 9 | L106: 겹친 외피 | M106: 3 | N106: 12 | O106: 회전 휩쓸기 | P106: 40 | Q106: 다중 내려찍기 | R106: 30 | S106: 비틀린 돌진 | T106: 20 | U106: 경직 | V106: 10 | W106: 아파트 물품 회수 중 고등급자 교전을 관찰하는 첫 강화 변이체로 배치함.
A107: 101
A108: 102
A109: 103 | B109: 선공 | C109: 무리를 이끄는 자 | E109: 무리 선도체 | F109: 270 | G109: 22 | H109: 무리 공명 | I109: 5 | J109: 27 | K109: 11 | L109: 부하 엄호 | M109: 4 | N109: 15 | O109: 표적 지정 | P109: 30 | Q109: 부하 돌격 명령 | R109: 30 | S109: 무리 가속 | T109: 25 | U109: 직접 타격 | V109: 15 | W109: 선의 측정 마감이 지연되는 원인이 되는 대피소 외곽 교전에 배치함. 선도체 제압은 고등급자 NPC가 담당함.
A110: 104
A111: 105
A112: 106
A113: 107
A114: 108
A115: 109
A116: 110
A117: 111
A118: 112
A119: 113
A120: 114
A121: 115
... A130: 124
A131: 125 | B131: 선공 | C131: 문을 두드리는 자 | E131: 일반 변이체 | F131: 130 | G131: 18 | H131: 반복 충격 | I131: 3 | J131: 21 | K131: 8 | L131: 단단한 손뼈 | M131: 2 | N131: 10 | O131: 문 두드리기 | P131: 40 | Q131: 연속 주먹질 | R131: 35 | S131: 목표 전환 | T131: 25 | V131: 0 | W131: 대피소 방어 구간의 기본 편성
A132: 126 | B132: 선공 | C132: 틈을 파고드는 자 | E132: 일반 변이체 | F132: 115 | G132: 20 | H132: 후방 기습 | I132: 4 | J132: 24 | K132: 7 | L132: 유연한 골격 | M132: 1 | N132: 8 | O132: 틈새 이동 | P132: 35 | Q132: 후방 찌르기 | R132: 40 | S132: 빠른 이탈 | T132: 25 | V132: 0 | W132: 탱커 뒤의 시민을 노리는 기습형
A133: 127
A134: 128
A135: 129 | J135: =IF(C135="","",G135+I135) | N135: =IF(C135="","",K135+M135)
A136: 130 | B136: 선공 | C136: 밖으로 밀어내는 자 | E136: 일반 변이체 | F136: 165 | G136: 21 | H136: 밀치기 충격 | I136: 4 | J136: 25 | K136: 10 | L136: 낮은 무게중심 | M136: 3 | N136: 13 | O136: 강제 밀치기 | P136: 50 | Q136: 출구 점거 | R136: 30 | S136: 바닥 충격 | T136: 20 | V136: 0 | W136: 시민이 안전 구역 밖으로 나가지 않도록 위치 관리 필요
A137: 131
A138: 132
A139: 133
A140: 134
A141: 135
A142: 136
A143: 137
A144: 138
A145: 139
A146: 140
A147: 141 | B147: 선공 | C147: 안쪽을 차지한 자 | E147: 강화 변이체 | F147: 320 | G147: 30 | H147: 구역 압박 | I147: 6 | J147: 36 | K147: 17 | L147: 응집 외피 | M147: 5 | N147: 22 | O147: 영역 충격파 | P147: 35 | Q147: 전면 내려찍기 | R147: 30 | S147: 자리 고정 | T147: 20 | U147: 밀어내기 | V147: 15 | W147: 대피소 내부 이동 공간을 줄이는 강화 변이체
A148: 142 | B148: 선공 | C148: 출구를 가로막는 자 | E148: 무리 선도체 | F148: 430 | G148: 34 | H148: 봉쇄 명령 | I148: 7 | J148: 41 | K148: 20 | L148: 진형 방어 | M148: 6 | N148: 26 | O148: 출구 봉쇄 | P148: 30 | Q148: 부하 재배치 | R148: 25 | S148: 집단 밀치기 | T148: 30 | U148: 직접 타격 | V148: 15 | W148: 부하와의 진형을 무너뜨려야 하는 중반 무리 전투
A149: 143
A150: 144
A151: 145
A152: 146 | B152: 선공 | C152: 닫힌 문지기 | E152: 구역 보스 | F152: 1800 | G152: 45 | H152: 봉쇄 외피 | I152: 10 | J152: 55 | K152: 30 | L152: 철판 갑각 | M152: 10 | N152: 40 | O152: 철문 돌진 | P152: 30 | Q152: 봉쇄 충격파 | R152: 25 | S152: 시민 밀어내기 | T152: 20 | U152: 방어 핵 노출 | V152: 25 | W152: 직접 화력보다 환경과 시민 구조를 이용해 해결하는 첫 구역 보스
A153: 147
A154: 148
A155: 149
A156: 150
A157: 151
A158: 152
...

Sheet 시뮬레이터
B2: 폐교의 보스 | F2: 차한해
B4: 생명력 | C4: =VLOOKUP($B$2,몬스터!$C$7:$W$290,4,0) -> 6200 | F4: 생명력 | G4: =VLOOKUP($F$2,'PC DATA(대차대조표)'!C3:K308,6,0) -> 10
B5: 공격력 | C5: =VLOOKUP($B$2,몬스터!$C$7:$W$290,5,0) -> 84 | F5: 공격력 | G5: =VLOOKUP($F$2,'PC DATA(대차대조표)'!C4:K309,4,0) -> 10
B6: 공격력 보정 | C6: =VLOOKUP($B$2,몬스터!$C$7:$W$290,7,0) -> 18 | F6: 방어력 | G6: =VLOOKUP($F$2,'PC DATA(대차대조표)'!C5:K310,6,0) -> 10
B7: 최종 공격력 | C7: =VLOOKUP($B$2,몬스터!$C$7:$W$290,8,0) -> 102 | F7: 스킬 | G7: =VLOOKUP($F$2,'PC DATA(대차대조표)'!C6:K311,8,0) -> 0
B8: 방어력 | C8: =VLOOKUP($B$2,몬스터!$C$7:$W$290,9,0) -> 54 | G8: =VLOOKUP($F$2,'PC DATA(대차대조표)'!C7:K312,6,0) -> 10
B9: 방어력 보정 | C9: =VLOOKUP($B$2,몬스터!$C$7:$W$290,11,0) -> 16 | G9: =VLOOKUP($F$2,'PC DATA(대차대조표)'!C8:K313,6,0) -> 10
B10: 최종 방어력 | C10: =VLOOKUP($B$2,몬스터!$C$7:$W$290,12,0) -> 70 | G10: =VLOOKUP($F$2,'PC DATA(대차대조표)'!C9:K314,6,0) -> 10
B11: 타입 | C11: =VLOOKUP($B$2,몬스터!C7:W290,3,0) -> 챕터 보스 | G11: =VLOOKUP($F$2,'PC DATA(대차대조표)'!C10:K315,6,0) -> 10
B12: 스킬 | C12: 연속 할퀴기

Sheet 밸런스 팩터
B2: 밸런스 팩터
B3: 게임 「넌 착해!」의 플레이 경험을 조절하는 요소. 원 하나에는 요소 하나만 배치하며 원의 크기는 전체 플레이 영향도와 사용 빈도를 반영함. 최신 핵심 연결은 ① 일반인 공격·방어 10과 첫 힘의 일회성 순간 출력 1000, ② 선의 수치 96·836·999 ERROR의 발견과 고등급자 제도, ③ 고등급자 특혜·거짓 주장·폭력시위·이용익의 여론 압박으로 상승하는 자아마모도, ④ 메인 기본 60%·선택 최대 100%의 도시 인연과 75/100% 엔딩 임계치, ⑤ 선택 만남 4회로 0~100%가 되는 예쁜 고양이 인연과 대장 고양이 휴식 퀘스트, ⑥ 급식실·강당 기억 체험과 친구의 완전 소멸, ⑦ 거울 미로·방향 반전·또 다른 차한해·껍데기의 바다·균열 수호체·선의 계량자 동기화, ⑧ 관리국 표준 대응·재난 구조·심층 균열 탐사·최종 균열 장비로 이어지는 42종 아이템의 획득·사용·교체 흐름, ⑨ 경찰·시민·군인의 장비 지원과 후반 비난의 대비임
B5: 진행·콘텐츠 | J5: 서사·상태 | R5: 전투 | Z5: 가이드·편의 | AH5: 크기: 핵심(대) · 반복 조정(중) · 장면 조정(소)
B70: 큰 원은 플레이 전반에 미치는 영향이 큰 핵심 팩터이며, 작은 원은 장면·미션 단위에서 조정하는 세부 팩터임

Sheet 작성 기준
A1: 게임 「넌 착해!」 밸런스 문서 작성 기준
A2: 모든 시트가 7챕터·콘텐츠 진행 순서 1~306, 문서 전체·대표 경로 시간, 자아마모도, 도시·예쁜 고양이 인연, PC 성장·장비 변화와 다중 엔딩 조건을 동일하게 사용하도록 검증하는 기준표
A3: 1. 밸런스 문서 핵심 항목
A4: 항목 | B4: 작성 방식 | C4: 값/형식 | D4: 우리 게임 적용 기준
A5: 플레이 난이도 | B5: 플레이어가 실제 입력을 수행할 때 느끼는 조작 난도 | C5: 1~10 정수 | D5: 1은 단순 확인·대화, 10은 빠른 보스 패턴과 복합 입력
A6: 플레이 흥미도 | B6: 기획자가 해당 구간에서 기대하는 재미의 목표값 | C6: 1~10 정수 | D6: 탐색·긴장·감정·반전·성취를 포함하며 실제 테스트값과 구분
A7: 콘텐츠 진행 순서 | B7: 게임 시작부터 엔딩까지 해금되는 모든 플레이 내용을 순서대로 기록 | C7: 1부터 연속 넘버링 | D7: 이동·조사·대화·전투·연출·선택 콘텐츠·장비 변화·엔딩 분기를 포함하며 현재 총 306개·7챕터
A8: 플레이 목표 | B8: 제목만 읽어도 플레이어가 해야 할 행동이 보이도록 작성 | C8: 행동형 제목 | D8: 예: 신상 과자 진열대 찾기, 아파트 계단에서 괴물을 피해 숨기
A9: 플레이 난관 | B9: 목표를 바로 달성하지 못하게 만드는 맵·NPC·시간·정보·전투 요소 | C9: 구체적 서술 | D9: 후보 수·시야 차단·시간 압박·감정적 부담 등을 기록
A10: 공략 방법 | B10: 플레이 난관을 해결하기 위해 관찰·판단·조작해야 하는 절차 | C10: 구체적 플레이 절차 | D10: 표에서 가장 핵심적인 항목으로 작성
A11: 체감 난이도 | B11: 플레이 난관 자체의 어려움과 원인을 함께 기록 | C11: 숫자/10 + 원인 | D11: 정보량·후보 수·패턴 수·시간 압박을 함께 평가
A12: 수행 과제 수 | B12: 해당 행을 완료하기 위해 필요한 행동·대상·단계의 수 | C12: 정수 | D12: 수거 8개, 단서 5개, 보스 패턴 3회 등
A13: 목표 달성 조건 | B13: 시스템이 완료를 판정할 수 있는 명확한 조건 | C13: 구체적 판정 조건 | D13: 목표 수량·트리거·퍼즐·보스 기믹 완료 등
A14: 실패 결과 | B14: 실패 시 재시작 지점이나 보상 감소 등 결과를 기록 | C14: 구체적 결과 또는 - | D14: 체력 0·시민 피해·오답 누적·시간 초과 등을 반영
A15: 예상 소요 시간 | B15: 라이트 유저가 초회 플레이에서 완료하는 기준 시간 | C15: 분·초 텍스트 | D15: 라이트 유저 열과 동일하게 작성
... A30: 전투 숙련 단계 | B30: 해당 전투를 안정적으로 공략하기 위한 조작·판단 수준 | C30: 1~9 또는 — | D30: PC DATA 기본 공격력 상승 시점과 전투 복잡도 검증에 사용
A31: 2. PC DATA 작성 기준
A32: 항목 | B32: 작성 방식 | C32: 값/형식 | D32: 우리 게임 적용 기준
A33: 플레이어 고유명(CLASS) | B33: 주인공의 고유명 또는 클래스 정체성 | C33: 텍스트 | D33: 닉네임이 아니라 차한해를 기록
A34: 콘텐츠 진행 순서 | B34: 능력치·장비·스킬이 최초 변화하는 시점 | C34: 밸런스 문서 번호 | D34: PC DATA는 능력치·장비·스킬이 처음 변하는 시점만 기록하고, PC DATA(대차대조표)는 1~306 모든 콘텐츠의 챕터·콘텐츠명·전투 상태·현재 기본 수치와 변화 근거를 기록
A35: 기본 공격력 | B35: 장비를 제외한 차한해의 전투 숙련 공격력 | C35: 10~560 정수 | D35: 일반인 기본 공격력 10. 79번에서 일회성 +990으로 순간 출력 1000, 118번부터 정식 전투 공격력 80→560 계단형 상승
A36: 공격력 합산 요소 | B36: 무기·공명 등 공격력에 더해지는 요소 | C36: 이름 + 보정값 | D36: 무기·공명·일회성 출력 변화는 최초 획득 또는 종료 시점만 기록
A37: 기본 방어력 | B37: 장비를 제외한 차한해의 피해 대응 숙련도 | C37: 10~220 정수 | D37: 일반인 기본 방어력 10. 정식 전투 개방 시 100으로 상승하고 공격 예측·충격 흘리기 숙련에 따라 220까지 증가
A38: 방어력 합산 요소 | B38: 방어구·보호 장비의 획득·파손·보정 변화 | C38: 이름 + 보정값 또는 변화값 | D38: 방어구는 획득·손상·성능 감소·완전 파손 시점만 기록
A39: 스킬 | B39: 새로 해금되는 조작·판단 능력의 이름 | C39: 이름만 기록 | D39: 수치·설명은 별도 스킬 시트가 생길 때 분리
A40: 최초 등장·변화 원칙 | B40: 무기·스킬은 최초 등장, 방어구는 획득·성능 변화 시 기록 | C40: 변화 시점만 기록 | D40: PC DATA와 대차대조표 모두 무기·방어구·스킬을 매 행 누적 반복하지 않음. 변화 열은 최초 획득·교체·손상·파손 시점만 쓰고 나머지는 공란으로 유지
A41: 3. 우리 게임에서 제외한 항목
A42: 항목 | B42: 작성 방식 | C42: 값/형식 | D42: 우리 게임 적용 기준
A43: Lv·레벨업 필요 경험치·전직 퀘스트 | B43: 레벨과 전직 시스템이 없음 | C43: 챕터·스테이지·진행 관문 | D43: 삭제
A44: 몬스터 1체 경험치·퀘스트 보상 경험치 | B44: 처치 반복으로 성장하는 구조가 아님 | C44: 콘텐츠 진행 포인트 | D44: 삭제
A45: 레벨업 전투시간·필요 처치 수 | B45: 반복 사냥과 레벨업 루프가 없음 | C45: 전투 예상 시간·전투 숙련 단계 | D45: 삭제
A46: 파티플레이 보상 경험치 비율 | B46: 파티 경험치 분배 시스템이 없음 | C46: 인연 변화·다인 협력 기믹 | D46: 삭제
A47: 아이템 구매 기준가격·필요 처치 수 | B47: 전투 파밍 상점 경제가 핵심이 아님 | C47: 필요 시 별도 경제 시트 | D47: 전투 파밍 상점 경제는 제외하되 실제 아이템 42종 모두에 획득 콘텐츠를 부여하고, 획득 순서·사용 콘텐츠·수치를 아이템 시트와 밸런스 문서에 연결
A48: 보스 경험치·레벨별 보스 분포 수 | B48: 보스가 레벨업 보상을 제공하지 않음 | C48: 보스 스테이지 수·스테이지 점수 | D48: 삭제
A49: 보스 타입 A/B 공통 시간 | B49: 보스마다 서사·기믹·페이즈가 달라 평균이 부정확함 | C49: 보스별 실제 페이즈 합 | D49: 삭제
A50: 퀘스트 레벨별 분포 개수 | B50: 퀘스트 레벨 구간이 없음 | C50: 챕터별 콘텐츠 수·진행 순서 | D50: 삭제
A51: 이동속도 A/B 고정 열 | B51: 일부 추격·호위에서만 필요해 대부분 공란 | C51: 난관·난이도 조절·밸런스 팩터 | D51: 필요 시 별도 시트
A52: 4. 시트 간 통일성 검증
A53: 항목 | B53: 작성 방식 | C53: 값/형식 | D53: 우리 게임 적용 기준
A54: 누적 플레이 시간 | B54: 예상 소요 시간 합계와 일치하는지 확인 | C54: 오차 0초 | D54: 문서 전체 라이트 5시간 51분 10초 · 미들 5시간 · 헤비 4시간 38분 30초 / 대표 진엔딩 경로 라이트 5시간 25분 15초 · 미들 4시간 37분 5초 · 헤비 4시간 18분 35초
A55: 보스 시간 | B55: 밸런스 문서 보스 페이즈 합과 보스 설계 요약이 일치 | C55: 오차 0초 | D55: 닫힌 문지기 6/5/5분 · 융합된 괴물 10/8/8분 · 갈채를 먹는 자 16분5초/13분/13분 · 폐교의 보스 27분50초/23분/20분50초 · 선의 계량자 21분10초/17분20초/17분
A56: 자아마모도 | B56: 밸런스 문서 변화량과 보스 요약 합계 일치 | C56: 증가 +, 회복 - | D56: 첫 보스 0%에서 시작해 여론·한도윤 사망·폐교 친구 소멸·균열 진실로 누적 100%. 대장 고양이 퀘스트에서 -2% 일시 회복
A57: 인연 변화 | B57: 대상별 누적이 0~100% 범위를 벗어나지 않음 | C57: 0~100% | D57: 도시 기본 60%·최대 100% · 예쁜 고양이 0~100% · 차우선·한도윤·이용익·강재한·나대진 관계를 별도 관리
A58: 진행 관문 | B58: HP 0·처치 표현이 서사적 승리 조건과 충돌하지 않음 | C58: 완료 조건 서술 | D58: 폐교 친구는 인간으로 생존 복원되지 않고, 포옹 후 잠깐 인간 모습으로 돌아와 감사한 뒤 완전히 소멸
A59: PC DATA | B59: PC DATA·대차대조표 변화 시점과 밸런스 문서의 콘텐츠 번호가 일치 | C59: 콘텐츠 번호 일치 | D59: 일반인 수치 1번 · 첫 힘 79번 · 정식 전투 118번 · 재난 구조 장비 185번 · 심층 균열 탐사 장비 196번 · 최종 기본 공격력·방어력 288번을 포함한 44개 변화 시점과 아이템 42종의 콘텐츠 번호 일치
A60: 밸런스 팩터 | B60: 원 하나에 요소 하나만 기재하고 크기로 영향도 표현 | C60: 대/중/소 3단계 | D60: 핵심·반복·장면 단위 팩터를 구분
A61: 5. 콘텐츠 유형별 예상 시간 산정 기준
A62: 항목 | B62: 작성 방식 | C62: 값/형식 | D62: 우리 게임 적용 기준
A63: 대화·연출·확인 | B63: 초회 대사·연출 전체 확인 | C63: 읽기 속도 차이만 소폭 반영 | D63: 필수 연출 이후 빠른 넘김·다시보기 허용
A64: 이동·탐색·퍼즐 | B64: 길찾기·관찰·오답을 포함한 초회 시간 | C64: 동선 이해와 오답 감소 반영 | D64: 정체 시간에 따라 목표 표시·힌트 강화
A65: 일반·회피·정예 전투 | B65: 몬스터 수·패턴·시민 보호를 직접 산정 | C65: 패턴 이해와 조준 숙련 반영 | D65: 전조 강화와 체크포인트로 재시도 시간 제한
A66: 보스 기믹 | B66: 보스전의 개별 페이즈 시간 | C66: 페이즈 숙련 단축 반영 | D66: 마지막 페이즈 행에 전체 보스전 합계 병기
A67: 보스 | B67: 여러 페이즈 합으로 전체 시간을 산정 | C67: 첫 보스 헤비 5분·이후 주요 보스 8분 이상 | D67: 보스마다 공략 규칙과 승리 조건을 변경
A68: 공통 | B68: 라이트 ≥ 미들 ≥ 헤비 | C68: 5초 단위 | D68: 대표 진엔딩 경로 미들 4시간 37분 5초로 4시간 이상. 선택 콘텐츠·상호 배타 엔딩 행은 문서 전체 합산과 구분
A69: 6. 인연 시스템 대상별 기준값
A70: 대상 | B70: 초기값 → 최종값 | C70: 주요 상승 요인 | D70: 주요 하락 요인·포트폴리오 역할
A71: 도시 | B71: 0% → 기본 60% / 최대 100% | C71: 메인 구조 11개로 60% 보장·선택 콘텐츠 8개×5%로 최대 100% | D71: 수치 자체는 하락하지 않으며 시민의 직접 기억·증언 축적을 뜻함. 75%·100% 최종 엔딩 임계치
A72: 예쁜 고양이 | B72: 0% → 0/25/50/75/100% | C72: 츄르 4개입 구매 후 선택 만남 4회×25% | D72: 0~49% 두 고양이 간식·50~69% 대장 고양이 간식·70~99% 헤드번팅 없음·100% 전용 애교
A73: 차우선 | B73: 45% → 엔딩별 변동 | C73: 초반 심부름·가족 대피·마지막 대면·생존 엔딩 재회 | D73: 영웅화 질투·한도윤 사망 이후 원망·희생 엔딩 추모 편지
A74: 한도윤 | B74: 75% → 100% 고정 | C74: 공원 협력·재난 합류·비공개 통화·회사 구조 | D74: 사망 이후 100% 고정, 예약 음성과 폐교·최종부 감정 축으로 사용
A75: 이용익 | B75: 50% → 0% | C75: 초기 대응 브리핑에서 일시적 신뢰 | D75: 고등급자 특혜·여론 조작·임시 대통령 취임·균열 단독 진입 명령·비리 공개
A76: 강재한 | B76: 45% → 0% | C76: 초기 국가 책임 요구에 대한 공감 | D76: 구조 지연 질타·한도윤 책임론·폭력시위·균열 진입 선동, 진엔딩에서 시민에게 설득됨
A77: 나대진 | B77: 50% → 100% | C77: 측정 안전·장비 지원·비상 계획·개인 기록 보존 | D77: 하락 없이 지속 상승, 차한해를 균열 자원보다 사람으로 대하는 조력자
A78: 7. 자아마모도 누적 설계
A79: 핵심 사건 | B79: 변화량 | C79: 누적값 | D79: 설계 의도
A80: 닫힌 문지기 보스전 | B80: 0% | C80: 0% | D80: 자발적으로 시민을 구하는 첫 보스이므로 마모 없음
A81: 첫 구조 지연 항의 | B81: +3% | C81: 3% | D81: 환호가 무한 책임 요구로 바뀌는 첫 균열
A82: 고등급자의 선의 소모 거짓 주장 | B82: +4% | C82: 7% | D82: 특혜를 유지하려 차한해에게 출동을 떠넘김
A83: 융합된 괴물 보스전 | B83: +5% | C83: 12% | D83: 폭력과 희생 기억을 마주하는 심리 부담
A84: 이용익 임시 대통령 취임·국가 우선 출동 | B84: +4% | C84: 16% | D84: 개인 판단보다 권력과 여론이 우선됨
A85: 갈채를 먹는 자 보스전 | B85: +8% | C85: 24% | D85: 선행이 영웅 소비와 특혜 유지 수단으로 변질됨
A86: 카메라 없는 구조를 의심하는 여론 | B86: +4% | C86: 28% | D86: 실제 구조보다 방송 화면과 지연 시간만으로 비난함
A87: 한도윤 사망 | B87: +12% | C87: 40% | D87: 가장 가까운 조력자를 구조 현장에서 잃음
A88: 강재한 책임론·차우선 원망 | B88: +10% | C88: 50% | D88: 위로 대신 책임 전가와 가족 원망이 연속됨
A89: 대장 고양이 영역 통과 | B89: -2% | C89: 48% | D89: 플레이어와 차한해를 위한 짧은 휴식·이전 인연의 보상
A90: 친구의 학교폭력 기억 체험 | B90: +5% | C90: 53% | D90: 급식실·강당 폭력을 친구의 시점으로 직접 체험
... A98: 차한해·선의 계량자의 동일 근원 확인 | B98: +3% | C98: 100% | D98: 태생과 두 해결책을 알며 최종 선택 한계치 도달
A99: 8. 최종 엔딩 조건
A100: 선택 | B100: 도시 인연 조건 | C100: 시민 반응 | D100: 결과
A101: 진실 공개 | B101: 100% | C101: 일부 시민의 희생 반대가 확산되어 고등급자·폭력시위단체까지 설득 | D101: 모두 공동 진입·차한해 생존·균열 소멸·변이체 전원 복원·진엔딩
A102: 진실 공개 | B102: 0~99% | C102: 차한해 혼자 희생하는 것이 옳다고 강요 | D102: 강요된 희생 경로
A103: 진실 은폐+공동 진입 요청 | B103: 75~100% | C103: 전체 이유를 몰라도 차한해를 믿고 함께 진입 | D103: 차한해 생존·변이체 복원·선의의 거짓말 엔딩
A104: 진실 은폐+공동 진입 요청 | B104: 0~74% | C104: 두려움과 불신으로 공동 진입 거부 | D104: 차한해 희생 요구
A105: 진실 은폐+단독 희생 | B105: 무관 | C105: 시민은 다른 해결책의 전체 진실을 모름 | D105: 차한해 소멸·균열 소멸·변이체 전원 복원
A106: 선의 계량자의 거짓말 | B106: 공동 진입 성공 시 | C106: 변이체가 소멸한다는 설명은 인간의 선택을 시험하기 위한 거짓말 | D106: 실제로는 공동 진입에서도 변이체 전원 복원

Sheet 밸런스 곡선
A1: 전체 밸런스 곡선 요약
A2: 문서 전체 합산 라이트 5시간 48분 40초 · 미들 4시간 58분 · 헤비 4시간 36분 55초 / 선택 콘텐츠를 제외한 대표 진엔딩 경로 라이트 5시간 22분 45초 · 미들 4시간 35분 5초 · 헤비 4시간 17분 — 선의 수치 발견, 고등급자 공동 출동과 배신, 예쁜 고양이 인연, 폐교 기억 체험, 균열 내부·다중 엔딩을 통합함 | B2: 문서 전체 합산 라이트 5시간 51분 10초 · 미들 5시간 · 헤비 4시간 38분 30초 / 선택 콘텐츠를 제외한 대표 진엔딩 경로 라이트 5시간 25분 15초 · 미들 4시간 37분 5초 · 헤비 4시간 18분 35초 — 선의 수치 발견, 고등급자 공동 출동과 배신, 42종 아이템의 획득·사용, 예쁜 고양이 인연, 폐교 기억 체험, 균열 내부·다중 엔딩을 통합함
A3: 총 콘텐츠 수 | B3: 306 | C3: 평균 플레이 난이도 | D3: 2.86 | E3: 평균 플레이 흥미도 | F3: 8.12 | G3: 보스 스테이지 수 | H3: 5 | I3: 대표 진엔딩 예상 시간(미들 기준) | J3: 0.19241898
A4: 콘텐츠 진행 순서 | B4: 콘텐츠 진행 포인트 누적 | C4: 상위 스테이지 해금 요구 포인트 | D4: 누적 플레이 시간(라이트)
A5: 1 | B5: 3 | C5: 0 | D5: 0.00052083333
A6: 2 | B6: 5 | C6: 0 | D6: 0.00063657407
A7: 3 | B7: 8 | C7: 0 | D7: 0.00086805556
A8: 4 | B8: 11 | C8: 0 | D8: 0.0012152778
A9: 5 | B9: 13 | C9: 0 | D9: 0.0013888889
A10: 6 | B10: 15 | C10: 0 | D10: 0.0015625
A11: 7 | B11: 18 | C11: 15 | D11: 0.0017939815
A12: 8 | B12: 22 | C12: 15 | D12: 0.0021412037
A13: 9 | B13: 25 | C13: 15 | D13: 0.0023148148
A14: 10 | B14: 28 | C14: 15 | D14: 0.002662037
A15: 11 | B15: 31 | C15: 28 | D15: 0.0032407407
A16: 12 | B16: 34 | C16: 28 | D16: 0.0038194444
... A27: 23 | B27: 75 | C27: 53 | D27: 0.010590278
A28: 24 | B28: 81 | C28: 53 | D28: 0.011631944 | F28: 챕터 | G28: 콘텐츠 수 | H28: 라이트 | I28: 미들 | J28: 헤비
A29: 25 | B29: 84 | C29: 53 | D29: 0.012210648 | F29: 1 | 평범한 하루 | G29: 37 | H29: 0.016493056 | I29: 0.014351852 | J29: 0.013310185
A30: 26 | B30: 87 | C30: 84 | D30: 0.012384259 | F30: 2 | 금이 간 일상 | G30: 32 | H30: 0.014467593 | I30: 0.01255787 | J30: 0.012094907
A31: 27 | B31: 91 | C31: 87 | D31: 0.012731481 | F31: 3 | 선택된 선의 | G31: 45 | H31: 0.0265625 | I31: 0.023321759 | J31: 0.020833333
A32: 28 | B32: 96 | C32: 87 | D32: 0.013136574 | F32: 4 | 영웅의 시작 | G32: 39 | H32: 0.024537037 | I32: 0.021180556 | J32: 0.020081019
A33: 29 | B33: 102 | C33: 87 | D33: 0.013599537 | F33: 5 | 영웅의 대가 | G33: 41 | H33: 0.045543981 | I33: 0.038252315 | J33: 0.037210648
A34: 30 | B34: 107 | C34: 87 | D34: 0.0140625 | F34: 6 | 남겨진 친구 | G34: 63 | H34: 0.055960648 | I34: 0.047222222 | J34: 0.042650463
A35: 31 | B35: 110 | C35: 87 | D35: 0.014293981 | F35: 7 | 강요된 희생 | G35: 49 | H35: 0.058564815 | I35: 0.05005787 | J35: 0.046122685
A36: 32 | B36: 113 | C36: 87 | D36: 0.014525463
A37: 33 | B37: 116 | C37: 113 | D37: 0.014988426
A38: 34 | B38: 120 | C38: 113 | D38: 0.015335648 | F38: 인연 대상 | G38: 초기값 | H38: 최종/범위 | I38: 설계 방향 | J38: 엔딩 조건
A39: 35 | B39: 125 | C39: 113 | D39: 0.015798611 | F39: 도시 | G39: 0 | H39: 기본 60%·최대 100% | I39: 메인 구조로 기본 인연을 보장하고 놓칠 수 있는 선택 콘텐츠 8개로 최대치 달성 | J39: 75%: 진실 은폐 공동 진입 신뢰 / 100%: 진실 공개 진엔딩
A40: 36 | B40: 128 | C40: 113 | D40: 0.016087963 | F40: 예쁜 고양이 | G40: 0 | H40: 0~100% | I40: 츄르 4개입과 선택 만남 4회로 25%씩 상승 | J40: 0~49% 두 고양이 간식 / 50~69% 대장 고양이 간식 / 70~99% 헤드번팅 없음 / 100% 전용 애교
A41: 37 | B41: 132 | C41: 128 | D41: 0.016493056 | F41: 차우선 | G41: 45 | H41: 엔딩별 변동 | I41: 심부름·대피·질투·원망·마지막 대면을 거쳐 관계 결산 | J41: 생존·희생 엔딩 후일담 분기
A42: 38 | B42: 135 | C42: 132 | D42: 0.016782407 | F42: 한도윤 | G42: 75 | H42: 100% 고정 | I42: 공원 협력·회사 구조 후 사망, 예약 음성으로 후반 감정 축 유지 | J42: 100%: 예약 음성·후일담 강화
A43: 39 | B43: 138 | C43: 132 | D43: 0.016956019 | F43: 이용익 | G43: 50 | H43: 0% | I43: 영웅화·고등급자 특혜·여론 조작·균열 진입 명령으로 하락 | J43: 비리 공개 선택 시 도시 인연 +5%
A44: 40 | B44: 140 | C44: 132 | D44: 0.01712963 | F44: 강재한 | G44: 45 | H44: 0% | I44: 정부 비판에서 폭력시위·희생 선동으로 적대화 | J44: 진엔딩에서 시민 증언으로 최종 설득 가능
A45: 41 | B45: 143 | C45: 132 | D45: 0.017476852 | F45: 나대진 | G45: 50 | H45: 100% | I45: 측정 안전·장비 지원·비상 계획·개인 기록 보존 | J45: 차한해를 자원이 아닌 사람으로 대하는 고정 조력자
A46: 42 | B46: 148 | C46: 132 | D46: 0.017766204
A47: 43 | B47: 151 | C47: 132 | D47: 0.017997685
A48: 44 | B48: 156 | C48: 132 | D48: 0.01869213
A49: 45 | B49: 160 | C49: 132 | D49: 0.019328704
A50: 46 | B50: 163 | C50: 132 | D50: 0.019907407
A51: 47 | B51: 166 | C51: 132 | D51: 0.020486111
A52: 48 | B52: 169 | C52: 132 | D52: 0.021064815
A53: 49 | B53: 174 | C53: 132 | D53: 0.021643519
A54: 50 | B54: 177 | C54: 132 | D54: 0.022048611
A55: 51 | B55: 181 | C55: 132 | D55: 0.022569444
A56: 52 | B56: 187 | C56: 132 | D56: 0.023321759
A57: 53 | B57: 191 | C57: 132 | D57: 0.023668981
... A310: 306 | B310: 1566 | C310: 1534 | D310: 0.24386574

Sheet 보스 설계 요약
A1: 보스 밸런스 설계 요약
A2: 보스전은 개별 페이즈 합으로 계산하며, 전투 전후의 탐색·기억 체험·휴식 콘텐츠까지 함께 배치해 감정과 난이도의 완급을 조절함. 폐교 친구는 포옹 뒤 잠깐 인간 모습으로 돌아와 감사한 후 완전히 소멸하며 생존 복원되지 않음. 선의 계량자는 인간 변이체가 아니라 차한해와 같은 균열의 근원에서 안쪽의 괴물 형태로 태어난 존재이고, 마지막 일격의 동기화로 진실을 전달함. 시민·경찰·군인의 장비 지원은 초반의 호의와 후반의 배신을 대비시키는 에피소드로 사용함.
A4: 순서 | B4: 챕터·스테이지 | C4: 보스명 | D4: 인간 시절 핵심 서사 | E4: 선의 0 도달 원인 | F4: 전투 구조 | G4: 핵심 공략 | H4: 권장 전투 숙련도 | I4: 보스전 예상 시간(라이트) | J4: 보스전 예상 시간(미들) | K4: 보스전 예상 시간(헤비) | L4: 핵심 패턴 수 | M4: 실패·재시작 기준 | N4: 난이도 보정 | O4: 자아마모도 변화 | P4: 스테이지 점수 S | Q4: 서사적 승리 조건 | R4: 전후 완급 조절 | S4: 콘텐츠 소모율 조절 | T4: 검증
A5: 1 | B5: 4-E | 첫 보스·봉쇄 대피소 | C5: 닫힌 문지기 | D5: 대피소를 지키려 문을 열었던 관리인이 사고 이후 문밖의 사람을 위험 요소로 보기 시작함 | E5: 문을 열어도 되는 상황에서 구조 요청을 외면하고 안도감을 느낀 순간 타인을 돕고자 하는 마음이 소진됨 | F5: 환경 파괴·시민 유도·핵 노출형 | G5: 돌진으로 철문 파괴→문밖 시민 유도→방어 핵 제압 | H5: 6 | I5: 6분 | J5: 5분 | K5: 5분 | L5: 3 | M5: 주인공 또는 시민 체력 0 시 현재 페이즈 재시작 | N5: 돌진 궤적·시민 이동 방향·핵 노출 시간 단계 표시 | O5: 0% (누적 0%) | P5: 4200 | Q5: 닫힌 문을 모두 열고 문밖 시민까지 구조한 뒤 방어 핵 제압 | R5: 전: 고등급자 공동 출동·경찰 방패·시민 제작 나무판 보호대 후: 나무판 파손·첫 구조 지연 비난 | S5: 3페이즈 체크포인트·실패한 페이즈부터 재시작 | T5: 일치 (밸런스 문서 148번, 6분·5분·5분, 자아마모도 0%)
A6: 2 | B6: 5-C | 융합 보스·폭력의 순환 | C6: 융합된 괴물 | D6: 아이 대신 폭력을 받아낸 엄마와 후임 대신 폭력을 행사하도록 강요받은 군인의 기억이 하나의 외피에 갇힘 | E6: 희생과 복종이 폭력을 끝내지 못했다는 사실을 깨달으며 인간에 대한 신뢰를 잃음 | F6: 1체 시작→2체 분열·공격 규칙 구분형 | G6: 받아낼 공격·피할 공격 구분→시민 대피→연결 핵 동시 파괴 | H6: 8 | I6: 10분 | J6: 8분 | K6: 8분 | L6: 6 | M6: 시민 체력 0·공격 규칙 오판 누적·시간 초과 시 현재 페이즈 재시작 | N6: 공격 전조·안전 방향·시민 이동 예상선 강화 | O6: +5% (누적 12%) | P6: 7600 | Q6: 때리는 자와 맞는 자를 연결한 폭력 순환 구조 자체 파괴 | R6: 전: 고등급자의 선의 소모 거짓 주장·차한해 단독 출동 후: 군용 방탄판 지원·국가 권력 재편 | S6: 공격 규칙 교대와 시민 보호를 결합하고 전조만 단계 강화 | T6: 일치 (밸런스 문서 168번, 10분·8분·8분, 자아마모도 +5%)
A7: 3 | B7: 5-F | 보스전·갈채를 먹는 자 | C7: 갈채를 먹는 자 | D7: 순수한 구조자였으나 고등급자 특혜와 영웅 대접에 익숙해져 선행을 생활 유지 수단으로 바꿈 | E7: 긴급 구조 알림을 끄고 다른 고등급자나 차한해를 보내라고 선택한 순간 선의가 고갈됨 | F7: 환경 제어·무대 전환·판별형 | G7: 카메라 사각 이동→중계 차단→실제 시민 판별→카메라 없는 구조 | H7: 8 | I7: 16분 5초 | J7: 13분 | K7: 13분 | L7: 4 | M7: 갈채 수치 최대·가짜 구조 오답 누적·시민 또는 주인공 체력 0 시 재시작 | N7: 카메라 시야·전원선·실제 시민 행동 단서 강화 | O7: +8% (누적 24%) | P7: 4800 | Q7: 아무도 보지 않는 곳에서 시민을 구조해 갈채 보호막 제거 | R7: 전: 고등급자 특혜 고착·출동 거부 후: 군용 방탄판 균열·구조 영상 부재로 여론 악화 | S7: 판별·환경 제어 중심으로 화력 반복을 피하고 오답만 체크포인트화 | T7: 일치 (밸런스 문서 181번, 16분 5초·13분·13분, 자아마모도 +8%)
A8: 4 | B8: 6-G | 폐교 강당·보스전 | C8: 폐교의 보스 | D8: 초등학생 시절 괴롭힘당한 차한해를 영웅처럼 구해 주고 우정 목걸이를 나눈 가장 친한 친구. 중학교 전학 후 학교폭력을 당하고 연락을 끊음 | E8: 성인이 된 뒤 타인을 불신하고, 과거의 자신처럼 괴롭힘당하는 아이를 ‘나도 도움받지 못했다’며 외면한 마지막 선택 | F8: 괴물 외피→기억 개입→우정 목걸이 심장→공격 중지·포옹·소멸형 | G8: 사랑의 매로 외피 파괴→농구공으로 기억 핵 차단→정체 확인→공격 중지→포옹 | H8: 9 | I8: 27분 50초 | J8: 23분 | K8: 20분 50초 | L8: 7 | M8: 죄책감 최대·접근 구간 피격 누적·공격 중지 실패 시 해당 페이즈 재시작 | N8: 공격 예고·반사 궤적·안전 지점·접근 체크포인트 강화 | O8: +27% (누적 80%) | P8: 8900 | Q8: 친구를 인간으로 생존 복원하는 것이 아니라, 포옹으로 괴물의 고통에서 해방시키고 마지막 감사 뒤 완전히 보내 줌 | R8: 전: 대장 고양이 영역의 휴식·급식실과 강당 학교폭력 기억 체험 후: 친구 완전 소멸·괴물 인간 기원 공식 확인 | S8: 근·원거리 교대 뒤 공격 중지로 승리 규칙 전환·감정 연출 다시 보기 | T8: 일치 (밸런스 문서 255번, 27분 50초·23분·20분 50초, 친구 완전 소멸)
A9: 5 | B9: 7-H | 선의 계량자 보스전 | C9: 선의 계량자 | D9: 인간 출신이 아님. 차한해와 같은 균열의 근원에서 균열 안쪽의 괴물 형태로 태어난 존재로, 차한해와 둘이면서 하나임 | E9: 해당 없음 — 인간 변이체가 아니라 균열에서 태어난 존재 | F9: 계량 규칙 변경·무한대 부담 장치·마지막 일격 동기화형 | G9: 등급 규칙 무효화→표식 해제→무한대 부담 장치 파괴→핵 노출→마지막 일격 동기화 | H9: 9 | I9: 21분 10초 | J9: 17분 20초 | K9: 17분 | L9: 5 | M9: 파티 전멸이 아닌 차한해 체력 0·계량 장치 재가동 시 현재 페이즈 재시작 | N9: 등급 위험 순서·해제 연결선·핵 공명 주기 강화 | O9: +3% (진실 확인 포함·누적 100%) | P9: 6400 | Q9: 선의 계량자를 단순 처치하지 않고 마지막 일격으로 동기화해 차한해의 태생과 두 해결 방법을 직접 체험함 | R9: 전: 거울 미로·또 다른 차한해·껍데기의 바다·균열 수호체 후: 진실 공개 여부·도시 인연 75/100% 엔딩 판정 | S9: 전투 검증이 끝나면 대화가 아니라 기억 체험으로 진실 전달·최종 선택 재시작 지점 분리 | T9: 일치 (밸런스 문서 289번, 21분 10초·17분 20초·17분, 기원 진실 290번)
A11: 정예 몬스터인 균열 수호체는 인간 변이체가 아니라 균열에서 태어난 존재이며 보스 수에 포함하지 않음.
A13: 보스명 | B13: 라이트(분) | C13: 미들(분) | D13: 헤비(분)
A14: 닫힌 문지기 | B14: 7 | C14: 6 | D14: 5
A15: 융합된 괴물 | B15: 12 | C15: 10 | D15: 8
A16: 갈채를 먹는 자 | B16: 19.5 | C16: 16.083333 | D16: 13
A17: 폐교의 보스 | B17: 24.75 | C17: 20.416667 | D17: 16.5
A18: 선의 계량자 | B18: 22.5 | C18: 18.5 | D18: 15
