Workbook

Sheet 시뮬레이터
B1: BATTLE BALANCE SIMULATOR
B2: 몬스터 × 차한해 전투 수치·속성 상성 비교
B4: MONSTER · 적 개체 선택 | M4: PLAYER · 차한해 전투 시점
B5: 비상구대게 | M5: 콘텐츠 진행 순서 | P5: 249
M6: =IFERROR(VLOOKUP($P$5,'[1]PC DATA(대차대조표)'!$A$2:$K$307,2,FALSE),"") -> 차한해
B7: MONSTER IMAGE 선택 몬스터 이미지 영역 | M7: PLAYER IMAGE 차한해 이미지 영역
I8: VS
I11: 선택값 변경 시 전투 데이터 자동 갱신
B16: 타입 | D16: =IFERROR(VLOOKUP($B$5,[1]몬스터!$C$7:$X$312,3,FALSE),"") -> 무리 선도체 | M16: 캐릭터 | O16: =IFERROR(VLOOKUP($P$5,'[1]PC DATA(대차대조표)'!$A$2:$K$307,3,FALSE),"") -> 0
B17: 출현 콘텐츠 | D17: =IFERROR(INDEX([1]몬스터!$A$7:$A$312,MATCH($B$5,[1]몬스터!$C$7:$C$312,0)),"") -> 142 | M17: 전투 상태 | O17: =IFERROR(VLOOKUP($P$5,'[1]PC DATA(대차대조표)'!$A$2:$K$307,4,FALSE),"") -> 별을 삼킨 강당가 변혜서임을 확정하고 선의 안정 장치 발동 견디기
B18: 속성 | D18: =IFERROR(VLOOKUP($B$5,[1]몬스터!$C$7:$X$312,21,FALSE),"") -> 침식 | M18: 신규 해금 | O18: =IFERROR(VLOOKUP($P$5,'[1]PC DATA(대차대조표)'!$A$2:$K$307,9,FALSE),"-") -> 0
B20: COMBAT STATUS · 핵심 능력치 비교
I21: MONSTER | J21: STAT | K21: PLAYER
B22: 생명력 | D22: =IFERROR(VLOOKUP($B$5,[1]몬스터!$C$7:$X$312,4,FALSE),0) -> 430 | I22: =IFERROR(VLOOKUP($B$5,[1]몬스터!$C$7:$X$312,8,FALSE),0) -> 41 | J22: 최종 공격력 | K22: =IFERROR(VLOOKUP($P$5,'[1]PC DATA(대차대조표)'!$A$2:$K$307,5,FALSE),0) -> 보스 전투 | M22: 현재 공격력 | O22: =IFERROR(VLOOKUP($P$5,'[1]PC DATA(대차대조표)'!$A$2:$K$307,5,FALSE),"-") -> 보스 전투
B23: 기본 공격력 | D23: =IFERROR(VLOOKUP($B$5,[1]몬스터!$C$7:$X$312,5,FALSE),0) -> 34 | I23: =IFERROR(VLOOKUP($B$5,[1]몬스터!$C$7:$X$312,12,FALSE),0) -> 26 | J23: 최종 방어력 | K23: =IFERROR(VLOOKUP($P$5,'[1]PC DATA(대차대조표)'!$A$2:$K$307,7,FALSE),0) -> 0 | M23: 공격 변화 | O23: =IFERROR(VLOOKUP($P$5,'[1]PC DATA(대차대조표)'!$A$2:$K$307,6,FALSE),"-") -> 470
B24: 공격 보정 | D24: =IFERROR(VLOOKUP($B$5,[1]몬스터!$C$7:$X$312,7,FALSE),0) -> 7 | M24: 현재 방어력 | O24: =IFERROR(VLOOKUP($P$5,'[1]PC DATA(대차대조표)'!$A$2:$K$307,7,FALSE),"-") -> 0
B25: 최종 공격력 | D25: =IFERROR(VLOOKUP($B$5,[1]몬스터!$C$7:$X$312,8,FALSE),0) -> 41 | M25: 방어 변화 | O25: =IFERROR(VLOOKUP($P$5,'[1]PC DATA(대차대조표)'!$A$2:$K$307,8,FALSE),"-") -> 165
B26: 기본 방어력 | D26: =IFERROR(VLOOKUP($B$5,[1]몬스터!$C$7:$X$312,9,FALSE),0) -> 20
B27: 방어 보정 | D27: =IFERROR(VLOOKUP($B$5,[1]몬스터!$C$7:$X$312,11,FALSE),0) -> 6
B28: 최종 방어력 | D28: =IFERROR(VLOOKUP($B$5,[1]몬스터!$C$7:$X$312,12,FALSE),0) -> 26
B31: ATTRIBUTE MATCH-UP · 속성 대차대조표 연동
B32: 차한해 공격 속성 | H32: 공격 상성 | M32: 차한해 방어 속성
B33: 공명 | H33: =$B$33&" VS "&IFERROR(VLOOKUP($B$5,[1]몬스터!$C$7:$X$312,21,FALSE),"") -> 공명 VS 침식 | J33: VS | M33: 안정
B35: 차한해 → 몬스터 | H35: 비교 지표 실제 피해량 공식이 문서에 정의되어 있지 않으므로, 최종 공격력 × 속성 K와 상대 방어력의 차이를 ‘밸런스 비교용 지표’로만 표시함. | M35: 몬스터 → 차한해
B36: 상성 매개 상수 K | E36: =IFERROR(INDEX(#REF!,MATCH($B$33,#REF!,0),MATCH($D$18,#REF!,0)),1) -> 1 | M36: 상성 매개 상수 K | P36: =IFERROR(INDEX(#REF!,MATCH($D$18,#REF!,0),MATCH($M$33,#REF!,0)),1) -> 1
B37: 상성 적용 공격 지표 | E37: =ROUND($K$22*$E$36,1) -> #VALUE! | M37: 상성 적용 공격 지표 | P37: =ROUND($I$22*$P$36,1) -> 41
B38: 상대 방어력 | E38: =$I$23 -> 26 | M38: 상대 방어력 | P38: =$K$23 -> 0
B39: 공격-방어 격차 | E39: =ROUND($E$37-$E$38,1) -> #VALUE! | M39: 공격-방어 격차 | P39: =ROUND($P$37-$P$38,1) -> 41
B40: =IF($E$39>0,"공격 우세",IF($E$39=0,"균형","방어 우세")) -> #VALUE! | M40: =IF($P$39>0,"몬스터 공격 우세",IF($P$39=0,"균형","차한해 방어 우세")) -> 몬스터 공격 우세
B43: SKILL LOADOUT · 선택 개체 스킬 구성 및 상세
B44: MONSTER SKILLS | M44: PLAYER CONTEXT
B45: =IFERROR(VLOOKUP($B$5,[1]몬스터!$C$7:$X$312,13,FALSE),"-") -> 비상구 폐쇄! | F45: =IFERROR(VLOOKUP($B$5,[1]몬스터!$C$7:$X$312,14,FALSE),0)&"%" -> 30% | M45: 해당 시점 스킬 | P45: =IFERROR(VLOOKUP($P$5,'[1]PC DATA(대차대조표)'!$A$2:$K$307,9,FALSE),"-") -> 0
B46: =IFERROR(VLOOKUP($B$5,[1]몬스터!$C$7:$X$312,15,FALSE),"-") -> 자리 바꿔! | F46: =IFERROR(VLOOKUP($B$5,[1]몬스터!$C$7:$X$312,16,FALSE),0)&"%" -> 25% | M46: 공격 변화 | P46: =IFERROR(VLOOKUP($P$5,'[1]PC DATA(대차대조표)'!$A$2:$K$307,6,FALSE),"-") -> 470
B47: =IFERROR(VLOOKUP($B$5,[1]몬스터!$C$7:$X$312,17,FALSE),"-") -> 다 같이 밀어! | F47: =IFERROR(VLOOKUP($B$5,[1]몬스터!$C$7:$X$312,18,FALSE),0)&"%" -> 30% | M47: 방어 변화 | P47: =IFERROR(VLOOKUP($P$5,'[1]PC DATA(대차대조표)'!$A$2:$K$307,8,FALSE),"-") -> 165
B48: =IFERROR(VLOOKUP($B$5,[1]몬스터!$C$7:$X$312,19,FALSE),"-") -> 집게 한 번 | F48: =IFERROR(VLOOKUP($B$5,[1]몬스터!$C$7:$X$312,20,FALSE),0)&"%" -> 15% | M48: 현재 상태 메모 | P48: =IFERROR(VLOOKUP($P$5,'[1]PC DATA(대차대조표)'!$A$2:$K$307,10,FALSE),"-") -> 바꿔가며!
B50: 때리지 마. | M50: 바꿔가며!
B51: 스킬 타입 | D51: =IFERROR(VLOOKUP($B$50,'[1]스킬 DATA'!$G$2:$AD$212,4,FALSE),"-") -> 액티브 | M51: 스킬 타입 | O51: =IFERROR(VLOOKUP($M$50,'[1]스킬 DATA'!$G$2:$AD$212,4,FALSE),"-") -> 액티브
B52: 추가 설명 | D52: =IFERROR(VLOOKUP($B$50,'[1]스킬 DATA'!$G$2:$AD$212,2,FALSE),"-") -> '공격 중지·접근' 행동을 수행해 위치·전투 리듬을 변화시킴. | M52: 추가 설명 | O52: =IFERROR(VLOOKUP($M$50,'[1]스킬 DATA'!$G$2:$AD$212,2,FALSE),"-") -> 근거리 사랑의 매와 원거리 보랏빛 농구공을 빠르게 전환해 보스의 거리별 기억 패턴에 대응함.
B54: 발동 조건 | D54: =IFERROR(VLOOKUP($B$50,'[1]스킬 DATA'!$G$2:$AD$212,8,FALSE),"-") -> 현재 페이즈에서 사용 가능·가중치 판정 | M54: 발동 조건 | O54: =IFERROR(VLOOKUP($M$50,'[1]스킬 DATA'!$G$2:$AD$212,8,FALSE),"-") -> 보유 무기 2종
B55: 피해 계수 | D55: =IFERROR(VLOOKUP($B$50,'[1]스킬 DATA'!$G$2:$AD$212,10,FALSE),"-") -> 0 | M55: 피해 계수 | O55: =IFERROR(VLOOKUP($M$50,'[1]스킬 DATA'!$G$2:$AD$212,10,FALSE),"-") -> 0
B56: 쿨타임(초) | D56: =IFERROR(VLOOKUP($B$50,'[1]스킬 DATA'!$G$2:$AD$212,16,FALSE),"-") -> 8.6 | M56: 쿨타임(초) | O56: =IFERROR(VLOOKUP($M$50,'[1]스킬 DATA'!$G$2:$AD$212,16,FALSE),"-") -> 0.8
B57: 시전 시간(초) | D57: =IFERROR(VLOOKUP($B$50,'[1]스킬 DATA'!$G$2:$AD$212,17,FALSE),"-") -> 0.9 | M57: 시전 시간(초) | O57: =IFERROR(VLOOKUP($M$50,'[1]스킬 DATA'!$G$2:$AD$212,17,FALSE),"-") -> 0.15
B58: 능력 변동 | D58: =IFERROR(VLOOKUP($B$50,'[1]스킬 DATA'!$G$2:$AD$212,18,FALSE),"-") -> 없음 | M58: 능력 변동 | O58: =IFERROR(VLOOKUP($M$50,'[1]스킬 DATA'!$G$2:$AD$212,18,FALSE),"-") -> 장비 슬롯
B59: 변동 수치 | D59: =IFERROR(VLOOKUP($B$50,'[1]스킬 DATA'!$G$2:$AD$212,19,FALSE),"-") -> 0 | M59: 변동 수치 | O59: =IFERROR(VLOOKUP($M$50,'[1]스킬 DATA'!$G$2:$AD$212,19,FALSE),"-") -> 1
B62: BATTLE REVIEW · 기획자 검토 메모
B63: 몬스터 설계 비고 | G63: =IFERROR(VLOOKUP($B$5,[1]몬스터!$C$7:$X$312,22,FALSE),"-") -> 비상구 표식과 철문 파편을 등에 진 대형 게 선도체. 문짝 집게로 출구를 봉쇄하고 부하 진형을 유지한다.
B65: 비교 결과 요약 | G65: =IF($E$39>0,"차한해 공격 지표가 몬스터 방어력을 상회함. ","차한해 공격 지표가 몬스터 방어력 이하임. ")&IF($P$39>0,"몬스터 공격 지표가 차한해 방어력을 상회함.","몬스터 공격 지표가 차한해 방어력 이하임.") -> #VALUE!
B69: ※ ‘공격-방어 격차’는 실제 피해량이 아닌 밸런스 비교용 보조 지표임. 실제 피해 공식이 확정되면 해당 영역만 공식으로 교체할 수 있도록 분리 설계함.
AA100: 보라멍울 | AB100: 1 | AC100: 안정 | AD100: 싫어요. | AE100: =IFERROR(VLOOKUP($B$5,[1]몬스터!$C$7:$X$312,13,FALSE),"") -> 비상구 폐쇄!
AA101: 문틈젤리 | AB101: 2 | AC101: 공명 | AD101: 펑! | AE101: =IFERROR(VLOOKUP($B$5,[1]몬스터!$C$7:$X$312,15,FALSE),"") -> 자리 바꿔!
AA102: 질질핵 | AB102: 3 | AC102: 차단 | AD102: 탕! | AE102: =IFERROR(VLOOKUP($B$5,[1]몬스터!$C$7:$X$312,17,FALSE),"") -> 다 같이 밀어!
AA103: 울음주머니 | AB103: 4 | AC103: 침식 | AD103: 앗, 피해! | AE103: =IFERROR(VLOOKUP($B$5,[1]몬스터!$C$7:$X$312,19,FALSE),"") -> 집게 한 번
AA104: 길치섬모 | AB104: 5 | AD104: 잠깐만!
AA105: 쫓쫓해삼 | AB105: 6 | AD105: 먼저 들었어
AA106: 길막말미잘 | AB106: 7 | AD106: 피했으면 내 차례
AA107: 엉킨세포군 | AB107: 8 | AD107: 보라색, 여기!
AA108: 대장촉수 | AB108: 9 | AD108: 앞은 내가 막아
AA109: 똑똑소라 | AB109: 10 | AD109: 저기 봐!
AA110: 문틈새우 | AB110: 11 | AD110: 이쪽이야!
AA111: 밖으로 나가재 | AB111: 12 | AD111: 핵부터!
AA112: 내자리산호 | AB112: 13 | AD112: 증폭기, 켠다!
AA113: 비상구대게 | AB113: 14 | AD113: 한 줄로 서!
AA114: 나만 살아서 다행 | AB114: 15 | AD114: 둘 중 하나!
AA115: 찰싹진드기 | AB115: 16 | AD115: 하나, 둘—지금!
... AA131: 한 명 빼고 전부 | AB131: 32 | AD131: 무한 선의
AA132: 그날의 오답노트 | AB132: 33
AA133: 별을 삼킨 강당 | AB133: 34
AA134: 권한이 없습니다 | AB134: 35
AA135: 조회수는 못 참지 | AB135: 36
AA136: 네 탓 택배 | AB136: 37
AA137: 납작 엎드려 | AB137: 38
AA138: 아직도 안 구했어? | AB138: 39
AA139: 너만 할 수 있대 | AB139: 40
AA140: 딱 한 명이면 돼 | AB140: 41
AA141: 선의 압류관 | AB141: 42
AA142: 너만 무한이잖아 | AB142: 43
AB143: 44
AB144: 45
AB145: 46
AB146: 47
AB147: 48
AB148: 49
AB149: 50
AB150: 51
AB151: 52
AB152: 53
AB153: 54
AB154: 55
... AB405: 306
