Workbook

Sheet 밸런스 문서
Q1: a | R1: b
M2: 경험치 그래프 | Q2: 3 | R2: 15
Q3: =Q2*0.01 -> 0.03 | R3: =R2*0.01 -> 0.15 | AB3: 스테이지 1회 클리어 시간
A4: 챕터 | B4: 콘텐츠 진행 순서 | C4: 플레이 난이도 | D4: 플레이 흥미도 | E4: 플레이 목표 | F4: 플레이 난관 | G4: 공략 방법 | H4: 체감 난이도 | I4: 수행 과제 수 | J4: 목표 달성 조건 | K4: 실패 결과 | L4: 예상 소요 시간 | M4: 난이도 조절 요소 | N4: 누적 플레이 시간 | O4: 스테이지 | P4: 콘텐츠 진행 포인트 누적 | Q4: X 콘텐츠 진행 포인트 | R4: Y 레벨업을 위한 필요 경험치 | S4: 한마리 몬스터가 주는 경험치 | T4: 한마리 몬스터와 전투시간 | U4: 레벨 업을 위한 전투시간 | V4: 레벨 업을 위해 잡아야하는 몬스터 수 | W4: 스테이지 점수 산정 기준 | X4: S (100%) | Y4: A (85%) | Z4: B (70%) | AA4: C (55%) | AB4: 예상 기준 (미들) | AC4: 라이트 유저 | AD4: 미들 유저 | AE4: 헤비 유저
A5: 1 | 동생 심부름 | B5: 1 | C5: 1 | D5: 8 | E5: 차한해의 과거 오프닝 감상 | F5: 입양 이후 가족 안에서 희생을 요구받아 온 과거를 보여주는 연출이 길게 이어져 플레이어가 핵심 정보를 놓칠 수 있음 | G5: 핵심 장면의 시선 유도와 짧은 자막을 통해 관계와 감정 변화를 이해함 | H5: 1 – 연출 길이와 정보량이 난이도를 결정함 | I5: 1 | J5: 오프닝 재생이 끝나면 자동 완료 | K5: - | L5: 1분 30초 | M5: 스킵·다시 보기 기능 제공 | N5: =(IFERROR(VALUE(LEFT(L5,FIND("분",L5)-1))*60,0)+IFERROR(VALUE(TRIM(MID(L5,IFERROR(FIND("분",L5),0)+1,FIND("초",L5)-IFERROR(FIND("분",L5),0)-1))),0))/86400 -> 0.0010416667 | O5: 1-A | 집·튜토리얼 | P5: 6 | Q5: 3 | R5: =$Q$3*P5*P5+$R$3*P5 -> 1.98
A6: 1 | 동생 심부름 | B6: 2 | C6: 1 | D6: 3 | E6: 빨래 개기 | F6: 조사 가능한 가구가 많아 조작 가능한 대상을 바로 알아보기 어려움 | G6: 주인공 주변의 상호작용 표시를 확인하고 조사 키를 누름 | H6: 1 – 상호작용 표시의 가시성과 조사 범위가 난이도를 결정함 | I6: 1 | J6: 소파 옆 주인공에서 조사 입력 1회 완료 | K6: - | L6: 20초 | M6: 첫 상호작용 대상에 반짝임 표시 | N6: =N5+(IFERROR(VALUE(LEFT(L6,FIND("분",L6)-1))*60,0)+IFERROR(VALUE(TRIM(MID(L6,IFERROR(FIND("분",L6),0)+1,FIND("초",L6)-IFERROR(FIND("분",L6),0)-1))),0))/86400 -> 0.0012731481 | O6: 1-A | 집·튜토리얼 | P6: =P5+2 -> 8 | Q6: 2 | R6: =$Q$3*P6*P6+$R$3*P6 -> 3.12
A7: 1 | 동생 심부름 | B7: 3 | C7: 1 | D7: 5 | E7: 동생에게 심부름 지시 받기 | F7: 대화 속에 다음 목적지와 필요한 물품 정보가 섞여 있음 | G7: 강조되는 핵심 단어와 NPC의 요구를 확인하며 대화를 끝까지 진행함 | H7: 1 – 대사 길이·핵심 정보의 명확성·선택지 수가 난이도를 결정함 | I7: 1 | J7: 신상 과자·헤어롤·팝콘 심부름에 관한 대화를 마지막 문장까지 진행 | K7: - | L7: 1분 | M7: 대화 종료 후 핵심 내용을 화면 한쪽에 요약 표시 | N7: =N6+(IFERROR(VALUE(LEFT(L7,FIND("분",L7)-1))*60,0)+IFERROR(VALUE(TRIM(MID(L7,IFERROR(FIND("분",L7),0)+1,FIND("초",L7)-IFERROR(FIND("분",L7),0)-1))),0))/86400 -> 0.0019675926 | O7: 1-A | 집·튜토리얼 | P7: =P6+4 -> 12 | Q7: 4 | R7: =$Q$3*P7*P7+$R$3*P7 -> 6.12
A8: 1 | 동생 심부름 | B8: 4 | C8: 1 | D8: 3 | E8: 이동 조작 안내 확인 | F8: 여러 조작을 한 번에 제시하면 입력 방법을 혼동할 수 있음 | G8: 화면에 표시되는 키를 순서대로 입력하고 각 동작의 결과를 확인함 | H8: 1 – 동시에 제시되는 조작 수와 입력 허용 시간이 난이도를 결정함 | I8: 4 | J8: 상하좌우 이동과 조사 키를 안내 순서대로 모두 수행 | K8: - | L8: 40초 | M8: 입력하지 않은 키 안내를 계속 유지 | N8: =N7+(IFERROR(VALUE(LEFT(L8,FIND("분",L8)-1))*60,0)+IFERROR(VALUE(TRIM(MID(L8,IFERROR(FIND("분",L8),0)+1,FIND("초",L8)-IFERROR(FIND("분",L8),0)-1))),0))/86400 -> 0.0024305556 | O8: 1-A | 집·튜토리얼 | P8: =P7+3 -> 15 | Q8: 3 | R8: =$Q$3*P8*P8+$R$3*P8 -> 9
A9: 1 | 동생 심부름 | B9: 5 | C9: 1 | D9: 3 | E9: 현관으로 이동하기 | F9: 갈림길과 주변 상호작용 오브젝트 때문에 목적지 방향을 놓칠 수 있음 | G9: 표지판·미니맵·NPC 이동 방향을 확인하며 거실에서 현관문까지 이동함 | H9: 1 – 맵 크기·갈림길 수·목적지 표식의 가시성이 난이도를 결정함 | I9: 1 | J9: 거실에서 현관문의 도착 트리거에 진입 | K9: - | L9: 30초 | M9: 일정 시간 정체 시 목적지 방향 화살표 표시 | N9: =N8+(IFERROR(VALUE(LEFT(L9,FIND("분",L9)-1))*60,0)+IFERROR(VALUE(TRIM(MID(L9,IFERROR(FIND("분",L9),0)+1,FIND("초",L9)-IFERROR(FIND("분",L9),0)-1))),0))/86400 -> 0.0027777778 | O9: 1-A | 집·튜토리얼 | P9: =P8+3 -> 18 | Q9: 3 | R9: =$Q$3*P9*P9+$R$3*P9 -> 12.42
A10: 1 | 동생 심부름 | B10: 6 | C10: 1 | D10: 5 | E10: 집 밖으로 나가기 | F10: 조사 대상이 배경 오브젝트와 비슷해 상호작용 가능 여부를 놓칠 수 있음 | G10: 현관문 가까이 이동한 뒤 상호작용 아이콘이 나타날 때 조사함 | H10: 1 – 조사 대상의 크기·배경과의 대비·상호작용 범위가 난이도를 결정함 | I10: 1 | J10: 현관문 조사 완료 | K10: - | L10: 20초 | M10: 상호작용 가능 범위를 넓히고 아이콘 표시 | N10: =N9+(IFERROR(VALUE(LEFT(L10,FIND("분",L10)-1))*60,0)+IFERROR(VALUE(TRIM(MID(L10,IFERROR(FIND("분",L10),0)+1,FIND("초",L10)-IFERROR(FIND("분",L10),0)-1))),0))/86400 -> 0.0030092593 | O10: 1-A | 집·튜토리얼 | P10: =P9+3 -> 21 | Q10: 3 | R10: =$Q$3*P10*P10+$R$3*P10 -> 16.38
A11: 1 | 동생 심부름 | B11: 7 | C11: 2 | D11: 5 | E11: 편의점으로 이동하기 | F11: 갈림길과 주변 상호작용 오브젝트 때문에 목적지 방향을 놓칠 수 있음 | G11: 표지판·미니맵·NPC 이동 방향을 확인하며 아파트에서 편의점까지 이동함 | H11: 2 – 맵 크기·갈림길 수·목적지 표식의 가시성이 난이도를 결정함 | I11: 1 | J11: 아파트에서 편의점의 도착 트리거에 진입 | K11: - | L11: 1분 15초 | M11: 일정 시간 정체 시 목적지 방향 화살표 표시 | N11: =N10+(IFERROR(VALUE(LEFT(L11,FIND("분",L11)-1))*60,0)+IFERROR(VALUE(TRIM(MID(L11,IFERROR(FIND("분",L11),0)+1,FIND("초",L11)-IFERROR(FIND("분",L11),0)-1))),0))/86400 -> 0.0038773148 | O11: 1-B | 편의점 | P11: =P10+5 -> 26 | Q11: 5 | R11: =$Q$3*P11*P11+$R$3*P11 -> 24.18
A12: 1 | 동생 심부름 | B12: 8 | C12: 2 | D12: 6 | E12: 신상 과자 진열대 찾기 | F12: 비슷한 오브젝트와 진열대가 많아 목표 대상을 한 번에 찾기 어려움 | G12: 구역별 표지와 상품 외형을 비교하며 편의점 안 신상 과자 진열대를 조사함 | H12: 3 – 후보 오브젝트 수·외형 유사도·탐색 범위가 난이도를 결정함 | I12: 4 | J12: 편의점 안 신상 과자 진열대 발견 및 조사 완료 | K12: - | L12: 1분 30초 | M12: 30초 이상 미발견 시 목표 구역에 약한 반짝임 표시 | N12: =N11+(IFERROR(VALUE(LEFT(L12,FIND("분",L12)-1))*60,0)+IFERROR(VALUE(TRIM(MID(L12,IFERROR(FIND("분",L12),0)+1,FIND("초",L12)-IFERROR(FIND("분",L12),0)-1))),0))/86400 -> 0.0049189815 | O12: 1-B | 편의점 | P12: =P11+6 -> 32 | Q12: 6 | R12: =$Q$3*P12*P12+$R$3*P12 -> 35.52
A13: 1 | 동생 심부름 | B13: 9 | C13: 1 | D13: 5 | E13: 품절 안내 조사하기 | F13: 조사 대상이 배경 오브젝트와 비슷해 상호작용 가능 여부를 놓칠 수 있음 | G13: 비어 있는 진열칸과 손글씨 품절 안내 가까이 이동한 뒤 상호작용 아이콘이 나타날 때 조사함 | H13: 2 – 조사 대상의 크기·배경과의 대비·상호작용 범위가 난이도를 결정함 | I13: 2 | J13: 비어 있는 진열칸과 손글씨 품절 안내 조사 완료 | K13: - | L13: 35초 | M13: 상호작용 가능 범위를 넓히고 아이콘 표시 | N13: =N12+(IFERROR(VALUE(LEFT(L13,FIND("분",L13)-1))*60,0)+IFERROR(VALUE(TRIM(MID(L13,IFERROR(FIND("분",L13),0)+1,FIND("초",L13)-IFERROR(FIND("분",L13),0)-1))),0))/86400 -> 0.0053240741 | O13: 1-B | 편의점 | P13: =P12+4 -> 36 | Q13: 4 | R13: =$Q$3*P13*P13+$R$3*P13 -> 44.28
A14: 1 | 동생 심부름 | B14: 10 | C14: 1 | D14: 6 | E14: 알바생 NPC와 대화하기 | F14: 대화 속에 다음 목적지와 필요한 물품 정보가 섞여 있음 | G14: 강조되는 핵심 단어와 NPC의 요구를 확인하며 대화를 끝까지 진행함 | H14: 2 – 대사 길이·핵심 정보의 명확성·선택지 수가 난이도를 결정함 | I14: 1 | J14: 재입고 시간과 물류 트럭 정보에 관한 대화를 마지막 문장까지 진행 | K14: - | L14: 1분 15초 | M14: 대화 종료 후 핵심 내용을 화면 한쪽에 요약 표시 | N14: =N13+(IFERROR(VALUE(LEFT(L14,FIND("분",L14)-1))*60,0)+IFERROR(VALUE(TRIM(MID(L14,IFERROR(FIND("분",L14),0)+1,FIND("초",L14)-IFERROR(FIND("분",L14),0)-1))),0))/86400 -> 0.0061921296 | O14: 1-B | 편의점 | P14: =P13+5 -> 41 | Q14: 5 | R14: =$Q$3*P14*P14+$R$3*P14 -> 56.58
A15: 1 | 동생 심부름 | B15: 11 | C15: 2 | D15: 5 | E15: 다이소로 이동하기 | F15: 갈림길과 주변 상호작용 오브젝트 때문에 목적지 방향을 놓칠 수 있음 | G15: 표지판·미니맵·NPC 이동 방향을 확인하며 편의점에서 다이소까지 이동함 | H15: 2 – 맵 크기·갈림길 수·목적지 표식의 가시성이 난이도를 결정함 | I15: 1 | J15: 편의점에서 다이소의 도착 트리거에 진입 | K15: - | L15: 1분 30초 | M15: 일정 시간 정체 시 목적지 방향 화살표 표시 | N15: =N14+(IFERROR(VALUE(LEFT(L15,FIND("분",L15)-1))*60,0)+IFERROR(VALUE(TRIM(MID(L15,IFERROR(FIND("분",L15),0)+1,FIND("초",L15)-IFERROR(FIND("분",L15),0)-1))),0))/86400 -> 0.0072337963 | O15: 1-C | 다이소 | P15: =P14+6 -> 47 | Q15: 6 | R15: =$Q$3*P15*P15+$R$3*P15 -> 73.32
A16: 1 | 동생 심부름 | B16: 12 | C16: 2 | D16: 6 | E16: 헤어롤 진열대 찾기 | F16: 비슷한 오브젝트와 진열대가 많아 목표 대상을 한 번에 찾기 어려움 | G16: 구역별 표지와 상품 외형을 비교하며 생활용품 코너의 헤어롤을 조사함 | H16: 3 – 후보 오브젝트 수·외형 유사도·탐색 범위가 난이도를 결정함 | I16: 5 | J16: 생활용품 코너의 헤어롤 발견 및 조사 완료 | K16: - | L16: 1분 50초 | M16: 30초 이상 미발견 시 목표 구역에 약한 반짝임 표시 | N16: =N15+(IFERROR(VALUE(LEFT(L16,FIND("분",L16)-1))*60,0)+IFERROR(VALUE(TRIM(MID(L16,IFERROR(FIND("분",L16),0)+1,FIND("초",L16)-IFERROR(FIND("분",L16),0)-1))),0))/86400 -> 0.0085069444 | O16: 1-C | 다이소 | P16: =P15+7 -> 54 | Q16: 7 | R16: =$Q$3*P16*P16+$R$3*P16 -> 95.58
A17: 1 | 동생 심부름 | B17: 13 | C17: 1 | D17: 5 | E17: 헤어롤 구매하기 | F17: 구매 대상·수량·결제 순서를 잘못 선택할 수 있음 | G17: 요청받은 품목을 확인하고 상품 선택→계산대 상호작용→결제를 순서대로 진행함 | H17: 2 – 상품 후보 수·품목 유사도·구매 단계 수가 난이도를 결정함 | I17: 3 | J17: 헤어롤 1개 구매 후 인벤토리에 등록 | K17: 잘못된 품목 구매 시 다시 선택해야 함 | L17: 50초 | M17: 요청 품목에 작은 임무 아이콘 표시 | N17: =N16+(IFERROR(VALUE(LEFT(L17,FIND("분",L17)-1))*60,0)+IFERROR(VALUE(TRIM(MID(L17,IFERROR(FIND("분",L17),0)+1,FIND("초",L17)-IFERROR(FIND("분",L17),0)-1))),0))/86400 -> 0.0090856481 | O17: 1-C | 다이소 | P17: =P16+4 -> 58 | Q17: 4 | R17: =$Q$3*P17*P17+$R$3*P17 -> 109.62
A18: 1 | 동생 심부름 | B18: 14 | C18: 2 | D18: 5 | E18: 영화관으로 이동하기 | F18: 갈림길과 주변 상호작용 오브젝트 때문에 목적지 방향을 놓칠 수 있음 | G18: 표지판·미니맵·NPC 이동 방향을 확인하며 다이소에서 영화관까지 이동함 | H18: 2 – 맵 크기·갈림길 수·목적지 표식의 가시성이 난이도를 결정함 | I18: 1 | J18: 다이소에서 영화관의 도착 트리거에 진입 | K18: - | L18: 2분 | M18: 일정 시간 정체 시 목적지 방향 화살표 표시 | N18: =N17+(IFERROR(VALUE(LEFT(L18,FIND("분",L18)-1))*60,0)+IFERROR(VALUE(TRIM(MID(L18,IFERROR(FIND("분",L18),0)+1,FIND("초",L18)-IFERROR(FIND("분",L18),0)-1))),0))/86400 -> 0.010474537 | O18: 1-D | 영화관 | P18: =P17+7 -> 65 | Q18: 7 | R18: =$Q$3*P18*P18+$R$3*P18 -> 136.5
A19: 1 | 동생 심부름 | B19: 15 | C19: 2 | D19: 5 | E19: 팝콘 구매하기 | F19: 구매 대상·수량·결제 순서를 잘못 선택할 수 있음 | G19: 요청받은 품목을 확인하고 상품 선택→계산대 상호작용→결제를 순서대로 진행함 | H19: 2 – 상품 후보 수·품목 유사도·구매 단계 수가 난이도를 결정함 | I19: 3 | J19: 동생이 지정한 팝콘 구매 후 인벤토리에 등록 | K19: 잘못된 품목 구매 시 다시 선택해야 함 | L19: 1분 20초 | M19: 요청 품목에 작은 임무 아이콘 표시 | N19: =N18+(IFERROR(VALUE(LEFT(L19,FIND("분",L19)-1))*60,0)+IFERROR(VALUE(TRIM(MID(L19,IFERROR(FIND("분",L19),0)+1,FIND("초",L19)-IFERROR(FIND("분",L19),0)-1))),0))/86400 -> 0.011400463 | O19: 1-D | 영화관 | P19: =P18+6 -> 71 | Q19: 6 | R19: =$Q$3*P19*P19+$R$3*P19 -> 161.88
A20: 1 | 동생 심부름 | B20: 16 | C20: 1 | D20: 7 | E20: 편의점 물류 트럭 발견하기 | F20: 짧은 시간 동안 화면을 지나가는 대상이라 시선을 다른 곳에 두면 놓칠 수 있음 | G20: 카메라 이동과 NPC 시선을 따라 영화관 출구 앞을 지나가는 편의점 물류 트럭을 확인함 | H20: 2 – 대상 노출 시간·화면 내 이동속도·시선 유도 강도가 난이도를 결정함 | I20: 1 | J20: 영화관 출구 앞을 지나가는 편의점 물류 트럭을 화면 안에서 확인 | K20: 대상을 놓치면 짧은 연출이 다시 재생됨 | L20: 25초 | M20: 대상 등장 직전 효과음과 화면 가장자리 표시 | N20: =N19+(IFERROR(VALUE(LEFT(L20,FIND("분",L20)-1))*60,0)+IFERROR(VALUE(TRIM(MID(L20,IFERROR(FIND("분",L20),0)+1,FIND("초",L20)-IFERROR(FIND("분",L20),0)-1))),0))/86400 -> 0.011689815 | O20: 1-D | 영화관 | P20: =P19+4 -> 75 | Q20: 4 | R20: =$Q$3*P20*P20+$R$3*P20 -> 180
A21: 1 | 동생 심부름 | B21: 17 | C21: 5 | D21: 8 | E21: 편의점 물류 트럭 따라가기 | F21: 대상이 빠르게 이동하고 시민과 건물이 시야를 가려 추적이 끊길 수 있음 | G21: 목표 아이콘과 도로 방향을 보며 허용 거리 안에서 물류 트럭을 따라감 | H21: 6 – 플레이어와 대상의 속도 차이·허용 거리·시야 차단물이 난이도를 결정함 | I21: 1 | J21: 허용 거리 안에서 추적 종료 지점 도착 | K21: 대상과 6초 이상 거리 초과 시 추격 구간 재시작 | L21: 2분 | M21: 실패 2회 후 대상 속도 감소 및 경로 화살표 표시 | N21: =N20+(IFERROR(VALUE(LEFT(L21,FIND("분",L21)-1))*60,0)+IFERROR(VALUE(TRIM(MID(L21,IFERROR(FIND("분",L21),0)+1,FIND("초",L21)-IFERROR(FIND("분",L21),0)-1))),0))/86400 -> 0.013078704 | O21: 1-E | 편의점 재입고 | P21: =P20+9 -> 84 | Q21: 9 | R21: =$Q$3*P21*P21+$R$3*P21 -> 224.28
A22: 1 | 동생 심부름 | B22: 18 | C22: 4 | D22: 7 | E22: 신상 과자 오픈런 참가하기 | F22: 여러 NPC가 동시에 진열대로 이동해 접근 경로와 상호작용 위치가 막힘 | G22: 군중의 이동 방향을 예측하고 빈 공간으로 우회해 편의점 진열대 앞 군중에 접근함 | H22: 6 – 경쟁 NPC 수·충돌 범위·재고 수량·접근 가능 시간이 난이도를 결정함 | I22: 4 | J22: 재고가 남아 있을 때 목표 상품 상호작용 성공 | K22: 재고가 모두 소진되면 직전 체크포인트에서 재시도 | L22: 1분 40초 | M22: 재시도 시 경쟁 NPC 수 1명 감소 | N22: =N21+(IFERROR(VALUE(LEFT(L22,FIND("분",L22)-1))*60,0)+IFERROR(VALUE(TRIM(MID(L22,IFERROR(FIND("분",L22),0)+1,FIND("초",L22)-IFERROR(FIND("분",L22),0)-1))),0))/86400 -> 0.014236111 | O22: 1-E | 편의점 재입고 | P22: =P21+8 -> 92 | Q22: 8 | R22: =$Q$3*P22*P22+$R$3*P22 -> 267.72 | W22: 목표 상품 확보 50 / 추격 거리·충돌 25 / 재시도 15 / 시간 10 | X22: =ROUND($X22*1,0) -> 40 | Y22: =X22*0.8 -> 32 | Z22: =X22*0.6 -> 24 | AA22: =X22*0.5 -> 20 | AB22: 0.0025462963 | AC22: =$AD22*1.45 -> 0.0036921296 | AD22: =$AD22 -> 0.0025462963 | AE22: =$AD22*0.75 -> 0.0019097222
A23: 1 | 동생 심부름 | B23: 19 | C23: 2 | D23: 5 | E23: 신상 과자 구매하기 | F23: 구매 대상·수량·결제 순서를 잘못 선택할 수 있음 | G23: 요청받은 품목을 확인하고 상품 선택→계산대 상호작용→결제를 순서대로 진행함 | H23: 3/10 – 상품 후보 수·품목 유사도·구매 단계 수가 난이도를 결정함 | I23: 3 | J23: 신상 과자 1봉 구매 후 인벤토리에 등록 | K23: 잘못된 품목 구매 시 다시 선택해야 함 | L23: 55초 | M23: 요청 품목에 작은 임무 아이콘 표시 | N23: =N22+(IFERROR(VALUE(LEFT(L23,FIND("분",L23)-1))*60,0)+IFERROR(VALUE(TRIM(MID(L23,IFERROR(FIND("분",L23),0)+1,FIND("초",L23)-IFERROR(FIND("분",L23),0)-1))),0))/86400 -> 0.014872685 | O23: 1-E | 편의점 재입고 | P23: =P22+5 -> 97 | Q23: 5 | R23: =$Q$3*P23*P23+$R$3*P23 -> 296.82 | X23: 30 | Y23: =ROUND(X23*0.8,0) -> 24 | Z23: =X23*0.6 -> 18 | AA23: =X23*0.5 -> 15 | AC23: =(IFERROR(VALUE(LEFT(AE23,FIND("분",AE23)-1))*60,0)+IFERROR(VALUE(MID(AE23,IFERROR(FIND("분",AE23),0)+1,FIND("초",AE23)-IFERROR(FIND("분",AE23),0)-1)),0))/86400*2 -> 0.0012731481 | AD23: =(IFERROR(VALUE(LEFT(AE23,FIND("분",AE23)-1))*60,0)+IFERROR(VALUE(MID(AE23,IFERROR(FIND("분",AE23),0)+1,FIND("초",AE23)-IFERROR(FIND("분",AE23),0)-1)),0))/86400*1.4 -> 0.0008912037 | AE23: =L23 -> 55초
A24: 1 | 동생 심부름 | B24: 20 | C24: 1 | D24: 5 | E24: 동생 연락 받기 | F24: 대화 속에 다음 목적지와 필요한 물품 정보가 섞여 있음 | G24: 강조되는 핵심 단어와 NPC의 요구를 확인하며 대화를 끝까지 진행함 | H24: 2/10 – 대사 길이·핵심 정보의 명확성·선택지 수가 난이도를 결정함 | I24: 1 | J24: 중고 거래 물품 수령 요청에 관한 대화를 마지막 문장까지 진행 | K24: - | L24: 1분 10초 | M24: 대화 종료 후 핵심 내용을 화면 한쪽에 요약 표시 | N24: =N23+(IFERROR(VALUE(LEFT(L24,FIND("분",L24)-1))*60,0)+IFERROR(VALUE(TRIM(MID(L24,IFERROR(FIND("분",L24),0)+1,FIND("초",L24)-IFERROR(FIND("분",L24),0)-1))),0))/86400 -> 0.01568287 | O24: 1-E | 편의점 재입고 | P24: =P23+5 -> 102 | Q24: 5 | R24: =$Q$3*P24*P24+$R$3*P24 -> 327.42
A25: 1 | 동생 심부름 | B25: 21 | C25: 2 | D25: 5 | E25: 지하철역으로 이동하기 | F25: 갈림길과 주변 상호작용 오브젝트 때문에 목적지 방향을 놓칠 수 있음 | G25: 표지판·미니맵·NPC 이동 방향을 확인하며 편의점에서 지하철역 개찰구까지 이동함 | H25: 2/10 – 맵 크기·갈림길 수·목적지 표식의 가시성이 난이도를 결정함 | I25: 1 | J25: 편의점에서 지하철역 개찰구의 도착 트리거에 진입 | K25: - | L25: 2분 30초 | M25: 일정 시간 정체 시 목적지 방향 화살표 표시 | N25: =N24+(IFERROR(VALUE(LEFT(L25,FIND("분",L25)-1))*60,0)+IFERROR(VALUE(TRIM(MID(L25,IFERROR(FIND("분",L25),0)+1,FIND("초",L25)-IFERROR(FIND("분",L25),0)-1))),0))/86400 -> 0.017418981 | O25: 1-F | 지하철역 | P25: =P24+7 -> 109 | Q25: 7 | R25: =$Q$3*P25*P25+$R$3*P25 -> 372.78
A26: 1 | 동생 심부름 | B26: 22 | C26: 2 | D26: 7 | E26: 거래자 후보 3명 관찰하기 | F26: 중요한 단서가 여러 인물과 배경 오브젝트 사이에 분산되어 있음 | G26: 시선·행동·복장·주변 오브젝트를 순서대로 확인해 회색 후드 특징이 겹치는 세 명의 후보의 특징을 파악함 | H26: 5/10 – 관찰 대상 수·단서의 명확성·외형 유사도가 난이도를 결정함 | I26: 3 | J26: 필수 관찰 대상 모두 조사 | K26: - | L26: 1분 30초 | M26: 필수 대상 위에 짧은 시선 유도 아이콘 표시 | N26: =N25+(IFERROR(VALUE(LEFT(L26,FIND("분",L26)-1))*60,0)+IFERROR(VALUE(TRIM(MID(L26,IFERROR(FIND("분",L26),0)+1,FIND("초",L26)-IFERROR(FIND("분",L26),0)-1))),0))/86400 -> 0.018460648 | O26: 1-F | 지하철역 | P26: =P25+7 -> 116 | Q26: 7 | R26: =$Q$3*P26*P26+$R$3*P26 -> 421.08
A27: 1 | 동생 심부름 | B27: 23 | C27: 3 | D27: 8 | E27: 중고 거래자 찾기 | F27: 후보들이 공통 특징을 가지고 있어 한 가지 단서만으로는 구별할 수 없음 | G27: 복장·소지품·대화 반응을 함께 비교해 대화 단서와 복장 단서가 일치하는 거래자를 선택함 | H27: 6/10 – 후보 수·공통 특징 수·추가 단서의 명확성이 난이도를 결정함 | I27: 4 | J27: 올바른 거래자와 대화 시작 | K27: 오답 후보 선택 시 경계 대사가 출력되고 다시 선택 | L27: 2분 | M27: 오답 2회 후 확인하지 않은 단서 목록 표시 | N27: =N26+(IFERROR(VALUE(LEFT(L27,FIND("분",L27)-1))*60,0)+IFERROR(VALUE(TRIM(MID(L27,IFERROR(FIND("분",L27),0)+1,FIND("초",L27)-IFERROR(FIND("분",L27),0)-1))),0))/86400 -> 0.019849537 | O27: 1-F | 지하철역 | P27: =P26+9 -> 125 | Q27: 9 | R27: =$Q$3*P27*P27+$R$3*P27 -> 487.5 | W27: 거래자 판별 50 / 필수 단서 확인 25 / 오답 15 / 시간 10 | X27: =ROUND($X27*1,0) -> 20 | Y27: =ROUND(X27*0.8,0) -> 16 | Z27: =X27*0.6 -> 12 | AA27: =X27*0.5 -> 10 | AB27: 0.0024305556 | AC27: =$AD27*1.35 -> 0.00328125 | AD27: =$AD27 -> 0.0024305556 | AE27: =$AD27*0.8 -> 0.0019444444
A28: 1 | 동생 심부름 | B28: 24 | C28: 1 | D28: 5 | E28: 중고 거래 완료하기 | F28: 구매 대상·수량·결제 순서를 잘못 선택할 수 있음 | G28: 요청받은 품목을 확인하고 상품 선택→계산대 상호작용→결제를 순서대로 진행함 | H28: 2/10 – 상품 후보 수·품목 유사도·구매 단계 수가 난이도를 결정함 | I28: 3 | J28: 동생이 부탁한 중고 물품 구매 후 인벤토리에 등록 | K28: 잘못된 품목 구매 시 다시 선택해야 함 | L28: 1분 5초 | M28: 요청 품목에 작은 임무 아이콘 표시 | N28: =N27+(IFERROR(VALUE(LEFT(L28,FIND("분",L28)-1))*60,0)+IFERROR(VALUE(TRIM(MID(L28,IFERROR(FIND("분",L28),0)+1,FIND("초",L28)-IFERROR(FIND("분",L28),0)-1))),0))/86400 -> 0.020601852 | O28: 1-F | 지하철역 | P28: =P27+5 -> 130 | Q28: 5 | R28: =$Q$3*P28*P28+$R$3*P28 -> 526.5
A29: 1 | 동생 심부름 | B29: 25 | C29: 2 | D29: 5 | E29: 집으로 돌아가는 길에 공원 진입하기 | F29: 갈림길과 주변 상호작용 오브젝트 때문에 목적지 방향을 놓칠 수 있음 | G29: 표지판·미니맵·NPC 이동 방향을 확인하며 지하철역에서 축제 종료 공원까지 이동함 | H29: 2/10 – 맵 크기·갈림길 수·목적지 표식의 가시성이 난이도를 결정함 | I29: 1 | J29: 지하철역에서 축제 종료 공원의 도착 트리거에 진입 | K29: - | L29: 1분 50초 | M29: 일정 시간 정체 시 목적지 방향 화살표 표시 | N29: =N28+(IFERROR(VALUE(LEFT(L29,FIND("분",L29)-1))*60,0)+IFERROR(VALUE(TRIM(MID(L29,IFERROR(FIND("분",L29),0)+1,FIND("초",L29)-IFERROR(FIND("분",L29),0)-1))),0))/86400 -> 0.021875 | O29: 1-G | 공원 진입 | P29: =P28+6 -> 136 | Q29: 6 | R29: =$Q$3*P29*P29+$R$3*P29 -> 575.28
A30: 2 | 공원 청소 | B30: 26 | C30: 1 | D30: 5 | E30: 축제 종료 현장 관찰하기 | F30: 중요한 단서가 여러 인물과 배경 오브젝트 사이에 분산되어 있음 | G30: 시선·행동·복장·주변 오브젝트를 순서대로 확인해 떠나는 시민과 공원에 남은 쓰레기의 특징을 파악함 | H30: 3/10 – 관찰 대상 수·단서의 명확성·외형 유사도가 난이도를 결정함 | I30: 4 | J30: 필수 관찰 대상 모두 조사 | K30: - | L30: 1분 15초 | M30: 필수 대상 위에 짧은 시선 유도 아이콘 표시 | N30: =N29+(IFERROR(VALUE(LEFT(L30,FIND("분",L30)-1))*60,0)+IFERROR(VALUE(TRIM(MID(L30,IFERROR(FIND("분",L30),0)+1,FIND("초",L30)-IFERROR(FIND("분",L30),0)-1))),0))/86400 -> 0.022743056 | O30: 2-A | 공원 축제·청소 | P30: =P29+5 -> 141 | Q30: 5 | R30: =$Q$3*P30*P30+$R$3*P30 -> 617.58
A31: 2 | 공원 청소 | B31: 27 | C31: 1 | D31: 6 | E31: 아이가 쓰레기에 걸려 넘어질 뻔한 장면 목격하기 | F31: 짧은 연출 안에서 사건의 원인과 인물의 태도를 동시에 이해해야 함 | G31: 카메라가 강조하는 인물과 오브젝트를 보며 아이와 가족의 행동을 확인함 | H31: 1/10 – 연출 속도·동시에 제시되는 정보량이 난이도를 결정함 | I31: 1 | J31: 사건 연출 종료 | K31: - | L31: 35초 | M31: 핵심 오브젝트에 카메라 줌과 효과음 적용 | N31: =N30+(IFERROR(VALUE(LEFT(L31,FIND("분",L31)-1))*60,0)+IFERROR(VALUE(TRIM(MID(L31,IFERROR(FIND("분",L31),0)+1,FIND("초",L31)-IFERROR(FIND("분",L31),0)-1))),0))/86400 -> 0.023148148 | O31: 2-A | 공원 축제·청소 | P31: =P30+4 -> 145 | Q31: 4 | R31: =$Q$3*P31*P31+$R$3*P31 -> 652.5
A32: 2 | 공원 청소 | B32: 28 | C32: 1 | D32: 5 | E32: 쓰레기를 치우기로 결정하기 | F32: 두 선택 모두 이후 상황에 영향을 주므로 감정적 판단 부담이 발생함 | G32: 현재 상황과 주인공의 독백을 확인한 뒤 공원을 지나갈지 쓰레기를 치울지 판단에 대한 행동을 결정함 | H32: 3/10 – 정보의 불완전성·결과 예측 가능성·감정적 부담이 난이도를 결정함 | I32: 1 | J32: 선택지 1개 확정 | K32: - | L32: 45초 | M32: 선택 직전 핵심 상황을 한 문장으로 다시 표시 | N32: =N31+(IFERROR(VALUE(LEFT(L32,FIND("분",L32)-1))*60,0)+IFERROR(VALUE(TRIM(MID(L32,IFERROR(FIND("분",L32),0)+1,FIND("초",L32)-IFERROR(FIND("분",L32),0)-1))),0))/86400 -> 0.023668981 | O32: 2-A | 공원 축제·청소 | P32: =P31+4 -> 149 | Q32: 4 | R32: =$Q$3*P32*P32+$R$3*P32 -> 688.38
A33: 2 | 공원 청소 | B33: 29 | C33: 2 | D33: 5 | E33: 청소 도구 찾기 | F33: 비슷한 오브젝트와 진열대가 많아 목표 대상을 한 번에 찾기 어려움 | G33: 구역별 표지와 상품 외형을 비교하며 공원 관리함의 집게와 봉투를 조사함 | H33: 3/10 – 후보 오브젝트 수·외형 유사도·탐색 범위가 난이도를 결정함 | I33: 4 | J33: 공원 관리함의 집게와 봉투 발견 및 조사 완료 | K33: - | L33: 1분 25초 | M33: 30초 이상 미발견 시 목표 구역에 약한 반짝임 표시 | N33: =N32+(IFERROR(VALUE(LEFT(L33,FIND("분",L33)-1))*60,0)+IFERROR(VALUE(TRIM(MID(L33,IFERROR(FIND("분",L33),0)+1,FIND("초",L33)-IFERROR(FIND("분",L33),0)-1))),0))/86400 -> 0.024652778 | O33: 2-A | 공원 축제·청소 | P33: =P32+6 -> 155 | Q33: 6 | R33: =$Q$3*P33*P33+$R$3*P33 -> 744
A34: 2 | 공원 청소 | B34: 30 | C34: 1 | D34: 5 | E34: 첫 쓰레기 줍기 | F34: 수거 대상과 배경 장식의 차이를 처음에는 구별하기 어려움 | G34: 반짝임 표시가 있는 산책로의 첫 쓰레기에 접근해 줍기 입력을 수행함 | H34: 2/10 – 대상 가시성·입력 단계 수가 난이도를 결정함 | I34: 3 | J34: 안내된 수거 행동 3회 완료 | K34: - | L34: 55초 | M34: 수거 대상 반짝임과 상호작용 범위를 크게 설정 | N34: =N33+(IFERROR(VALUE(LEFT(L34,FIND("분",L34)-1))*60,0)+IFERROR(VALUE(TRIM(MID(L34,IFERROR(FIND("분",L34),0)+1,FIND("초",L34)-IFERROR(FIND("분",L34),0)-1))),0))/86400 -> 0.025289352 | O34: 2-A | 공원 축제·청소 | P34: =P33+4 -> 159 | Q34: 4 | R34: =$Q$3*P34*P34+$R$3*P34 -> 782.28
A35: 2 | 공원 청소 | B35: 31 | C35: 2 | D35: 6 | E35: 잔디 구역 쓰레기 수거하기 | F35: 쓰레기가 넓은 구역과 가려진 틈에 흩어져 있어 남은 대상을 찾기 어려움 | G35: 구역을 일정한 방향으로 순회하고 반짝임·잔여 개수 UI를 확인하며 잔디 구역 쓰레기 8개를 수거함 | H35: 4/10 – 목표 수량·배치 밀도·가림 오브젝트·탐색 범위가 난이도를 결정함 | I35: 8 | J35: 잔디 구역 쓰레기 8개 전부 수거 | K35: 필수 수량을 채우지 못하면 다음 구역 진행 불가 | L35: 3분 | M35: 60초 이상 미발견 시 가장 가까운 미수거 대상 방향 표시 | N35: =N34+(IFERROR(VALUE(LEFT(L35,FIND("분",L35)-1))*60,0)+IFERROR(VALUE(TRIM(MID(L35,IFERROR(FIND("분",L35),0)+1,FIND("초",L35)-IFERROR(FIND("분",L35),0)-1))),0))/86400 -> 0.027372685 | O35: 2-A | 공원 축제·청소 | P35: =P34+9 -> 168 | Q35: 9 | R35: =$Q$3*P35*P35+$R$3*P35 -> 871.92
A36: 2 | 공원 청소 | B36: 32 | C36: 2 | D36: 6 | E36: 산책로 쓰레기 수거하기 | F36: 쓰레기가 넓은 구역과 가려진 틈에 흩어져 있어 남은 대상을 찾기 어려움 | G36: 구역을 일정한 방향으로 순회하고 반짝임·잔여 개수 UI를 확인하며 산책로 쓰레기 7개를 수거함 | H36: 4/10 – 목표 수량·배치 밀도·가림 오브젝트·탐색 범위가 난이도를 결정함 | I36: 7 | J36: 산책로 쓰레기 7개 전부 수거 | K36: 필수 수량을 채우지 못하면 다음 구역 진행 불가 | L36: 2분 40초 | M36: 60초 이상 미발견 시 가장 가까운 미수거 대상 방향 표시 | N36: =N35+(IFERROR(VALUE(LEFT(L36,FIND("분",L36)-1))*60,0)+IFERROR(VALUE(TRIM(MID(L36,IFERROR(FIND("분",L36),0)+1,FIND("초",L36)-IFERROR(FIND("분",L36),0)-1))),0))/86400 -> 0.029224537 | O36: 2-A | 공원 축제·청소 | P36: =P35+9 -> 177 | Q36: 9 | R36: =$Q$3*P36*P36+$R$3*P36 -> 966.42
A37: 2 | 공원 청소 | B37: 33 | C37: 3 | D37: 6 | E37: 벤치 주변 쓰레기 수거하기 | F37: 쓰레기가 넓은 구역과 가려진 틈에 흩어져 있어 남은 대상을 찾기 어려움 | G37: 구역을 일정한 방향으로 순회하고 반짝임·잔여 개수 UI를 확인하며 벤치와 가려진 틈의 쓰레기 6개를 수거함 | H37: 5/10 – 목표 수량·배치 밀도·가림 오브젝트·탐색 범위가 난이도를 결정함 | I37: 6 | J37: 벤치와 가려진 틈의 쓰레기 6개 전부 수거 | K37: 필수 수량을 채우지 못하면 다음 구역 진행 불가 | L37: 2분 30초 | M37: 60초 이상 미발견 시 가장 가까운 미수거 대상 방향 표시 | N37: =N36+(IFERROR(VALUE(LEFT(L37,FIND("분",L37)-1))*60,0)+IFERROR(VALUE(TRIM(MID(L37,IFERROR(FIND("분",L37),0)+1,FIND("초",L37)-IFERROR(FIND("분",L37),0)-1))),0))/86400 -> 0.030960648 | O37: 2-A | 공원 축제·청소 | P37: =P36+9 -> 186 | Q37: 9 | R37: =$Q$3*P37*P37+$R$3*P37 -> 1065.78
A38: 2 | 공원 청소 | B38: 34 | C38: 1 | D38: 5 | E38: 한도윤과 대화하기 | F38: 대화 속에 다음 목적지와 필요한 물품 정보가 섞여 있음 | G38: 강조되는 핵심 단어와 NPC의 요구를 확인하며 대화를 끝까지 진행함 | H38: 2/10 – 대사 길이·핵심 정보의 명확성·선택지 수가 난이도를 결정함 | I38: 1 | J38: 혼자 청소하는 이유와 도움 제안에 관한 대화를 마지막 문장까지 진행 | K38: - | L38: 1분 30초 | M38: 대화 종료 후 핵심 내용을 화면 한쪽에 요약 표시 | N38: =N37+(IFERROR(VALUE(LEFT(L38,FIND("분",L38)-1))*60,0)+IFERROR(VALUE(TRIM(MID(L38,IFERROR(FIND("분",L38),0)+1,FIND("초",L38)-IFERROR(FIND("분",L38),0)-1))),0))/86400 -> 0.032002315 | O38: 2-A | 공원 축제·청소 | P38: =P37+5 -> 191 | Q38: 5 | R38: =$Q$3*P38*P38+$R$3*P38 -> 1123.08
A39: 2 | 공원 청소 | B39: 35 | C39: 2 | D39: 5 | E39: 한도윤과 구역 분담하기 | F39: 동료가 담당하는 구역과 플레이어 구역이 겹치면 불필요한 이동이 발생함 | G39: 대화에서 정한 담당 구역을 확인하고 서로 다른 공원 구역를 순서대로 처리함 | H39: 4/10 – 구역 수·동료 행동 예측 가능성·이동 동선이 난이도를 결정함 | I39: 4 | J39: 플레이어 담당 구역의 목표 수량 달성 | K39: - | L39: 2분 20초 | M39: 미니맵에 담당 구역을 서로 다른 테두리로 표시 | N39: =N38+(IFERROR(VALUE(LEFT(L39,FIND("분",L39)-1))*60,0)+IFERROR(VALUE(TRIM(MID(L39,IFERROR(FIND("분",L39),0)+1,FIND("초",L39)-IFERROR(FIND("분",L39),0)-1))),0))/86400 -> 0.033622685 | O39: 2-A | 공원 축제·청소 | P39: =P38+8 -> 199 | Q39: 8 | R39: =$Q$3*P39*P39+$R$3*P39 -> 1217.88
A40: 2 | 공원 청소 | B40: 36 | C40: 2 | D40: 6 | E40: 우정 반지 단서 발견하기 | F40: 작은 단서가 쓰레기와 배경에 섞여 있어 일반 수거물로 오인할 수 있음 | G40: 중학생이 잃어버린 반지의 흔적의 형태와 주변 대사를 확인하고 별도 조사함 | H40: 4/10 – 단서 크기·배경 대비·오인 가능성이 난이도를 결정함 | I40: 3 | J40: 필수 단서 모두 조사 | K40: 단서를 버리려 하면 경고 후 행동 취소 | L40: 1분 15초 | M40: 단서에 일반 쓰레기와 다른 약한 빛 효과 적용 | N40: =N39+(IFERROR(VALUE(LEFT(L40,FIND("분",L40)-1))*60,0)+IFERROR(VALUE(TRIM(MID(L40,IFERROR(FIND("분",L40),0)+1,FIND("초",L40)-IFERROR(FIND("분",L40),0)-1))),0))/86400 -> 0.034490741 | O40: 2-A | 공원 축제·청소 | P40: =P39+6 -> 205 | Q40: 6 | R40: =$Q$3*P40*P40+$R$3*P40 -> 1291.5
A41: 2 | 공원 청소 | B41: 37 | C41: 3 | D41: 7 | E41: 우정 반지 찾기 | F41: 목표물이 작고 수거 가능한 쓰레기 사이에 섞여 있어 탐색 부담이 큼 | G41: 마지막 목격 위치와 반짝임 주기를 이용해 쓰레기 사이에 섞인 작은 반지를 찾음 | H41: 6/10 – 목표물 크기·탐색 범위·가짜 후보 수가 난이도를 결정함 | I41: 5 | J41: 쓰레기 사이에 섞인 작은 반지 발견 후 획득 | K41: - | L41: 2분 50초 | M41: 90초 이상 미발견 시 탐색 범위를 단계적으로 축소 | N41: =N40+(IFERROR(VALUE(LEFT(L41,FIND("분",L41)-1))*60,0)+IFERROR(VALUE(TRIM(MID(L41,IFERROR(FIND("분",L41),0)+1,FIND("초",L41)-IFERROR(FIND("분",L41),0)-1))),0))/86400 -> 0.036458333 | O41: 2-A | 공원 축제·청소 | P41: =P40+10 -> 215 | Q41: 10 | R41: =$Q$3*P41*P41+$R$3*P41 -> 1419
A42: 2 | 공원 청소 | B42: 38 | C42: 1 | D42: 8 | E42: 중학생에게 반지 전달하기 | F42: 비슷한 복장의 NPC가 있어 물건의 주인을 잘못 선택할 수 있음 | G42: 의뢰 대사와 위치를 확인한 뒤 반지의 주인에게 전달함 | H42: 2/10 – NPC 후보 수·위치 이동 여부·의뢰 단서 명확성이 난이도를 결정함 | I42: 2 | J42: 올바른 NPC에게 물품 전달 | K42: 오답 NPC 선택 시 전달이 취소되고 다시 선택 | L42: 1분 10초 | M42: 의뢰 NPC 머리 위에 약한 대화 아이콘 표시 | N42: =N41+(IFERROR(VALUE(LEFT(L42,FIND("분",L42)-1))*60,0)+IFERROR(VALUE(TRIM(MID(L42,IFERROR(FIND("분",L42),0)+1,FIND("초",L42)-IFERROR(FIND("분",L42),0)-1))),0))/86400 -> 0.037268519 | O42: 2-A | 공원 축제·청소 | P42: =P41+6 -> 221 | Q42: 6 | R42: =$Q$3*P42*P42+$R$3*P42 -> 1498.38
A43: 2 | 공원 청소 | B43: 39 | C43: 1 | D43: 5 | E43: 남은 쓰레기 확인하기 | F43: 완료한 것처럼 보여도 남은 대상이나 오분류 항목이 존재할 수 있음 | G43: 잔여 수량과 각 구역 상태를 확인해 공원 미수거 구역과 남은 수량의 미완료 항목을 점검함 | H43: 4/10 – 검사 항목 수·오류 위치의 분산 정도가 난이도를 결정함 | I43: 4 | J43: 잔여 수량 0 및 오류 항목 0 | K43: 조건 미달 시 완료 상호작용이 비활성화됨 | L43: 1분 30초 | M43: 미완료 구역과 오류 수량을 별도 UI로 표시 | N43: =N42+(IFERROR(VALUE(LEFT(L43,FIND("분",L43)-1))*60,0)+IFERROR(VALUE(TRIM(MID(L43,IFERROR(FIND("분",L43),0)+1,FIND("초",L43)-IFERROR(FIND("분",L43),0)-1))),0))/86400 -> 0.038310185 | O43: 2-A | 공원 축제·청소 | P43: =P42+6 -> 227 | Q43: 6 | R43: =$Q$3*P43*P43+$R$3*P43 -> 1579.92
A44: 2 | 공원 청소 | B44: 40 | C44: 2 | D44: 6 | E44: 분리수거장으로 이동하기 | F44: 갈림길과 주변 상호작용 오브젝트 때문에 목적지 방향을 놓칠 수 있음 | G44: 표지판·미니맵·NPC 이동 방향을 확인하며 공원에서 분리수거장까지 이동함 | H44: 2/10 – 맵 크기·갈림길 수·목적지 표식의 가시성이 난이도를 결정함 | I44: 1 | J44: 공원에서 분리수거장의 도착 트리거에 진입 | K44: - | L44: 1분 15초 | M44: 일정 시간 정체 시 목적지 방향 화살표 표시 | N44: =N43+(IFERROR(VALUE(LEFT(L44,FIND("분",L44)-1))*60,0)+IFERROR(VALUE(TRIM(MID(L44,IFERROR(FIND("분",L44),0)+1,FIND("초",L44)-IFERROR(FIND("분",L44),0)-1))),0))/86400 -> 0.039178241 | O44: 2-B | 분리수거장 | P44: =P43+6 -> 233 | Q44: 6 | R44: =$Q$3*P44*P44+$R$3*P44 -> 1663.62
A45: 2 | 공원 청소 | B45: 41 | C45: 2 | D45: 6 | E45: 일반쓰레기 분류하기 | F45: 외형이 비슷하거나 내용물이 남은 쓰레기는 분류 기준을 혼동하기 쉬움 | G45: 재질·오염 여부·남은 내용물을 확인하고 일반쓰레기 8개를 올바른 수거함에 넣음 | H45: 4/10 – 분류 종류 수·외형 유사도·오답 허용 횟수가 난이도를 결정함 | I45: 8 | J45: 일반쓰레기 8개 전부 올바르게 분류 | K45: 오분류 5회 누적 시 해당 분류 단계 재시작 | L45: 2분 20초 | M45: 오답 2회 후 분류 기준 그림 표시 | N45: =N44+(IFERROR(VALUE(LEFT(L45,FIND("분",L45)-1))*60,0)+IFERROR(VALUE(TRIM(MID(L45,IFERROR(FIND("분",L45),0)+1,FIND("초",L45)-IFERROR(FIND("분",L45),0)-1))),0))/86400 -> 0.040798611 | O45: 2-B | 분리수거장 | P45: =P44+8 -> 241 | Q45: 8 | R45: =$Q$3*P45*P45+$R$3*P45 -> 1778.58
A46: 2 | 공원 청소 | B46: 42 | C46: 3 | D46: 7 | E46: 재활용품 분류하기 | F46: 외형이 비슷하거나 내용물이 남은 쓰레기는 분류 기준을 혼동하기 쉬움 | G46: 재질·오염 여부·남은 내용물을 확인하고 플라스틱·캔·종이 10개를 올바른 수거함에 넣음 | H46: 6/10 – 분류 종류 수·외형 유사도·오답 허용 횟수가 난이도를 결정함 | I46: 10 | J46: 플라스틱·캔·종이 10개 전부 올바르게 분류 | K46: 오분류 5회 누적 시 해당 분류 단계 재시작 | L46: 3분 | M46: 오답 2회 후 분류 기준 그림 표시 | N46: =N45+(IFERROR(VALUE(LEFT(L46,FIND("분",L46)-1))*60,0)+IFERROR(VALUE(TRIM(MID(L46,IFERROR(FIND("분",L46),0)+1,FIND("초",L46)-IFERROR(FIND("분",L46),0)-1))),0))/86400 -> 0.042881944 | O46: 2-B | 분리수거장 | P46: =P45+10 -> 251 | Q46: 10 | R46: =$Q$3*P46*P46+$R$3*P46 -> 1927.68
A47: 2 | 공원 청소 | B47: 43 | C47: 3 | D47: 7 | E47: 오염된 쓰레기 분류하기 | F47: 외형이 비슷하거나 내용물이 남은 쓰레기는 분류 기준을 혼동하기 쉬움 | G47: 재질·오염 여부·남은 내용물을 확인하고 내용물이 남거나 오염된 쓰레기 6개를 올바른 수거함에 넣음 | H47: 7/10 – 분류 종류 수·외형 유사도·오답 허용 횟수가 난이도를 결정함 | I47: 6 | J47: 내용물이 남거나 오염된 쓰레기 6개 전부 올바르게 분류 | K47: 오분류 5회 누적 시 해당 분류 단계 재시작 | L47: 2분 40초 | M47: 오답 2회 후 분류 기준 그림 표시 | N47: =N46+(IFERROR(VALUE(LEFT(L47,FIND("분",L47)-1))*60,0)+IFERROR(VALUE(TRIM(MID(L47,IFERROR(FIND("분",L47),0)+1,FIND("초",L47)-IFERROR(FIND("분",L47),0)-1))),0))/86400 -> 0.044733796 | O47: 2-B | 분리수거장 | P47: =P46+10 -> 261 | Q47: 10 | R47: =$Q$3*P47*P47+$R$3*P47 -> 2082.78
A48: 2 | 공원 청소 | B48: 44 | C48: 2 | D48: 7 | E48: 분리수거 완료하기 | F48: 완료한 것처럼 보여도 남은 대상이나 오분류 항목이 존재할 수 있음 | G48: 잔여 수량과 각 구역 상태를 확인해 모든 분류함과 오분류 여부의 미완료 항목을 점검함 | H48: 4/10 – 검사 항목 수·오류 위치의 분산 정도가 난이도를 결정함 | I48: 3 | J48: 잔여 수량 0 및 오류 항목 0 | K48: 조건 미달 시 완료 상호작용이 비활성화됨 | L48: 1분 10초 | M48: 미완료 구역과 오류 수량을 별도 UI로 표시 | N48: =N47+(IFERROR(VALUE(LEFT(L48,FIND("분",L48)-1))*60,0)+IFERROR(VALUE(TRIM(MID(L48,IFERROR(FIND("분",L48),0)+1,FIND("초",L48)-IFERROR(FIND("분",L48),0)-1))),0))/86400 -> 0.045543981 | O48: 2-B | 분리수거장 | P48: =P47+6 -> 267 | Q48: 6 | R48: =$Q$3*P48*P48+$R$3*P48 -> 2178.72
A49: 2 | 공원 청소 | B49: 45 | C49: 1 | D49: 9 | E49: 균열 발생을 목격하기 | F49: 짧은 연출 안에서 사건의 원인과 인물의 태도를 동시에 이해해야 함 | G49: 카메라가 강조하는 인물과 오브젝트를 보며 분리수거장 바닥에서 열리는 도덕 균열를 확인함 | H49: 1/10 – 연출 속도·동시에 제시되는 정보량이 난이도를 결정함 | I49: 1 | J49: 사건 연출 종료 | K49: - | L49: 50초 | M49: 핵심 오브젝트에 카메라 줌과 효과음 적용 | N49: =N48+(IFERROR(VALUE(LEFT(L49,FIND("분",L49)-1))*60,0)+IFERROR(VALUE(TRIM(MID(L49,IFERROR(FIND("분",L49),0)+1,FIND("초",L49)-IFERROR(FIND("분",L49),0)-1))),0))/86400 -> 0.046122685 | O49: 2-C | 균열 발생 | P49: =P48+6 -> 273 | Q49: 6 | R49: =$Q$3*P49*P49+$R$3*P49 -> 2276.82
A50: 2 | 공원 청소 | B50: 46 | C50: 2 | D50: 9 | E50: 균열 구경하기 | F50: 중요한 단서가 여러 인물과 배경 오브젝트 사이에 분산되어 있음 | G50: 시선·행동·복장·주변 오브젝트를 순서대로 확인해 균열의 빛·소리·주변 반응의 특징을 파악함 | H50: 4/10 – 관찰 대상 수·단서의 명확성·외형 유사도가 난이도를 결정함 | I50: 3 | J50: 필수 관찰 대상 모두 조사 | K50: - | L50: 1분 35초 | M50: 필수 대상 위에 짧은 시선 유도 아이콘 표시 | N50: =N49+(IFERROR(VALUE(LEFT(L50,FIND("분",L50)-1))*60,0)+IFERROR(VALUE(TRIM(MID(L50,IFERROR(FIND("분",L50),0)+1,FIND("초",L50)-IFERROR(FIND("분",L50),0)-1))),0))/86400 -> 0.047222222 | O50: 2-C | 균열 발생 | P50: =P49+8 -> 281 | Q50: 8 | R50: =$Q$3*P50*P50+$R$3*P50 -> 2410.98
A51: 2 | 공원 청소 | B51: 47 | C51: 2 | D51: 5 | E51: 집으로 귀가하기 | F51: 갈림길과 주변 상호작용 오브젝트 때문에 목적지 방향을 놓칠 수 있음 | G51: 표지판·미니맵·NPC 이동 방향을 확인하며 공원에서 집까지 이동함 | H51: 2/10 – 맵 크기·갈림길 수·목적지 표식의 가시성이 난이도를 결정함 | I51: 1 | J51: 공원에서 집의 도착 트리거에 진입 | K51: - | L51: 2분 | M51: 일정 시간 정체 시 목적지 방향 화살표 표시 | N51: =N50+(IFERROR(VALUE(LEFT(L51,FIND("분",L51)-1))*60,0)+IFERROR(VALUE(TRIM(MID(L51,IFERROR(FIND("분",L51),0)+1,FIND("초",L51)-IFERROR(FIND("분",L51),0)-1))),0))/86400 -> 0.048611111 | O51: 2-D | 귀가·밤 | P51: =P50+7 -> 288 | Q51: 7 | R51: =$Q$3*P51*P51+$R$3*P51 -> 2531.52
A52: 2 | 공원 청소 | B52: 48 | C52: 1 | D52: 5 | E52: 잠자기 | F52: 다음 날로 넘어가는 상호작용임을 알아차리지 못할 수 있음 | G52: 침대를 조사하고 휴식 확인 선택지를 선택함 | H52: 1/10 – 상호작용 대상의 명확성이 난이도를 결정함 | I52: 1 | J52: 잠자기 확인 후 다음 장면 전환 | K52: - | L52: 35초 | M52: 침대에 임무 아이콘 표시 | N52: =N51+(IFERROR(VALUE(LEFT(L52,FIND("분",L52)-1))*60,0)+IFERROR(VALUE(TRIM(MID(L52,IFERROR(FIND("분",L52),0)+1,FIND("초",L52)-IFERROR(FIND("분",L52),0)-1))),0))/86400 -> 0.049016204 | O52: 2-D | 귀가·밤 | P52: =P51+4 -> 292 | Q52: 4 | R52: =$Q$3*P52*P52+$R$3*P52 -> 2601.72
A53: 3 | 재난 대응 | B53: 49 | C53: 1 | D53: 6 | E53: 새벽 재난 문자 확인하기 | F53: 재난 문자와 주변 효과음이 동시에 출력되어 핵심 행동을 놓칠 수 있음 | G53: 균열 인근 대피 안내의 대피 위치와 위험 지역을 먼저 확인함 | H53: 2/10 – 동시 정보량·경고 문구의 명확성이 난이도를 결정함 | I53: 2 | J53: 재난 문자 핵심 항목 확인 | K53: - | L53: 40초 | M53: 문자를 닫은 뒤 화면에 대피 목표를 고정 표시 | N53: =N52+(IFERROR(VALUE(LEFT(L53,FIND("분",L53)-1))*60,0)+IFERROR(VALUE(TRIM(MID(L53,IFERROR(FIND("분",L53),0)+1,FIND("초",L53)-IFERROR(FIND("분",L53),0)-1))),0))/86400 -> 0.049479167 | O53: 3-A | 아파트 재난 | P53: =P52+4 -> 296 | Q53: 4 | R53: =$Q$3*P53*P53+$R$3*P53 -> 2672.88
A54: 3 | 재난 대응 | B54: 50 | C54: 2 | D54: 8 | E54: 가족 찾기 | F54: 대화 속에 다음 목적지와 필요한 물품 정보가 섞여 있음 | G54: 강조되는 핵심 단어와 NPC의 요구를 확인하며 대화를 끝까지 진행함 | H54: 3/10 – 대사 길이·핵심 정보의 명확성·선택지 수가 난이도를 결정함 | I54: 3 | J54: 부모와 동생에 관한 대화를 마지막 문장까지 진행 | K54: - | L54: 1분 10초 | M54: 대화 종료 후 핵심 내용을 화면 한쪽에 요약 표시 | N54: =N53+(IFERROR(VALUE(LEFT(L54,FIND("분",L54)-1))*60,0)+IFERROR(VALUE(TRIM(MID(L54,IFERROR(FIND("분",L54),0)+1,FIND("초",L54)-IFERROR(FIND("분",L54),0)-1))),0))/86400 -> 0.050289352 | O54: 3-A | 아파트 재난 | P54: =P53+7 -> 303 | Q54: 7 | R54: =$Q$3*P54*P54+$R$3*P54 -> 2799.72
A55: 3 | 재난 대응 | B55: 51 | C55: 3 | D55: 7 | E55: 비상 물품 챙기기 | F55: 제한된 가방 칸 때문에 모든 물품을 챙길 수 없고 우선순위 판단이 필요함 | G55: 대피 상황에 필요한 물품을 비교해 가방·물·손전등·구급품 중 필수 물품를 선택함 | H55: 5/10 – 후보 물품 수·인벤토리 제한·필수 조합 수가 난이도를 결정함 | I55: 5 | J55: 필수 물품이 포함된 상태로 준비 완료 | K55: 필수 물품이 없으면 확인 단계에서 진행 불가 | L55: 2분 | M55: 필수 물품 누락 시 용도 힌트 표시 | N55: =N54+(IFERROR(VALUE(LEFT(L55,FIND("분",L55)-1))*60,0)+IFERROR(VALUE(TRIM(MID(L55,IFERROR(FIND("분",L55),0)+1,FIND("초",L55)-IFERROR(FIND("분",L55),0)-1))),0))/86400 -> 0.051678241 | O55: 3-A | 아파트 재난 | P55: =P54+8 -> 311 | Q55: 8 | R55: =$Q$3*P55*P55+$R$3*P55 -> 2948.28
A56: 3 | 재난 대응 | B56: 52 | C56: 4 | D56: 9 | E56: 가족들 대피시키기 | F56: 동행 NPC가 장애물에 걸리거나 플레이어와 멀어지면 대피가 중단됨 | G56: 동행자 속도에 맞춰 이동하고 위험 구역 앞에서 부모와 동생를 기다림 | H56: 6/10 – 동행 인원·속도 차이·장애물 수·허용 거리가 난이도를 결정함 | I56: 3 | J56: 모든 동행 NPC가 대피 지점 도착 | K56: 동행 NPC가 위험 구역에 8초 이상 고립되면 재시작 | L56: 2분 40초 | M56: 동행 NPC가 멀어지면 화면 가장자리에 방향 표시 | N56: =N55+(IFERROR(VALUE(LEFT(L56,FIND("분",L56)-1))*60,0)+IFERROR(VALUE(TRIM(MID(L56,IFERROR(FIND("분",L56),0)+1,FIND("초",L56)-IFERROR(FIND("분",L56),0)-1))),0))/86400 -> 0.053530093 | O56: 3-A | 아파트 재난 | P56: =P55+10 -> 321 | Q56: 10 | R56: =$Q$3*P56*P56+$R$3*P56 -> 3139.38
A57: 3 | 재난 대응 | B57: 53 | C57: 4 | D57: 8 | E57: 아파트 계단으로 이동하기 | F57: 좁은 통로·어두운 조명·장애물로 이동 경로가 제한됨 | G57: 손전등과 안전한 발판을 확인하며 정전된 계단를 통과함 | H57: 5/10 – 통로 폭·시야 범위·장애물 간격이 난이도를 결정함 | I57: 1 | J57: 다음 층 도착 트리거 진입 | K57: 낙하 또는 장애물 피격 3회 시 구간 재시작 | L57: 1분 35초 | M57: 안전 발판 테두리와 체크포인트 제공 | N57: =N56+(IFERROR(VALUE(LEFT(L57,FIND("분",L57)-1))*60,0)+IFERROR(VALUE(TRIM(MID(L57,IFERROR(FIND("분",L57),0)+1,FIND("초",L57)-IFERROR(FIND("분",L57),0)-1))),0))/86400 -> 0.05462963 | O57: 3-B | 대피 경로 | P57: =P56+8 -> 329 | Q57: 8 | R57: =$Q$3*P57*P57+$R$3*P57 -> 3296.58
A58: 3 | 재난 대응 | B58: 54 | C58: 5 | D58: 9 | E58: 이웃 주민 구조하기 | F58: 위험이 지속되는 동안 대상 상태를 확인하고 구조 행동을 여러 번 수행해야 함 | G58: 위험 패턴이 멈춘 순간에 접근해 계단에 쓰러진 이웃 주민를 안전 지점으로 옮김 | H58: 7/10 – 위험 주기·대상 체력·이동 거리·구조 단계 수가 난이도를 결정함 | I58: 3 | J58: 구조 대상이 안전 지점 도착 | K58: 구조 대상 체력이 0이 되면 체크포인트 재시작 | L58: 3분 | M58: 대상 체력 경고와 안전 경로 표시 | N58: =N57+(IFERROR(VALUE(LEFT(L58,FIND("분",L58)-1))*60,0)+IFERROR(VALUE(TRIM(MID(L58,IFERROR(FIND("분",L58),0)+1,FIND("초",L58)-IFERROR(FIND("분",L58),0)-1))),0))/86400 -> 0.056712963 | O58: 3-B | 대피 경로 | P58: =P57+11 -> 340 | Q58: 11 | R58: =$Q$3*P58*P58+$R$3*P58 -> 3519
A59: 3 | 재난 대응 | B59: 55 | C59: 5 | D59: 9 | E59: 아파트 밖으로 탈출하기 | F59: 출구가 무너지고 안전 경로가 짧은 시간마다 바뀜 | G59: 붕괴 경고 표시를 보고 붕괴되는 출입구의 열린 통로로 빠르게 이동함 | H59: 7/10 – 제한시간·안전 경로 폭·장애물 발생 주기가 난이도를 결정함 | I59: 1 | J59: 제한시간 안에 탈출 지점 도착 | K59: 제한시간 종료 또는 3회 피격 시 재시작 | L59: 2분 20초 | M59: 실패 후 제한시간 10초 증가 | N59: =N58+(IFERROR(VALUE(LEFT(L59,FIND("분",L59)-1))*60,0)+IFERROR(VALUE(TRIM(MID(L59,IFERROR(FIND("분",L59),0)+1,FIND("초",L59)-IFERROR(FIND("분",L59),0)-1))),0))/86400 -> 0.058333333 | O59: 3-B | 대피 경로 | P59: =P58+10 -> 350 | Q59: 10 | R59: =$Q$3*P59*P59+$R$3*P59 -> 3727.5 | W59: 필수 대상 대피 40 / 대상 피해 30 / 우선순위 판단 20 / 시간 10 | X59: =ROUND($X59*1,0) -> 60 | Y59: =ROUND(X59*0.8,0) -> 48 | Z59: =X59*0.6 -> 36 | AA59: =X59*0.5 -> 30 | AB59: 0.0088541667 | AC59: =$AD59*1.5 -> 0.01328125 | AD59: =$AD59 -> 0.0088541667 | AE59: =$AD59*0.75 -> 0.006640625
A60: 3 | 재난 대응 | B60: 56 | C60: 4 | D60: 8 | E60: 안전 구역으로 이동하기 | F60: 갈림길과 주변 상호작용 오브젝트 때문에 목적지 방향을 놓칠 수 있음 | G60: 표지판·미니맵·NPC 이동 방향을 확인하며 아파트에서 임시 안전 구역까지 이동함 | H60: 5/10 – 맵 크기·갈림길 수·목적지 표식의 가시성이 난이도를 결정함 | I60: 1 | J60: 아파트에서 임시 안전 구역의 도착 트리거에 진입 | K60: - | L60: 2분 30초 | M60: 일정 시간 정체 시 목적지 방향 화살표 표시 | N60: =N59+(IFERROR(VALUE(LEFT(L60,FIND("분",L60)-1))*60,0)+IFERROR(VALUE(TRIM(MID(L60,IFERROR(FIND("분",L60),0)+1,FIND("초",L60)-IFERROR(FIND("분",L60),0)-1))),0))/86400 -> 0.060069444 | O60: 3-B | 대피 경로 | P60: =P59+9 -> 359 | Q60: 9 | R60: =$Q$3*P60*P60+$R$3*P60 -> 3920.28
A61: 3 | 재난 대응 | B61: 57 | C61: 6 | D61: 9 | E61: 괴물의 첫 습격 회피하기 | F61: 적의 시야와 공격 범위가 넓어 직선 이동만으로는 회피하기 어려움 | G61: 장애물 뒤로 이동하고 공격 예고를 확인하며 새벽에 출현한 균열 괴물의 공격을 피함 | H61: 7/10 – 적 속도·공격 범위·예고 시간·안전 지점 수가 난이도를 결정함 | I61: 4 | J61: 회피 구간 종료 지점 도착 | K61: 체력 0 또는 연속 피격 4회 시 체크포인트 재시작 | L61: 2분 30초 | M61: 공격 예고 시간을 늘리고 안전 지점 표시 | N61: =N60+(IFERROR(VALUE(LEFT(L61,FIND("분",L61)-1))*60,0)+IFERROR(VALUE(TRIM(MID(L61,IFERROR(FIND("분",L61),0)+1,FIND("초",L61)-IFERROR(FIND("분",L61),0)-1))),0))/86400 -> 0.061805556 | O61: 3-B | 대피 경로 | P61: =P60+11 -> 370 | Q61: 11 | R61: =$Q$3*P61*P61+$R$3*P61 -> 4162.5 | S61: =R61/V61 -> 4162.5 | T61: 1 | U61: =T61*V61 -> 1 | V61: 1 | W61: 목표 지점 도달 45 / 피격 30 / 경로 판단 15 / 시간 10 | X61: =ROUND($X61*1,0) -> 40 | Y61: =X61*0.8 -> 32 | Z61: =X61*0.6 -> 24 | AA61: =X61*0.5 -> 20 | AB61: 0.0017361111 | AC61: =$AD61*1.5 -> 0.0026041667 | AD61: =$AD61 -> 0.0017361111 | AE61: =$AD61*0.75 -> 0.0013020833
A62: 3 | 재난 대응 | B62: 58 | C62: 2 | D62: 8 | E62: 한도윤과 합류하기 | F62: 대화 속에 다음 목적지와 필요한 물품 정보가 섞여 있음 | G62: 강조되는 핵심 단어와 NPC의 요구를 확인하며 대화를 끝까지 진행함 | H62: 3/10 – 대사 길이·핵심 정보의 명확성·선택지 수가 난이도를 결정함 | I62: 2 | J62: 혼란 속에서 신호를 보내는 한도윤에 관한 대화를 마지막 문장까지 진행 | K62: - | L62: 1분 20초 | M62: 대화 종료 후 핵심 내용을 화면 한쪽에 요약 표시 | N62: =N61+(IFERROR(VALUE(LEFT(L62,FIND("분",L62)-1))*60,0)+IFERROR(VALUE(TRIM(MID(L62,IFERROR(FIND("분",L62),0)+1,FIND("초",L62)-IFERROR(FIND("분",L62),0)-1))),0))/86400 -> 0.062731481 | O62: 3-B | 대피 경로 | P62: =P61+7 -> 377 | Q62: 7 | R62: =$Q$3*P62*P62+$R$3*P62 -> 4320.42
A63: 3 | 재난 대응 | B63: 59 | C63: 3 | D63: 8 | E63: 임시 대피소 도착하기 | F63: 갈림길과 주변 상호작용 오브젝트 때문에 목적지 방향을 놓칠 수 있음 | G63: 표지판·미니맵·NPC 이동 방향을 확인하며 임시 대피소까지 이동함 | H63: 4/10 – 맵 크기·갈림길 수·목적지 표식의 가시성이 난이도를 결정함 | I63: 1 | J63: 임시 대피소의 도착 트리거에 진입 | K63: - | L63: 2분 | M63: 일정 시간 정체 시 목적지 방향 화살표 표시 | N63: =N62+(IFERROR(VALUE(LEFT(L63,FIND("분",L63)-1))*60,0)+IFERROR(VALUE(TRIM(MID(L63,IFERROR(FIND("분",L63),0)+1,FIND("초",L63)-IFERROR(FIND("분",L63),0)-1))),0))/86400 -> 0.06412037 | O63: 3-C | 대피소·선의관리국 | P63: =P62+8 -> 385 | Q63: 8 | R63: =$Q$3*P63*P63+$R$3*P63 -> 4504.5
A64: 3 | 재난 대응 | B64: 60 | C64: 1 | D64: 8 | E64: 선의관리국 안내 듣기 | F64: 대화 속에 다음 목적지와 필요한 물품 정보가 섞여 있음 | G64: 강조되는 핵심 단어와 NPC의 요구를 확인하며 대화를 끝까지 진행함 | H64: 2/10 – 대사 길이·핵심 정보의 명확성·선택지 수가 난이도를 결정함 | I64: 2 | J64: 선의 측정과 등급제 설명에 관한 대화를 마지막 문장까지 진행 | K64: - | L64: 1분 50초 | M64: 대화 종료 후 핵심 내용을 화면 한쪽에 요약 표시 | N64: =N63+(IFERROR(VALUE(LEFT(L64,FIND("분",L64)-1))*60,0)+IFERROR(VALUE(TRIM(MID(L64,IFERROR(FIND("분",L64),0)+1,FIND("초",L64)-IFERROR(FIND("분",L64),0)-1))),0))/86400 -> 0.065393519 | O64: 3-C | 대피소·선의관리국 | P64: =P63+7 -> 392 | Q64: 7 | R64: =$Q$3*P64*P64+$R$3*P64 -> 4668.72
A65: 3 | 재난 대응 | B65: 61 | C65: 2 | D65: 8 | E65: 선의 측정 받기 | F65: 장치 반응과 안내 문구가 평소와 달라 오류인지 결과인지 판단하기 어려움 | G65: 안내에 따라 손을 올리고 재측정 절차를 완료해 선의 측정 장치를 확인함 | H65: 4/10 – 측정 단계 수·대기 시간·비정상 결과의 설명 명확성이 난이도를 결정함 | I65: 3 | J65: 측정 절차 모두 완료 | K65: 중간 이탈 시 측정 단계 처음부터 재진행 | L65: 1분 40초 | M65: 현재 측정 단계와 남은 시간을 표시 | N65: =N64+(IFERROR(VALUE(LEFT(L65,FIND("분",L65)-1))*60,0)+IFERROR(VALUE(TRIM(MID(L65,IFERROR(FIND("분",L65),0)+1,FIND("초",L65)-IFERROR(FIND("분",L65),0)-1))),0))/86400 -> 0.066550926 | O65: 3-C | 대피소·선의관리국 | P65: =P64+7 -> 399 | Q65: 7 | R65: =$Q$3*P65*P65+$R$3*P65 -> 4835.88
A66: 3 | 재난 대응 | B66: 62 | C66: 2 | D66: 9 | E66: 무한대 수치 재측정하기 | F66: 장치 반응과 안내 문구가 평소와 달라 오류인지 결과인지 판단하기 어려움 | G66: 안내에 따라 손을 올리고 재측정 절차를 완료해 오류로 의심받는 무한대 수치를 확인함 | H66: 5/10 – 측정 단계 수·대기 시간·비정상 결과의 설명 명확성이 난이도를 결정함 | I66: 4 | J66: 측정 절차 모두 완료 | K66: 중간 이탈 시 측정 단계 처음부터 재진행 | L66: 2분 10초 | M66: 현재 측정 단계와 남은 시간을 표시 | N66: =N65+(IFERROR(VALUE(LEFT(L66,FIND("분",L66)-1))*60,0)+IFERROR(VALUE(TRIM(MID(L66,IFERROR(FIND("분",L66),0)+1,FIND("초",L66)-IFERROR(FIND("분",L66),0)-1))),0))/86400 -> 0.068055556 | O66: 3-C | 대피소·선의관리국 | P66: =P65+9 -> 408 | Q66: 9 | R66: =$Q$3*P66*P66+$R$3*P66 -> 5055.12
A67: 3 | 재난 대응 | B67: 63 | C67: 1 | D67: 9 | E67: 영웅화 보도 확인하기 | F67: 방송 화면·시민 반응·관리국 설명이 동시에 제시되어 의미가 분산됨 | G67: 주요 보도 문구와 주변 인물 반응을 순서대로 확인해 생방송과 주변 시민의 반응을 확인함 | H67: 3/10 – 동시 정보량·필수 관찰 대상 수가 난이도를 결정함 | I67: 3 | J67: 필수 방송 및 NPC 반응 확인 | K67: - | L67: 2분 | M67: 필수 확인 대상을 목록으로 표시 | N67: =N66+(IFERROR(VALUE(LEFT(L67,FIND("분",L67)-1))*60,0)+IFERROR(VALUE(TRIM(MID(L67,IFERROR(FIND("분",L67),0)+1,FIND("초",L67)-IFERROR(FIND("분",L67),0)-1))),0))/86400 -> 0.069444444 | O67: 3-C | 대피소·선의관리국 | P67: =P66+8 -> 416 | Q67: 8 | R67: =$Q$3*P67*P67+$R$3*P67 -> 5254.08
A68: 3 | 재난 대응 | B68: 64 | C68: 1 | D68: 8 | E68: 호화 숙소와 전용 지원 제안 받기 | F68: 호의처럼 보이는 제안 안에 이후 행동을 제한하는 조건이 포함되어 있음 | G68: 제안 내용과 조건을 확인해 영웅 대우를 전제로 한 관리국의 제안의 의미를 파악함 | H68: 3/10 – 조건 문구의 간접성·선택지의 감정적 부담이 난이도를 결정함 | I68: 2 | J68: 제안 대화 종료 | K68: - | L68: 1분 40초 | M68: 제안 조건의 핵심 문구를 강조 | N68: =N67+(IFERROR(VALUE(LEFT(L68,FIND("분",L68)-1))*60,0)+IFERROR(VALUE(TRIM(MID(L68,IFERROR(FIND("분",L68),0)+1,FIND("초",L68)-IFERROR(FIND("분",L68),0)-1))),0))/86400 -> 0.070601852 | O68: 3-C | 대피소·선의관리국 | P68: =P67+7 -> 423 | Q68: 7 | R68: =$Q$3*P68*P68+$R$3*P68 -> 5431.32
A69: 3 | 재난 대응 | B69: 65 | C69: 1 | D69: 8 | E69: 첫 구조 임무 수락하기 | F69: 임무 목표와 위험 요소가 한 번에 제시되어 우선순위를 놓칠 수 있음 | G69: 요청 지역·구조 대상·예상 위험을 확인한 뒤 도심 잔해 구역 구조 요청를 수락함 | H69: 3/10 – 목표 수·위험 정보량·선택지 수가 난이도를 결정함 | I69: 2 | J69: 임무 수락 선택 완료 | K69: - | L69: 1분 20초 | M69: 수락 후 목표를 세 줄로 요약 표시 | N69: =N68+(IFERROR(VALUE(LEFT(L69,FIND("분",L69)-1))*60,0)+IFERROR(VALUE(TRIM(MID(L69,IFERROR(FIND("분",L69),0)+1,FIND("초",L69)-IFERROR(FIND("분",L69),0)-1))),0))/86400 -> 0.071527778 | O69: 3-D | 도심 구조 임무 | P69: =P68+6 -> 429 | Q69: 6 | R69: =$Q$3*P69*P69+$R$3*P69 -> 5585.58
A70: 3 | 재난 대응 | B70: 66 | C70: 4 | D70: 7 | E70: 도심 잔해 구역으로 이동하기 | F70: 갈림길과 주변 상호작용 오브젝트 때문에 목적지 방향을 놓칠 수 있음 | G70: 표지판·미니맵·NPC 이동 방향을 확인하며 대피소에서 붕괴 지역까지 이동함 | H70: 5/10 – 맵 크기·갈림길 수·목적지 표식의 가시성이 난이도를 결정함 | I70: 1 | J70: 대피소에서 붕괴 지역의 도착 트리거에 진입 | K70: - | L70: 2분 20초 | M70: 일정 시간 정체 시 목적지 방향 화살표 표시 | N70: =N69+(IFERROR(VALUE(LEFT(L70,FIND("분",L70)-1))*60,0)+IFERROR(VALUE(TRIM(MID(L70,IFERROR(FIND("분",L70),0)+1,FIND("초",L70)-IFERROR(FIND("분",L70),0)-1))),0))/86400 -> 0.073148148 | O70: 3-D | 도심 구조 임무 | P70: =P69+9 -> 438 | Q70: 9 | R70: =$Q$3*P70*P70+$R$3*P70 -> 5821.02
A71: 3 | 재난 대응 | B71: 67 | C71: 4 | D71: 7 | E71: 고립 시민 찾기 | F71: 잔해와 효과음 때문에 구조 신호의 방향을 정확히 판단하기 어려움 | G71: 소리 크기와 탐지기 반응을 비교하며 잔해 속 구조 신호를 탐색함 | H71: 6/10 – 탐색 범위·가짜 신호 수·제한시간이 난이도를 결정함 | I71: 4 | J71: 모든 구조 대상 위치 확인 | K71: 제한시간 종료 시 가장 가까운 체크포인트에서 재시작 | L71: 3분 | M71: 탐지기 반응 범위를 넓히고 방향 표시 제공 | N71: =N70+(IFERROR(VALUE(LEFT(L71,FIND("분",L71)-1))*60,0)+IFERROR(VALUE(TRIM(MID(L71,IFERROR(FIND("분",L71),0)+1,FIND("초",L71)-IFERROR(FIND("분",L71),0)-1))),0))/86400 -> 0.075231481 | O71: 3-D | 도심 구조 임무 | P71: =P70+10 -> 448 | Q71: 10 | R71: =$Q$3*P71*P71+$R$3*P71 -> 6088.32
A72: 3 | 재난 대응 | B72: 68 | C72: 5 | D72: 7 | E72: 잔해 제거하기 | F72: 잔해마다 필요한 조작과 안전한 제거 순서가 다름 | G72: 균열이 적은 잔해부터 선택하고 반복 입력으로 통로를 막는 잔해 6개를 제거함 | H72: 7/10 – 잔해 수·입력 횟수·위험 순서·피격 빈도가 난이도를 결정함 | I72: 6 | J72: 통로를 막는 잔해 전부 제거 | K72: 위험 잔해를 먼저 제거하면 체력 감소 및 진행 지연 | L72: 3분 20초 | M72: 안전한 제거 순서를 색이 아닌 아이콘으로 표시 | N72: =N71+(IFERROR(VALUE(LEFT(L72,FIND("분",L72)-1))*60,0)+IFERROR(VALUE(TRIM(MID(L72,IFERROR(FIND("분",L72),0)+1,FIND("초",L72)-IFERROR(FIND("분",L72),0)-1))),0))/86400 -> 0.077546296 | O72: 3-D | 도심 구조 임무 | P72: =P71+11 -> 459 | Q72: 11 | R72: =$Q$3*P72*P72+$R$3*P72 -> 6389.28
A73: 3 | 재난 대응 | B73: 69 | C73: 6 | D73: 7 | E73: 시민 대피 유도하기 | F73: 시민들이 서로 다른 속도로 이동하고 공포 상태에서 경로를 이탈함 | G73: 가장 느린 시민 속도에 맞추고 위험 앞에서 집결 명령을 사용함 | H73: 7/10 – 동행 인원·속도 편차·위험 구간 수·명령 재사용 시간이 난이도를 결정함 | I73: 5 | J73: 고립 시민 5명 전원이 안전 지점 도착 | K73: 시민 1명이라도 체력 0이 되면 체크포인트 재시작 | L73: 3분 10초 | M73: 이탈 시민 방향과 안전 경로를 표시 | N73: =N72+(IFERROR(VALUE(LEFT(L73,FIND("분",L73)-1))*60,0)+IFERROR(VALUE(TRIM(MID(L73,IFERROR(FIND("분",L73),0)+1,FIND("초",L73)-IFERROR(FIND("분",L73),0)-1))),0))/86400 -> 0.07974537 | O73: 3-D | 도심 구조 임무 | P73: =P72+11 -> 470 | Q73: 11 | R73: =$Q$3*P73*P73+$R$3*P73 -> 6697.5
A74: 3 | 재난 대응 | B74: 70 | C74: 7 | D74: 9 | E74: 균열 괴물과 첫 전투 치르기 | F74: 공격·회피·회복 조작을 처음 전투에서 동시에 익혀야 함 | G74: 공격 예고를 보고 회피한 뒤 빈틈에 공격하며 하급 균열 괴물를 처치함 | H74: 7/10 – 적 수·공격 빈도·회피 타이밍·회복 수단이 난이도를 결정함 | I74: 5 | J74: 모든 적 처치 및 주인공 생존 | K74: 주인공 체력 0 시 전투 시작 지점 재시작 | L74: 3분 40초 | M74: 첫 패턴은 느리게 재생하고 회복 아이템 자동 지급 | N74: =N73+(IFERROR(VALUE(LEFT(L74,FIND("분",L74)-1))*60,0)+IFERROR(VALUE(TRIM(MID(L74,IFERROR(FIND("분",L74),0)+1,FIND("초",L74)-IFERROR(FIND("분",L74),0)-1))),0))/86400 -> 0.082291667 | O74: 3-D | 도심 구조 임무 | P74: =P73+13 -> 483 | Q74: 13 | R74: =$Q$3*P74*P74+$R$3*P74 -> 7071.12 | S74: =R74/V74 -> #DIV/0! | T74: 5 | U74: =T74*V74 -> 0 | W74: 구조·전투 목표 50 / 시민·파티 피해 25 / 피격·자원 15 / 시간 10 | X74: =ROUND($X74*1,0) -> 100 | Y74: =ROUND(X74*0.8,0) -> 80 | Z74: =X74*0.6 -> 60 | AA74: =X74*0.5 -> 50 | AB74: 0.0091435185 | AC74: =$AD74*1.5 -> 0.013715278 | AD74: =$AD74 -> 0.0091435185 | AE74: =$AD74*0.75 -> 0.0068576389
A75: 3 | 재난 대응 | B75: 71 | C75: 1 | D75: 7 | E75: 구조 임무 완료 보고하기 | F75: 완료 정보와 새로 발견한 사실 중 무엇을 보고해야 하는지 구분해야 함 | G75: 임무 결과·인원·특이사항을 확인하고 구조 인원과 현장 상태를 순서대로 보고함 | H75: 2/10 – 보고 항목 수·정보 분산 정도가 난이도를 결정함 | I75: 2 | J75: 필수 보고 항목 모두 선택 | K75: 누락 항목이 있으면 보고 완료 불가 | L75: 1분 20초 | M75: 미보고 항목을 체크리스트로 표시 | N75: =N74+(IFERROR(VALUE(LEFT(L75,FIND("분",L75)-1))*60,0)+IFERROR(VALUE(TRIM(MID(L75,IFERROR(FIND("분",L75),0)+1,FIND("초",L75)-IFERROR(FIND("분",L75),0)-1))),0))/86400 -> 0.083217593 | O75: 3-D | 도심 구조 임무 | P75: =P74+6 -> 489 | Q75: 6 | R75: =$Q$3*P75*P75+$R$3*P75 -> 7246.98
A76: 3 | 재난 대응 | B76: 72 | C76: 4 | D76: 6 | E76: 시민들의 연속 부탁 처리하기 | F76: 작은 목표가 연속으로 추가되어 피로와 동선 낭비가 누적됨 | G76: 요청 위치를 묶어 처리하고 우선순위를 정해 작은 부탁이 끊임없이 추가되는 상황를 완료함 | H76: 7/10 – 요청 수·이동 거리·동시 활성 목표 수가 난이도를 결정함 | I76: 7 | J76: 필수 부탁 전부 완료 | K76: 필수 부탁을 포기하면 해당 구간 보상 감소 | L76: 4분 | M76: 비슷한 위치의 부탁을 한 묶음으로 지도에 표시 | N76: =N75+(IFERROR(VALUE(LEFT(L76,FIND("분",L76)-1))*60,0)+IFERROR(VALUE(TRIM(MID(L76,IFERROR(FIND("분",L76),0)+1,FIND("초",L76)-IFERROR(FIND("분",L76),0)-1))),0))/86400 -> 0.08599537 | O76: 3-D | 도심 구조 임무 | P76: =P75+12 -> 501 | Q76: 12 | R76: =$Q$3*P76*P76+$R$3*P76 -> 7605.18
A77: 3 | 재난 대응 | B77: 73 | C77: 1 | D77: 7 | E77: 자아 마모도 변화 확인하기 | F77: UI 변화가 서서히 나타나 원인과 의미를 알아차리기 어려움 | G77: 이전 상태와 비교하며 표정·UI 색상·독백 변화의 변화 단계를 확인함 | H77: 4/10 – 변화의 시각적 차이·설명 문구의 명확성이 난이도를 결정함 | I77: 3 | J77: 상태 안내와 독백 확인 | K77: - | L77: 1분 20초 | M77: 첫 변화 발생 시 이전·현재 상태 비교 창 제공 | N77: =N76+(IFERROR(VALUE(LEFT(L77,FIND("분",L77)-1))*60,0)+IFERROR(VALUE(TRIM(MID(L77,IFERROR(FIND("분",L77),0)+1,FIND("초",L77)-IFERROR(FIND("분",L77),0)-1))),0))/86400 -> 0.086921296 | O77: 3-D | 도심 구조 임무 | P77: =P76+6 -> 507 | Q77: 6 | R77: =$Q$3*P77*P77+$R$3*P77 -> 7787.52
A78: 3 | 재난 대응 | B78: 74 | C78: 3 | D78: 5 | E78: 다음 출동 준비하기 | F78: 장비·회복품·동료 상태를 동시에 확인해야 하며 준비 누락이 다음 임무에 영향을 줌 | G78: 체력과 보유 자원을 확인해 회복 아이템·장비·동료 상태를 기준 이상으로 맞춤 | H78: 5/10 – 확인 항목 수·인벤토리 복잡도·추천 정보가 난이도를 결정함 | I78: 5 | J78: 필수 장비 장착 및 회복품 보유 | K78: 필수 장비 미장착 시 출동 불가 | L78: 2분 | M78: 누락 항목 경고와 추천 장비 표시 | N78: =N77+(IFERROR(VALUE(LEFT(L78,FIND("분",L78)-1))*60,0)+IFERROR(VALUE(TRIM(MID(L78,IFERROR(FIND("분",L78),0)+1,FIND("초",L78)-IFERROR(FIND("분",L78),0)-1))),0))/86400 -> 0.088310185 | O78: 3-D | 도심 구조 임무 | P78: =P77+7 -> 514 | Q78: 7 | R78: =$Q$3*P78*P78+$R$3*P78 -> 8002.98
A79: 4 | 폐교 탐색 | B79: 75 | C79: 1 | D79: 7 | E79: 폐교 조사 명령 받기 | F79: 관리국의 공식 목표와 주인공이 느끼는 개인적 목적이 다름 | G79: 대화와 자료를 확인해 폐교 균열 조사와 실종자 수색의 공식 목표와 숨은 위험을 구분함 | H79: 3/10 – 목표 간 충돌 정도·브리핑 정보량이 난이도를 결정함 | I79: 2 | J79: 명령 브리핑 종료 | K79: - | L79: 1분 40초 | M79: 브리핑 종료 후 공식 목표와 개인 목표를 분리 표시 | N79: =N78+(IFERROR(VALUE(LEFT(L79,FIND("분",L79)-1))*60,0)+IFERROR(VALUE(TRIM(MID(L79,IFERROR(FIND("분",L79),0)+1,FIND("초",L79)-IFERROR(FIND("분",L79),0)-1))),0))/86400 -> 0.089467593 | O79: 4-A | 출동 준비 | P79: =P78+7 -> 521 | Q79: 7 | R79: =$Q$3*P79*P79+$R$3*P79 -> 8221.38
A80: 4 | 폐교 탐색 | B80: 76 | C80: 2 | D80: 5 | E80: 조사 장비 수령하기 | F80: 장비 칸이 제한되어 탐색과 전투 장비를 모두 챙길 수 없음 | G80: 예상 위험에 맞춰 손전등·회복품·탐지기·전투 장비 중 필수 장비를 선택함 | H80: 4/10 – 장비 후보 수·슬롯 제한·역할 중복이 난이도를 결정함 | I80: 5 | J80: 필수 장비가 포함된 상태로 준비 완료 | K80: 필수 장비 누락 시 출발 불가 | L80: 1분 40초 | M80: 장비 역할과 추천 조합 표시 | N80: =N79+(IFERROR(VALUE(LEFT(L80,FIND("분",L80)-1))*60,0)+IFERROR(VALUE(TRIM(MID(L80,IFERROR(FIND("분",L80),0)+1,FIND("초",L80)-IFERROR(FIND("분",L80),0)-1))),0))/86400 -> 0.090625 | O80: 4-A | 출동 준비 | P80: =P79+6 -> 527 | Q80: 6 | R80: =$Q$3*P80*P80+$R$3*P80 -> 8410.92
A81: 4 | 폐교 탐색 | B81: 77 | C81: 2 | D81: 5 | E81: 고등급자 파티에 합류하기 | F81: 동료마다 역할과 행동 우선순위가 달라 협력 방식을 이해해야 함 | G81: 대화를 통해 역할이 다른 고등급자 3명의 역할과 지원 조건을 확인함 | H81: 4/10 – 파티원 수·역할 차이·지원 조건 수가 난이도를 결정함 | I81: 4 | J81: 모든 파티원 소개 및 역할 확인 | K81: - | L81: 2분 | M81: 전투 UI에 역할 아이콘 고정 표시 | N81: =N80+(IFERROR(VALUE(LEFT(L81,FIND("분",L81)-1))*60,0)+IFERROR(VALUE(TRIM(MID(L81,IFERROR(FIND("분",L81),0)+1,FIND("초",L81)-IFERROR(FIND("분",L81),0)-1))),0))/86400 -> 0.092013889 | O81: 4-A | 출동 준비 | P81: =P80+7 -> 534 | Q81: 7 | R81: =$Q$3*P81*P81+$R$3*P81 -> 8634.78
A82: 4 | 폐교 탐색 | B82: 78 | C82: 3 | D82: 6 | E82: 폐교 정문에 도착하기 | F82: 목적지 주변에 잘못된 진입로와 위험 오브젝트가 배치되어 있음 | G82: 탐지기와 표지물을 확인하며 폐교 정문의 안전한 진입로로 이동함 | H82: 4/10 – 진입로 수·위험 구역 범위·탐지기 명확성이 난이도를 결정함 | I82: 1 | J82: 목적지 도착 | K82: 위험 지역 진입 후 체력 0 시 체크포인트 재시작 | L82: 2분 10초 | M82: 안전 진입로에 탐지기 반응 강화 | N82: =N81+(IFERROR(VALUE(LEFT(L82,FIND("분",L82)-1))*60,0)+IFERROR(VALUE(TRIM(MID(L82,IFERROR(FIND("분",L82),0)+1,FIND("초",L82)-IFERROR(FIND("분",L82),0)-1))),0))/86400 -> 0.093518519 | O82: 4-B | 폐교 정문 | P82: =P81+8 -> 542 | Q82: 8 | R82: =$Q$3*P82*P82+$R$3*P82 -> 8894.22
A83: 4 | 폐교 탐색 | B83: 79 | C83: 3 | D83: 6 | E83: 정문 봉인 해제하기 | F83: 여러 장치와 열쇠 조건을 올바른 순서로 충족해야 함 | G83: 주변 단서와 장치 반응을 확인해 균열 문양 4개를 순서대로 해제함 | H83: 6/10 – 단계 수·단서 위치·오답 초기화 범위가 난이도를 결정함 | I83: 4 | J83: 모든 봉인 조건 해제 | K83: 오답 입력 5회 시 장치 초기화 | L83: 2분 30초 | M83: 오답 후 잘못된 단계만 표시 | N83: =N82+(IFERROR(VALUE(LEFT(L83,FIND("분",L83)-1))*60,0)+IFERROR(VALUE(TRIM(MID(L83,IFERROR(FIND("분",L83),0)+1,FIND("초",L83)-IFERROR(FIND("분",L83),0)-1))),0))/86400 -> 0.09525463 | O83: 4-B | 폐교 정문 | P83: =P82+9 -> 551 | Q83: 9 | R83: =$Q$3*P83*P83+$R$3*P83 -> 9190.68
A84: 4 | 폐교 탐색 | B84: 80 | C84: 4 | D84: 7 | E84: 본관 1층 탐색하기 | F84: 방 구조가 반복되고 일부 길이 연결되어 현재 위치를 잃기 쉬움 | G84: 지도에 방문 구역을 표시하며 교실·교무실·복도를 한 방향으로 탐색함 | H84: 6/10 – 방 수·연결 구조·지도 정보량이 난이도를 결정함 | I84: 6 | J84: 필수 구역과 상호작용 대상 모두 확인 | K84: - | L84: 3분 30초 | M84: 방문한 문과 미방문 문을 아이콘으로 구분 | N84: =N83+(IFERROR(VALUE(LEFT(L84,FIND("분",L84)-1))*60,0)+IFERROR(VALUE(TRIM(MID(L84,IFERROR(FIND("분",L84),0)+1,FIND("초",L84)-IFERROR(FIND("분",L84),0)-1))),0))/86400 -> 0.097685185 | O84: 4-C | 폐교 본관 1층 | P84: =P83+11 -> 562 | Q84: 11 | R84: =$Q$3*P84*P84+$R$3*P84 -> 9559.62
A85: 4 | 폐교 탐색 | B85: 81 | C85: 6 | D85: 9 | E85: 환영체 회피하기 | F85: 적이 소리에 반응하고 시야 밖에서도 이동해 안전 구간을 예측하기 어려움 | G85: 적 이동 소리와 순찰 경로를 확인해 소리에 반응하는 환영체를 피하며 이동함 | H85: 7/10 – 적 감지 범위·순찰 주기·은폐물 간격이 난이도를 결정함 | I85: 5 | J85: 발각되지 않거나 추적을 끊고 종료 지점 도착 | K85: 연속 발각 3회 또는 체력 0 시 체크포인트 재시작 | L85: 3분 | M85: 실패 후 적 청각 범위 감소 | N85: =N84+(IFERROR(VALUE(LEFT(L85,FIND("분",L85)-1))*60,0)+IFERROR(VALUE(TRIM(MID(L85,IFERROR(FIND("분",L85),0)+1,FIND("초",L85)-IFERROR(FIND("분",L85),0)-1))),0))/86400 -> 0.099768519 | O85: 4-C | 폐교 본관 1층 | P85: =P84+12 -> 574 | Q85: 12 | R85: =$Q$3*P85*P85+$R$3*P85 -> 9970.38
A86: 4 | 폐교 탐색 | B86: 82 | C86: 3 | D86: 8 | E86: 교실 기억 단서 수집하기 | F86: 필수 단서가 여러 방에 흩어져 있고 일부는 환영 연출 뒤에 숨겨짐 | G86: 방문 기록과 단서 목록을 확인하며 친구의 과거를 보여주는 기억 단서 5개를 수집함 | H86: 6/10 – 단서 수·방 분산 정도·환영 연출 길이가 난이도를 결정함 | I86: 5 | J86: 필수 기억 단서 전부 수집 | K86: 단서 부족 시 다음 퍼즐 활성화 불가 | L86: 3분 20초 | M86: 미수집 단서가 있는 방에 지도 표시 | N86: =N85+(IFERROR(VALUE(LEFT(L86,FIND("분",L86)-1))*60,0)+IFERROR(VALUE(TRIM(MID(L86,IFERROR(FIND("분",L86),0)+1,FIND("초",L86)-IFERROR(FIND("분",L86),0)-1))),0))/86400 -> 0.10208333 | O86: 4-C | 폐교 본관 1층 | P86: =P85+11 -> 585 | Q86: 11 | R86: =$Q$3*P86*P86+$R$3*P86 -> 10354.5
A87: 4 | 폐교 탐색 | B87: 83 | C87: 5 | D87: 7 | E87: 컴퓨터 잠금 퍼즐 해결하기 | F87: 여러 단서를 조합해 입력 순서나 의미를 추론해야 함 | G87: 수집한 기록을 비교하고 교실 단서를 순서대로 입력하는 잠금 장치의 규칙에 맞게 단계별로 입력함 | H87: 7/10 – 단서 수·추론 단계·오답 페널티·초기화 범위가 난이도를 결정함 | I87: 4 | J87: 정답 순서 완성 | K87: 오답 누적 시 퍼즐 단계 일부 초기화 | L87: 3분 20초 | M87: 오답 3회 후 사용하지 않은 단서 강조 | N87: =N86+(IFERROR(VALUE(LEFT(L87,FIND("분",L87)-1))*60,0)+IFERROR(VALUE(TRIM(MID(L87,IFERROR(FIND("분",L87),0)+1,FIND("초",L87)-IFERROR(FIND("분",L87),0)-1))),0))/86400 -> 0.10439815 | O87: 4-C | 폐교 본관 1층 | P87: =P86+11 -> 596 | Q87: 11 | R87: =$Q$3*P87*P87+$R$3*P87 -> 10745.88
A88: 4 | 폐교 탐색 | B88: 84 | C88: 4 | D88: 7 | E88: 본관 2층으로 이동하기 | F88: 좁은 통로·어두운 조명·장애물로 이동 경로가 제한됨 | G88: 손전등과 안전한 발판을 확인하며 붕괴된 계단를 통과함 | H88: 5/10 – 통로 폭·시야 범위·장애물 간격이 난이도를 결정함 | I88: 1 | J88: 다음 층 도착 트리거 진입 | K88: 낙하 또는 장애물 피격 3회 시 구간 재시작 | L88: 1분 40초 | M88: 안전 발판 테두리와 체크포인트 제공 | N88: =N87+(IFERROR(VALUE(LEFT(L88,FIND("분",L88)-1))*60,0)+IFERROR(VALUE(TRIM(MID(L88,IFERROR(FIND("분",L88),0)+1,FIND("초",L88)-IFERROR(FIND("분",L88),0)-1))),0))/86400 -> 0.10555556 | O88: 4-D | 폐교 본관 2층 | P88: =P87+7 -> 603 | Q88: 7 | R88: =$Q$3*P88*P88+$R$3*P88 -> 10998.72
A89: 4 | 폐교 탐색 | B89: 85 | C89: 3 | D89: 8 | E89: 학교폭력 흔적 조사하기 | F89: 중요한 단서가 여러 인물과 배경 오브젝트 사이에 분산되어 있음 | G89: 시선·행동·복장·주변 오브젝트를 순서대로 확인해 낙서·찢어진 공책·잠긴 사물함의 특징을 파악함 | H89: 6/10 – 관찰 대상 수·단서의 명확성·외형 유사도가 난이도를 결정함 | I89: 6 | J89: 필수 관찰 대상 모두 조사 | K89: - | L89: 3분 10초 | M89: 필수 대상 위에 짧은 시선 유도 아이콘 표시 | N89: =N88+(IFERROR(VALUE(LEFT(L89,FIND("분",L89)-1))*60,0)+IFERROR(VALUE(TRIM(MID(L89,IFERROR(FIND("분",L89),0)+1,FIND("초",L89)-IFERROR(FIND("분",L89),0)-1))),0))/86400 -> 0.10775463 | O89: 4-D | 폐교 본관 2층 | P89: =P88+11 -> 614 | Q89: 11 | R89: =$Q$3*P89*P89+$R$3*P89 -> 11401.98
A90: 4 | 폐교 탐색 | B90: 86 | C90: 6 | D90: 7 | E90: 선택의 분기 퍼즐 해결하기 | F90: 여러 단서를 조합해 입력 순서나 의미를 추론해야 함 | G90: 수집한 기록을 비교하고 서로 다른 기억 문을 선택하는 퍼즐의 규칙에 맞게 단계별로 입력함 | H90: 8/10 – 단서 수·추론 단계·오답 페널티·초기화 범위가 난이도를 결정함 | I90: 5 | J90: 정답 순서 완성 | K90: 오답 누적 시 퍼즐 단계 일부 초기화 | L90: 4분 | M90: 오답 3회 후 사용하지 않은 단서 강조 | N90: =N89+(IFERROR(VALUE(LEFT(L90,FIND("분",L90)-1))*60,0)+IFERROR(VALUE(TRIM(MID(L90,IFERROR(FIND("분",L90),0)+1,FIND("초",L90)-IFERROR(FIND("분",L90),0)-1))),0))/86400 -> 0.11053241 | O90: 4-D | 폐교 본관 2층 | P90: =P89+13 -> 627 | Q90: 13 | R90: =$Q$3*P90*P90+$R$3*P90 -> 11887.92
A91: 4 | 폐교 탐색 | B91: 87 | C91: 4 | D91: 7 | E91: 아군 환영 구분하기 | F91: 환영이 동료의 외형과 목소리를 복제해 단순 외형만으로 구분할 수 없음 | G91: 이전 대화와 행동 습관을 비교해 동료와 똑같이 행동하는 환영을 판별함 | H91: 8/10 – 후보 수·복제 정확도·행동 단서의 명확성이 난이도를 결정함 | I91: 5 | J91: 진짜 동료 전원 선택 | K91: 환영 선택 시 전투 또는 체력 감소 발생 | L91: 3분 30초 | M91: 오답 후 구분 가능한 행동 단서 1개 표시 | N91: =N90+(IFERROR(VALUE(LEFT(L91,FIND("분",L91)-1))*60,0)+IFERROR(VALUE(TRIM(MID(L91,IFERROR(FIND("분",L91),0)+1,FIND("초",L91)-IFERROR(FIND("분",L91),0)-1))),0))/86400 -> 0.11296296 | O91: 4-D | 폐교 본관 2층 | P91: =P90+11 -> 638 | Q91: 11 | R91: =$Q$3*P91*P91+$R$3*P91 -> 12307.02 | S91: =R91/V91 -> 4102.34 | T91: 5 | U91: =T91*V91 -> 15 | V91: 3 | W91: 선택 퍼즐 35 / 환영 판별 35 / 오판·피격 20 / 시간 10 | X91: =ROUND($X91*1,0) -> 60 | Y91: =X91*0.8 -> 48 | Z91: =X91*0.6 -> 36 | AA91: =X91*0.5 -> 30 | AB91: 0.0052083333 | AC91: =$AD91*1.5 -> 0.0078125 | AD91: =$AD91 -> 0.0052083333 | AE91: =$AD91*0.75 -> 0.00390625
A92: 4 | 폐교 탐색 | B92: 88 | C92: 4 | D92: 7 | E92: 본관 3층으로 이동하기 | F92: 좁은 통로·어두운 조명·장애물로 이동 경로가 제한됨 | G92: 손전등과 안전한 발판을 확인하며 환영이 반복되는 계단를 통과함 | H92: 6/10 – 통로 폭·시야 범위·장애물 간격이 난이도를 결정함 | I92: 1 | J92: 다음 층 도착 트리거 진입 | K92: 낙하 또는 장애물 피격 3회 시 구간 재시작 | L92: 1분 50초 | M92: 안전 발판 테두리와 체크포인트 제공 | N92: =N91+(IFERROR(VALUE(LEFT(L92,FIND("분",L92)-1))*60,0)+IFERROR(VALUE(TRIM(MID(L92,IFERROR(FIND("분",L92),0)+1,FIND("초",L92)-IFERROR(FIND("분",L92),0)-1))),0))/86400 -> 0.11423611 | O92: 4-E | 폐교 본관 3층 | P92: =P91+8 -> 646 | Q92: 8 | R92: =$Q$3*P92*P92+$R$3*P92 -> 12616.38
A93: 4 | 폐교 탐색 | B93: 89 | C93: 5 | D93: 7 | E93: 친구의 목소리 추적하기 | F93: 반사음과 가짜 목소리 때문에 실제 방향을 잘못 판단할 수 있음 | G93: 소리 크기 변화와 파티원의 반응을 비교하며 복도마다 방향이 달라지는 목소리를 추적함 | H93: 7/10 – 가짜 신호 수·방향 변화 빈도·이동 거리의 차이가 난이도를 결정함 | I93: 4 | J93: 올바른 강당 방향 도착 | K93: 가짜 경로 끝에 도달하면 추가 환영 전투 발생 | L93: 3분 10초 | M93: 정체 45초 후 실제 방향의 음량을 강화 | N93: =N92+(IFERROR(VALUE(LEFT(L93,FIND("분",L93)-1))*60,0)+IFERROR(VALUE(TRIM(MID(L93,IFERROR(FIND("분",L93),0)+1,FIND("초",L93)-IFERROR(FIND("분",L93),0)-1))),0))/86400 -> 0.11643519 | O93: 4-E | 폐교 본관 3층 | P93: =P92+11 -> 657 | Q93: 11 | R93: =$Q$3*P93*P93+$R$3*P93 -> 13048.02
A94: 4 | 폐교 탐색 | B94: 90 | C94: 4 | D94: 7 | E94: 강당 열쇠 찾기 | F94: 비슷한 오브젝트와 진열대가 많아 목표 대상을 한 번에 찾기 어려움 | G94: 구역별 표지와 상품 외형을 비교하며 관리실·음악실·방송실의 열쇠 후보를 조사함 | H94: 7/10 – 후보 오브젝트 수·외형 유사도·탐색 범위가 난이도를 결정함 | I94: 6 | J94: 관리실·음악실·방송실의 열쇠 후보 발견 및 조사 완료 | K94: - | L94: 3분 30초 | M94: 30초 이상 미발견 시 목표 구역에 약한 반짝임 표시 | N94: =N93+(IFERROR(VALUE(LEFT(L94,FIND("분",L94)-1))*60,0)+IFERROR(VALUE(TRIM(MID(L94,IFERROR(FIND("분",L94),0)+1,FIND("초",L94)-IFERROR(FIND("분",L94),0)-1))),0))/86400 -> 0.11886574 | O94: 4-E | 폐교 본관 3층 | P94: =P93+11 -> 668 | Q94: 11 | R94: =$Q$3*P94*P94+$R$3*P94 -> 13486.92 | S94: =R94/V94 -> 2697.384 | T94: 5 | U94: =T94*V94 -> 25 | V94: 5 | W94: 정확한 경로 추적 40 / 열쇠 탐색 30 / 불필요 조사·힌트 20 / 시간 10 | X94: 40 | Y94: =X94*0.8 -> 32 | Z94: =X94*0.6 -> 24 | AA94: =X94*0.5 -> 20 | AB94: 0.0046296296 | AC94: =$AD94*1.35 -> 0.00625 | AD94: =$AD94 -> 0.0046296296 | AE94: =$AD94*0.8 -> 0.0037037037
A95: 4 | 폐교 탐색 | B95: 91 | C95: 2 | D95: 8 | E95: 강당에 진입하기 | F95: 여러 장치와 열쇠 조건을 올바른 순서로 충족해야 함 | G95: 주변 단서와 장치 반응을 확인해 봉인된 강당 출입문를 순서대로 해제함 | H95: 5/10 – 단계 수·단서 위치·오답 초기화 범위가 난이도를 결정함 | I95: 2 | J95: 모든 봉인 조건 해제 | K95: 오답 입력 5회 시 장치 초기화 | L95: 1분 20초 | M95: 오답 후 잘못된 단계만 표시 | N95: =N94+(IFERROR(VALUE(LEFT(L95,FIND("분",L95)-1))*60,0)+IFERROR(VALUE(TRIM(MID(L95,IFERROR(FIND("분",L95),0)+1,FIND("초",L95)-IFERROR(FIND("분",L95),0)-1))),0))/86400 -> 0.11979167 | O95: 4-E | 폐교 본관 3층 | P95: =P94+7 -> 675 | Q95: 7 | R95: =$Q$3*P95*P95+$R$3*P95 -> 13770
A96: 4 | 폐교 탐색 | B96: 92 | C96: 8 | D96: 10 | E96: 괴물형 보스 1페이즈 공략하기 | F96: 넓은 공격 범위와 소환 패턴이 겹쳐 이동 공간이 빠르게 줄어듦 | G96: 공격 예고를 보고 안전 구역으로 이동한 뒤 소환체부터 제거하며 친구의 괴물형 보스를 공략함 | H96: 9/10 – 패턴 수·공격 범위·소환체 수·안전 구역 크기가 난이도를 결정함 | I96: 8 | J96: 보스 체력 50% 이하 도달 | K96: 주인공 또는 필수 동료 전멸 시 페이즈 재시작 | L96: 5분 | M96: 3회 실패 후 공격 예고 시간 증가 | N96: =N95+(IFERROR(VALUE(LEFT(L96,FIND("분",L96)-1))*60,0)+IFERROR(VALUE(TRIM(MID(L96,IFERROR(FIND("분",L96),0)+1,FIND("초",L96)-IFERROR(FIND("분",L96),0)-1))),0))/86400 -> 0.12326389 | O96: 4-F | 폐교 강당·보스전 | P96: =P95+17 -> 692 | Q96: 17 | R96: =$Q$3*P96*P96+$R$3*P96 -> 14469.72 | S96: =R96/V96 -> 14469.72 | T96: 300 | U96: =T96*V96 -> 300 | V96: 1
A97: 4 | 폐교 탐색 | B97: 93 | C97: 8 | D97: 10 | E97: 기억 개입 패턴 공략하기 | F97: 가짜 기억과 실제 전투 화면이 겹쳐 입력 대상과 회피 방향을 혼동함 | G97: 기억 속 모순 단서를 찾아 가짜 기억을 강제로 재생하는 패턴를 끊고 실제 공격 타이밍에 회피함 | H97: 9/10 – 동시 정보량·모순 단서 수·입력 제한시간이 난이도를 결정함 | I97: 6 | J97: 기억 개입 패턴 전부 해제 | K97: 오답 선택 누적 시 죄책감 수치와 피격 위험 증가 | L97: 4분 20초 | M97: 실패 후 모순 단서 노출 시간을 늘림 | N97: =N96+(IFERROR(VALUE(LEFT(L97,FIND("분",L97)-1))*60,0)+IFERROR(VALUE(TRIM(MID(L97,IFERROR(FIND("분",L97),0)+1,FIND("초",L97)-IFERROR(FIND("분",L97),0)-1))),0))/86400 -> 0.12627315 | O97: 4-F | 폐교 강당·보스전 | P97: =P96+15 -> 707 | Q97: 15 | R97: =$Q$3*P97*P97+$R$3*P97 -> 15101.52 | S97: =R97/V97 -> 5033.84 | T97: 10 | U97: =T97*V97 -> 30 | V97: 3
A98: 4 | 폐교 탐색 | B98: 94 | C98: 9 | D98: 10 | E98: 인간형 보스 2페이즈 공략하기 | F98: 빠른 공격과 선택 강요 패턴이 연속으로 이어져 회복할 시간이 부족함 | G98: 거리 유지와 방어를 우선하고 선택 패턴이 끝난 직후 빠른 근접 공격과 선택 강요 패턴를 공격함 | H98: 10/10 – 공격 속도·연속 패턴 수·회복 가능 시간·선택 제한시간이 난이도를 결정함 | I98: 9 | J98: 보스 체력 0 또는 인간형 상태 해제 | K98: 파티 전멸 시 2페이즈 시작 지점 재시작 | L98: 5분 40초 | M98: 반복 실패 시 회복 아이템 1개 추가 | N98: =N97+(IFERROR(VALUE(LEFT(L98,FIND("분",L98)-1))*60,0)+IFERROR(VALUE(TRIM(MID(L98,IFERROR(FIND("분",L98),0)+1,FIND("초",L98)-IFERROR(FIND("분",L98),0)-1))),0))/86400 -> 0.13020833 | O98: 4-F | 폐교 강당·보스전 | P98: =P97+18 -> 725 | Q98: 18 | R98: =$Q$3*P98*P98+$R$3*P98 -> 15877.5 | S98: =R98/V98 -> 15877.5 | T98: 320 | U98: =T98*V98 -> 320 | V98: 1
A99: 4 | 폐교 탐색 | B99: 95 | C99: 10 | D99: 10 | E99: 죄책감 축적 패턴 버티기 | F99: 공격 회피만으로 해결되지 않고 이전 선택에 따라 누적 수치가 달라짐 | G99: 안전 행동을 유지하고 올바른 기억 선택으로 피격보다 선택 실패로 쌓이는 죄책감의 누적을 낮춤 | H99: 9/10 – 누적 속도·감소 수단·제한시간·체력 회복량이 난이도를 결정함 | I99: 6 | J99: 제한시간 동안 생존하고 죄책감 수치 기준 이하 유지 | K99: 죄책감 최대치 또는 체력 0 시 재시작 | L99: 3분 50초 | M99: 누적 수치가 높을 때 감소 가능한 선택을 강조 | N99: =N98+(IFERROR(VALUE(LEFT(L99,FIND("분",L99)-1))*60,0)+IFERROR(VALUE(TRIM(MID(L99,IFERROR(FIND("분",L99),0)+1,FIND("초",L99)-IFERROR(FIND("분",L99),0)-1))),0))/86400 -> 0.13287037 | O99: 4-F | 폐교 강당·보스전 | P99: =P98+15 -> 740 | Q99: 15 | R99: =$Q$3*P99*P99+$R$3*P99 -> 16539 | S99: =R99/V99 -> 5513 | T99: 15 | U99: =T99*V99 -> 45 | V99: 3
A100: 4 | 폐교 탐색 | B100: 96 | C100: 7 | D100: 10 | E100: 친구에게 다가가기 | F100: 보스가 공격을 멈추더라도 잔류 패턴과 화면 왜곡이 계속됨 | G100: 잔류 공격 사이의 빈틈을 이용해 공격을 멈춘 친구에게 단계적으로 접근함 | H100: 8/10 – 잔류 패턴 수·안전 구간 길이·필요 접근 횟수가 난이도를 결정함 | I100: 5 | J100: 보스 앞 상호작용 지점 도착 | K100: 잔류 공격에 4회 피격 시 구간 재시작 | L100: 2분 20초 | M100: 접근 실패 후 안전 지점 표시 | N100: =N99+(IFERROR(VALUE(LEFT(L100,FIND("분",L100)-1))*60,0)+IFERROR(VALUE(TRIM(MID(L100,IFERROR(FIND("분",L100),0)+1,FIND("초",L100)-IFERROR(FIND("분",L100),0)-1))),0))/86400 -> 0.13449074 | O100: 4-F | 폐교 강당·보스전 | P100: =P99+11 -> 751 | Q100: 11 | R100: =$Q$3*P100*P100+$R$3*P100 -> 17032.68
...

Sheet 밸런스 팩터
B2: 밸런스 팩터
B4: 게임 「넌 착해!」의 플레이 경험에 영향을 주는 주요 조정 요소를 원형으로 정리
B70: 큰 원은 플레이 전반에 미치는 영향이 큰 핵심 팩터이며, 작은 원은 장면·미션 단위에서 조정하는 세부 팩터임

Sheet 작성 기준
A1: 밸런스 문서 작성 기준
A3: 항목 | B3: 작성 방식 | C3: 값/형식 | D3: 우리 게임 적용 기준
A4: 조작난이도 | B4: 플레이어가 실제 입력을 수행할 때 느끼는 손 조작의 어려움 | C4: 1~10 숫자 | D4: 1은 단순 확인·대화, 10은 빠른 보스 패턴과 복합 입력
A5: 재미율 | B5: 기획자가 해당 구간이 이 정도로 재미있기를 기대하며 정하는 정성적 목표값 | C5: 1~10 숫자 | D5: 탐색·긴장·감정·반전·성취를 모두 포함하며 실제 테스트값이 아님
A6: 컨텐츠 제시순서 | B6: 게임 시작부터 엔딩까지 해금되는 모든 플레이 내용을 순서대로 기록 | C6: 1부터 연속 넘버링 | D6: UI 미션뿐 아니라 이동·조사·대화·전투·업적성 행동·연출 확인까지 포함
A7: 미션 | B7: 제목만 읽어도 플레이어가 무엇을 해야 하는지 보이도록 작성 | C7: 행동형 제목 | D7: 예: 신상 과자 진열대 찾기, 균열 괴물과 첫 전투 치르기
A8: 방해요소 | B8: 목표를 바로 달성하지 못하게 만드는 맵·NPC·시간·정보·전투 요소 | C8: 구체적 서술 | D8: 비슷한 후보, 넓은 탐색 범위, 제한시간, 시야 차단, 감정적 압박 등
A9: 방해요소 공략 | B9: 방해요소를 해결하기 위해 플레이어가 관찰·판단·조작해야 하는 내용 | C9: 구체적 플레이 절차 | D9: 이 표에서 가장 핵심적인 항목으로 작성
A10: 방해요인의 난이도 | B10: 관찰·판단·공략의 어려움과 그 난이도를 만드는 요인을 함께 기록 | C10: 숫자/10 + 원인 설명 | D10: 후보 수, 맵 크기, 속도 차이, 제한시간, 패턴 수 등
A11: 미션개수 | B11: 해당 행의 목표를 완료하기 위해 필요한 행동·대상·단계의 수 | C11: 정수 | D11: 수거 8개, 단서 5개, 대화 1회, 보스 패턴 6회 등
A12: 성공 미션조건 | B12: 시스템이 완료를 판정할 수 있는 명확한 조건 | C12: 구체적 판정 조건 | D12: 목표 수량 달성, 트리거 진입, 보스 체력 0 등
A13: 실패 미션조건 | B13: 실패가 존재하는 경우 재시작·페널티가 발생하는 조건 | C13: 구체적 판정 조건 또는 실패 없음 | D13: 추격 거리 초과, 체력 0, 제한시간 종료, 오답 누적 등
A14: 예상 플레이타임 | B14: 초회 플레이어가 해당 콘텐츠를 완료하는 데 걸릴 것으로 예상하는 시간 | C14: 초/분 | D14: 이동거리·미션개수·대사량·재시도 가능성을 함께 고려
... A18: 문서 범위 | B18: 게임 시작부터 엔딩까지 모든 콘텐츠를 작성 | C18: 최소 50개 이상 | D18: 현재 문서에는 총 119개 콘텐츠를 기록

Sheet 밸런스 곡선
A1: 전체 밸런스 곡선 요약
A3: 총 콘텐츠 수 | B3: 119 | C3: 평균 조작난이도 | D3: =AVERAGE('밸런스 문서'!C5:C123) -> 2.907563 | E3: 평균 재미율 | F3: =AVERAGE('밸런스 문서'!D5:D123) -> 7.2857143 | G3: 최고 조작난이도 | H3: =MAX('밸런스 문서'!C5:C123) -> 10 | I3: 최고 재미율 | J3: =MAX('밸런스 문서'!D5:D123) -> 10
A5: 구간 | B5: 콘텐츠 수 | C5: 평균 조작난이도 | D5: 평균 재미율 | E5: 최고 방해요인 난이도
A6: Q1 동생 심부름 | B6: 25 | C6: =AVERAGE('밸런스 문서'!C5:C29) -> 1.76 | D6: =AVERAGE('밸런스 문서'!D5:D29) -> 5.48 | E6: 6
A7: Q2 공원 청소 | B7: 23 | C7: =AVERAGE('밸런스 문서'!C30:C52) -> 1.7826087 | D7: =AVERAGE('밸런스 문서'!D30:D52) -> 6.1304348 | E7: 7
A8: Q3 재난 대응과 영웅화 | B8: 26 | C8: =AVERAGE('밸런스 문서'!C53:C78) -> 3.1538462 | D8: =AVERAGE('밸런스 문서'!D53:D78) -> 7.7307692 | E8: 7
A9: Q4 폐교 보스 | B9: 26 | C9: =AVERAGE('밸런스 문서'!C79:C104) -> 4.3461538 | D9: =AVERAGE('밸런스 문서'!D79:D104) -> 7.8846154 | E9: 10
A10: Q5 균열 탐색과 결말 | B10: 19 | C10: =AVERAGE('밸런스 문서'!C105:C123) -> 3.4736842 | D10: =AVERAGE('밸런스 문서'!D105:D123) -> 9.6315789 | E10: 10
A14: 컨텐츠 제시순서 | B14: 조작난이도 | C14: 재미율
A15: 1 | B15: 1 | C15: 7
A16: 2 | B16: 1 | C16: 4
A17: 3 | B17: 1 | C17: 5
A18: 4 | B18: 1 | C18: 4
A19: 5 | B19: 1 | C19: 4
A20: 6 | B20: 1 | C20: 5
A21: 7 | B21: 2 | C21: 5
A22: 8 | B22: 2 | C22: 6
A23: 9 | B23: 1 | C23: 5
A24: 10 | B24: 1 | C24: 6
A25: 11 | B25: 2 | C25: 5
A26: 12 | B26: 2 | C26: 6
... A133: 119 | B133: 1 | C133: 9
